product_id,handle,title,before_html,after_html
4719051604057,career-jersey-bourque-01-cjcjh30020,Ray Bourque Autographed Career Jersey,"<p>This licensed Boston Bruins jersey has been personally autographed by Ray Bourque and is guaranteed authentic. Every item we sell is sourced directly from the player, from official signings, from exclusive distributors, or from autographs certified by recognized third-party authenticators. This piece ships with a numbered Certificate of Authenticity and a tamper-proof, uniquely coded hologram, backed by our 100% Authenticity Guarantee.</p>
<p><strong>Sizing:</strong> This jersey comes in size L or XL. As a high-end signed collectible, it's intended for display rather than everyday wear. If you have questions about the size before ordering, contact us at info@autographauthentic.com.</p>
<p><strong>Packaging &amp; shipping:</strong> Handling typically takes 1–5 business days, and orders typically ship within 7 business days. As an autographed collectible, some orders can take a few additional weeks if the piece is being framed, the jersey is being sewn together, or we're waiting on a celebrity signing — we’ll keep you updated if that applies to your order. See our Shipping Policy for full details.</p>
<p>Photos shown are our catalogue images.</p>","<p>This licensed Boston Bruins jersey has been personally autographed by Ray Bourque and is guaranteed authentic. Every item we sell is sourced directly from the player, from official signings, from exclusive distributors, or from autographs certified by recognized third-party authenticators. This piece ships with a numbered Certificate of Authenticity and a tamper-proof, uniquely coded hologram, backed by our 100% Authenticity Guarantee.</p>
<p><strong>Sizing:</strong> This jersey comes in size L or XL. As a high-end signed collectible, it's intended for display rather than everyday wear. If you have questions about the size before ordering, contact us at info@autographauthentic.com.</p>
<p><strong>Packaging &amp; shipping:</strong> Handling typically takes 1 to 5 business days, and orders typically ship within 7 business days. As an autographed collectible, some orders can take a few additional weeks if the piece is being framed, the jersey is being sewn together, or we're waiting on a celebrity signing, we’ll keep you updated if that applies to your order. See our Shipping Policy for full details.</p>
<p>Photos shown are our catalogue images.</p>"
4719075524697,career-jersey-hull-red-01-cjcjh30001,Bobby Hull Chicago Blackhawks Career Jersey /399,"<p>This licensed Chicago Blackhawks jersey has been personally autographed by Bobby Hull and is guaranteed authentic. Every item we sell is sourced directly from the player, from official signings, from exclusive distributors, or from autographs certified by recognized third-party authenticators. This piece ships with a numbered Certificate of Authenticity and a tamper-proof, uniquely coded hologram, backed by our 100% Authenticity Guarantee.</p>
<p><strong>Sizing:</strong> This jersey comes in size L or XL. As a high-end signed collectible, it's intended for display rather than everyday wear. If you have questions about the size before ordering, contact us at info@autographauthentic.com.</p>
<p><strong>Packaging &amp; shipping:</strong> Handling typically takes 1–5 business days, and orders typically ship within 7 business days. As an autographed collectible, some orders can take a few additional weeks if the piece is being framed, the jersey is being sewn together, or we're waiting on a celebrity signing — we’ll keep you updated if that applies to your order. See our Shipping Policy for full details.</p>
<p>Photos shown are our catalogue images.</p>","<p>This licensed Chicago Blackhawks jersey has been personally autographed by Bobby Hull and is guaranteed authentic. Every item we sell is sourced directly from the player, from official signings, from exclusive distributors, or from autographs certified by recognized third-party authenticators. This piece ships with a numbered Certificate of Authenticity and a tamper-proof, uniquely coded hologram, backed by our 100% Authenticity Guarantee.</p>
<p><strong>Sizing:</strong> This jersey comes in size L or XL. As a high-end signed collectible, it's intended for display rather than everyday wear. If you have questions about the size before ordering, contact us at info@autographauthentic.com.</p>
<p><strong>Packaging &amp; shipping:</strong> Handling typically takes 1 to 5 business days, and orders typically ship within 7 business days. As an autographed collectible, some orders can take a few additional weeks if the piece is being framed, the jersey is being sewn together, or we're waiting on a celebrity signing, we’ll keep you updated if that applies to your order. See our Shipping Policy for full details.</p>
<p>Photos shown are our catalogue images.</p>"
4719076278361,career-jersey-lafleur-01-cjcjh30008,Guy Lafleur Montreal Canadiens Career Jersey /299,"<p>This licensed Montreal Canadiens jersey has been personally autographed by Guy Lafleur and is guaranteed authentic. Every item we sell is sourced directly from the player, from official signings, from exclusive distributors, or from autographs certified by recognized third-party authenticators. This piece ships with a numbered Certificate of Authenticity and a tamper-proof, uniquely coded hologram, backed by our 100% Authenticity Guarantee.</p>
<p><strong>Sizing:</strong> This jersey comes in size L or XL. As a high-end signed collectible, it's intended for display rather than everyday wear. If you have questions about the size before ordering, contact us at info@autographauthentic.com.</p>
<p><strong>Packaging &amp; shipping:</strong> Handling typically takes 1–5 business days, and orders typically ship within 7 business days. As an autographed collectible, some orders can take a few additional weeks if the piece is being framed, the jersey is being sewn together, or we're waiting on a celebrity signing — we’ll keep you updated if that applies to your order. See our Shipping Policy for full details.</p>
<p>Photos shown are our catalogue images.</p>","<p>This licensed Montreal Canadiens jersey has been personally autographed by Guy Lafleur and is guaranteed authentic. Every item we sell is sourced directly from the player, from official signings, from exclusive distributors, or from autographs certified by recognized third-party authenticators. This piece ships with a numbered Certificate of Authenticity and a tamper-proof, uniquely coded hologram, backed by our 100% Authenticity Guarantee.</p>
<p><strong>Sizing:</strong> This jersey comes in size L or XL. As a high-end signed collectible, it's intended for display rather than everyday wear. If you have questions about the size before ordering, contact us at info@autographauthentic.com.</p>
<p><strong>Packaging &amp; shipping:</strong> Handling typically takes 1 to 5 business days, and orders typically ship within 7 business days. As an autographed collectible, some orders can take a few additional weeks if the piece is being framed, the jersey is being sewn together, or we're waiting on a celebrity signing, we’ll keep you updated if that applies to your order. See our Shipping Policy for full details.</p>
<p>Photos shown are our catalogue images.</p>"
4719076507737,career-jersey-lemieux-01-cjcjh30014,Mario Lemieux Pittsburgh Penguins Career Jersey /166,"<p>This licensed Pittsburgh Penguins jersey has been personally autographed by Mario Lemieux and is guaranteed authentic. Every item we sell is sourced directly from the player, from official signings, from exclusive distributors, or from autographs certified by recognized third-party authenticators. This piece ships with a numbered Certificate of Authenticity and a tamper-proof, uniquely coded hologram, backed by our 100% Authenticity Guarantee.</p>
<p><strong>Sizing:</strong> This jersey comes in size L or XL. As a high-end signed collectible, it's intended for display rather than everyday wear. If you have questions about the size before ordering, contact us at info@autographauthentic.com.</p>
<p><strong>Packaging &amp; shipping:</strong> Handling typically takes 1–5 business days, and orders typically ship within 7 business days. As an autographed collectible, some orders can take a few additional weeks if the piece is being framed, the jersey is being sewn together, or we're waiting on a celebrity signing — we’ll keep you updated if that applies to your order. See our Shipping Policy for full details.</p>
<p>Photos shown are our catalogue images.</p>","<p>This licensed Pittsburgh Penguins jersey has been personally autographed by Mario Lemieux and is guaranteed authentic. Every item we sell is sourced directly from the player, from official signings, from exclusive distributors, or from autographs certified by recognized third-party authenticators. This piece ships with a numbered Certificate of Authenticity and a tamper-proof, uniquely coded hologram, backed by our 100% Authenticity Guarantee.</p>
<p><strong>Sizing:</strong> This jersey comes in size L or XL. As a high-end signed collectible, it's intended for display rather than everyday wear. If you have questions about the size before ordering, contact us at info@autographauthentic.com.</p>
<p><strong>Packaging &amp; shipping:</strong> Handling typically takes 1 to 5 business days, and orders typically ship within 7 business days. As an autographed collectible, some orders can take a few additional weeks if the piece is being framed, the jersey is being sewn together, or we're waiting on a celebrity signing, we’ll keep you updated if that applies to your order. See our Shipping Policy for full details.</p>
<p>Photos shown are our catalogue images.</p>"
4719077458009,career-jersey-lindros-01-cjcjh30500,Eric Lindros Philadelphia Flyers Career Jersey /188,"<p>This licensed Philadelphia Flyers jersey has been personally autographed by Eric Lindros and is guaranteed authentic. Every item we sell is sourced directly from the player, from official signings, from exclusive distributors, or from autographs certified by recognized third-party authenticators. This piece ships with a numbered Certificate of Authenticity and a tamper-proof, uniquely coded hologram, backed by our 100% Authenticity Guarantee.</p>
<p><strong>Sizing:</strong> This jersey comes in size L or XL. As a high-end signed collectible, it's intended for display rather than everyday wear. If you have questions about the size before ordering, contact us at info@autographauthentic.com.</p>
<p><strong>Packaging &amp; shipping:</strong> Handling typically takes 1–5 business days, and orders typically ship within 7 business days. As an autographed collectible, some orders can take a few additional weeks if the piece is being framed, the jersey is being sewn together, or we're waiting on a celebrity signing — we’ll keep you updated if that applies to your order. See our Shipping Policy for full details.</p>
<p>Photos shown are our catalogue images.</p>","<p>This licensed Philadelphia Flyers jersey has been personally autographed by Eric Lindros and is guaranteed authentic. Every item we sell is sourced directly from the player, from official signings, from exclusive distributors, or from autographs certified by recognized third-party authenticators. This piece ships with a numbered Certificate of Authenticity and a tamper-proof, uniquely coded hologram, backed by our 100% Authenticity Guarantee.</p>
<p><strong>Sizing:</strong> This jersey comes in size L or XL. As a high-end signed collectible, it's intended for display rather than everyday wear. If you have questions about the size before ordering, contact us at info@autographauthentic.com.</p>
<p><strong>Packaging &amp; shipping:</strong> Handling typically takes 1 to 5 business days, and orders typically ship within 7 business days. As an autographed collectible, some orders can take a few additional weeks if the piece is being framed, the jersey is being sewn together, or we're waiting on a celebrity signing, we’ll keep you updated if that applies to your order. See our Shipping Policy for full details.</p>
<p>Photos shown are our catalogue images.</p>"
4719079653465,career-jersey-pavel-bure-01-cjcjh31249,Pavel Bure Vancouver Canucks Career Jersey /199,"<p>This licensed Vancouver Canucks jersey has been personally autographed by Pavel Bure and is guaranteed authentic. Every item we sell is sourced directly from the player, from official signings, from exclusive distributors, or from autographs certified by recognized third-party authenticators. This piece ships with a numbered Certificate of Authenticity and a tamper-proof, uniquely coded hologram, backed by our 100% Authenticity Guarantee.</p>
<p><strong>Sizing:</strong> This jersey comes in size L or XL. As a high-end signed collectible, it's intended for display rather than everyday wear. If you have questions about the size before ordering, contact us at info@autographauthentic.com.</p>
<p><strong>Packaging &amp; shipping:</strong> Handling typically takes 1–5 business days, and orders typically ship within 7 business days. As an autographed collectible, some orders can take a few additional weeks if the piece is being framed, the jersey is being sewn together, or we're waiting on a celebrity signing — we’ll keep you updated if that applies to your order. See our Shipping Policy for full details.</p>
<p>Photos shown are our catalogue images.</p>","<p>This licensed Vancouver Canucks jersey has been personally autographed by Pavel Bure and is guaranteed authentic. Every item we sell is sourced directly from the player, from official signings, from exclusive distributors, or from autographs certified by recognized third-party authenticators. This piece ships with a numbered Certificate of Authenticity and a tamper-proof, uniquely coded hologram, backed by our 100% Authenticity Guarantee.</p>
<p><strong>Sizing:</strong> This jersey comes in size L or XL. As a high-end signed collectible, it's intended for display rather than everyday wear. If you have questions about the size before ordering, contact us at info@autographauthentic.com.</p>
<p><strong>Packaging &amp; shipping:</strong> Handling typically takes 1 to 5 business days, and orders typically ship within 7 business days. As an autographed collectible, some orders can take a few additional weeks if the piece is being framed, the jersey is being sewn together, or we're waiting on a celebrity signing, we’ll keep you updated if that applies to your order. See our Shipping Policy for full details.</p>
<p>Photos shown are our catalogue images.</p>"
4719081193561,career-jersey-yzerman-01-cjcjh30021,Steve Yzerman Autographed Career Jersey,"<p>This licensed Detroit Red Wings jersey has been personally autographed by Steve Yzerman and is guaranteed authentic. Every item we sell is sourced directly from the player, from official signings, from exclusive distributors, or from autographs certified by recognized third-party authenticators. This piece ships with a numbered Certificate of Authenticity and a tamper-proof, uniquely coded hologram, backed by our 100% Authenticity Guarantee.</p>
<p><strong>Sizing:</strong> This jersey comes in size L or XL. As a high-end signed collectible, it's intended for display rather than everyday wear. If you have questions about the size before ordering, contact us at info@autographauthentic.com.</p>
<p><strong>Packaging &amp; shipping:</strong> Handling typically takes 1–5 business days, and orders typically ship within 7 business days. As an autographed collectible, some orders can take a few additional weeks if the piece is being framed, the jersey is being sewn together, or we're waiting on a celebrity signing — we’ll keep you updated if that applies to your order. See our Shipping Policy for full details.</p>
<p>Photos shown are our catalogue images.</p>","<p>This licensed Detroit Red Wings jersey has been personally autographed by Steve Yzerman and is guaranteed authentic. Every item we sell is sourced directly from the player, from official signings, from exclusive distributors, or from autographs certified by recognized third-party authenticators. This piece ships with a numbered Certificate of Authenticity and a tamper-proof, uniquely coded hologram, backed by our 100% Authenticity Guarantee.</p>
<p><strong>Sizing:</strong> This jersey comes in size L or XL. As a high-end signed collectible, it's intended for display rather than everyday wear. If you have questions about the size before ordering, contact us at info@autographauthentic.com.</p>
<p><strong>Packaging &amp; shipping:</strong> Handling typically takes 1 to 5 business days, and orders typically ship within 7 business days. As an autographed collectible, some orders can take a few additional weeks if the piece is being framed, the jersey is being sewn together, or we're waiting on a celebrity signing, we’ll keep you updated if that applies to your order. See our Shipping Policy for full details.</p>
<p>Photos shown are our catalogue images.</p>"
4719092236377,framed-art-led-zeppelin-aug-1969-toronto-rockpile-concert-site-poster-framed-anon-100-t-aaapm32455,Led Zeppelin Aug 1969 Toronto Rockpile Concert Poster (33.5x23.5),"<p>Legendary rock band Led Zeppelin played two shows on August 18, 1969 in the small friendly confines of the famed Rockpile on Yonge St. Tickets were as low as $4. The Rockpile was located on Yonge Street at Davenport in Toronto. This re-issue concert site poster has been museum style framed and mated. This museum framed textured  print  measures 33.5 x 23.5 inches.</p><p>Photos shown are our catalogue images.</p>","<p>Legendary rock band Led Zeppelin played two shows on August 18, 1969 in the small friendly confines of the famed Rockpile on Yonge St. Tickets were as low as $4. The Rockpile was located on Yonge Street at Davenport in Toronto. This re-issue concert site poster has been museum style framed and mated. This museum framed textured print measures 33.5 x 23.5 inches.</p><p>Photos shown are our catalogue images.</p>"
4719093678169,framed-art-the-beatles-live-at-maple-leaf-gardens-1966-framed-toronto-anon-102-t-aaapm32457,The Beatles Maple Leaf Gardens 1966 Framed Photo (33.5x23.5),"<p>The sixth date of The Beatles' final tour took place at the Maple Leaf Gardens, Toronto. It was their only Canadian stop on the tour. Two concerts took place. The first took place at 4pm and was seen by 15,000 people, and the second began at 8pm and was attended by 17,000. This re-issue concert site poster has been museum style framed and matted to commemorate that historic day. This museum framed textured  print  measures 33.5 x 23.5 inches.</p><p>Photos shown are our catalogue images.</p>","<p>The sixth date of The Beatles' final tour took place at the Maple Leaf Gardens, Toronto. It was their only Canadian stop on the tour. Two concerts took place. The first took place at 4pm and was seen by 15,000 people, and the second began at 8pm and was attended by 17,000. This re-issue concert site poster has been museum style framed and matted to commemorate that historic day. This museum framed textured print measures 33.5 x 23.5 inches.</p><p>Photos shown are our catalogue images.</p>"
4719093743705,framed-art-the-beatles-vintage-framed-at-the-eiffel-tower-paris-anon-101-t-aaapm32456,The Beatles at the Eiffel Tower Framed Canvas (33.5x23.5),"<p>The Beatles were formed in Liverpool in 1960 who became the most commercially successful and critically acclaimed act in the history of popular music. The Beatles have had more number-one albums on the British charts and sold more singles in the UK than any other act. According to the RIAA, as of 2012 they have sold 177 million units in the US, more than any other artist. In 2008, they topped Billboard magazine's list of the all-time most successful ""Hot 100"" artists. As of 2012, they hold the record for most number-one hits on the Hot 100 chart with 20. Collectively included in Time magazine's compilation of the 20th century's 100 most influential people, they are the best-selling band in history, with EMI Records estimating sales of over one billion units. This museum framed textured  print  measures 33.5 x 23.5 inches.</p><p>Photos shown are our catalogue images.</p>","<p>The Beatles were formed in Liverpool in 1960 who became the most commercially successful and critically acclaimed act in the history of popular music. The Beatles have had more number-one albums on the British charts and sold more singles in the UK than any other act. According to the RIAA, as of 2012 they have sold 177 million units in the US, more than any other artist. In 2008, they topped Billboard magazine's list of the all-time most successful ""Hot 100"" artists. As of 2012, they hold the record for most number-one hits on the Hot 100 chart with 20. Collectively included in Time magazine's compilation of the 20th century's 100 most influential people, they are the best-selling band in history, with EMI Records estimating sales of over one billion units. This museum framed textured print measures 33.5 x 23.5 inches.</p><p>Photos shown are our catalogue images.</p>"
4719100428377,framed-cardset-tml-last-ticket-aacmh30207,Johnny Bower Signed Toronto Maple Leafs Gardens Last Set /99,<p>A true piece of hockey history; this collectible is a limited edition and numbered out of 99. The replica Last Season Ticket Set represents one ticket for every game of the closing season of The Toronto Maple Leaf Gardens.  The final game ticket has been autographed by Johnny Bower. This item is matted and ready-to-frame. This item is 40 x 32 inches.</p><p></p><p>Photos shown are our catalogue images.</p>,<p>A true piece of hockey history; this collectible is a limited edition and numbered out of 99. The replica Last Season Ticket Set represents one ticket for every game of the closing season of The Toronto Maple Leaf Gardens. The final game ticket has been autographed by Johnny Bower. This item is matted and ready-to-frame. This item is 40 x 32 inches.</p><p></p><p>Photos shown are our catalogue images.</p>
4719105998937,framed-photo-hull-cup-1961-ltd161-aacmh30451,Bobby Hull Autographed 1961 Stanley Cup Double Photo (27x18),"<p>This double photo features Bobby Hull with his 1961 Stanley Cup &amp; the 1961 Chicago Blackhawks Stanley Cup champions. A limited edition, numbered out of 161 in existence. The item is hand signed and beautifully presented in a museum quality frame, measures 33 x 24 inches.  It comes with a Certificate of Authenticity and Hologram.</p><p></p><p>Photos shown are our catalogue images.</p>","<p>This double photo features Bobby Hull with his 1961 Stanley Cup &amp; the 1961 Chicago Blackhawks Stanley Cup champions. A limited edition, numbered out of 161 in existence. The item is hand signed and beautifully presented in a museum quality frame, measures 33 x 24 inches. It comes with a Certificate of Authenticity and Hologram.</p><p></p><p>Photos shown are our catalogue images.</p>"
4719109406809,jersey-beliveau-white-montreal-01-aaajh32389,Jean Beliveau Autographed Montreal Canadiens White Jersey,"<p>This licensed Montreal Canadiens White jersey has been personally autographed by Jean Beliveau and is guaranteed authentic. Every item we sell is sourced directly from the player, from official signings, from exclusive distributors, or from autographs certified by recognized third-party authenticators. This piece ships with a numbered Certificate of Authenticity and a tamper-proof, uniquely coded hologram, backed by our 100% Authenticity Guarantee.</p>
<p><strong>Sizing:</strong> This jersey comes in size L or XL. As a high-end signed collectible, it's intended for display rather than everyday wear. If you have questions about the size before ordering, contact us at info@autographauthentic.com.</p>
<p><strong>Packaging &amp; shipping:</strong> Handling typically takes 1–5 business days, and orders typically ship within 7 business days. As an autographed collectible, some orders can take a few additional weeks if the piece is being framed, the jersey is being sewn together, or we're waiting on a celebrity signing — we’ll keep you updated if that applies to your order. See our Shipping Policy for full details.</p>
<p>Photos shown are our catalogue images.</p>","<p>This licensed Montreal Canadiens White jersey has been personally autographed by Jean Beliveau and is guaranteed authentic. Every item we sell is sourced directly from the player, from official signings, from exclusive distributors, or from autographs certified by recognized third-party authenticators. This piece ships with a numbered Certificate of Authenticity and a tamper-proof, uniquely coded hologram, backed by our 100% Authenticity Guarantee.</p>
<p><strong>Sizing:</strong> This jersey comes in size L or XL. As a high-end signed collectible, it's intended for display rather than everyday wear. If you have questions about the size before ordering, contact us at info@autographauthentic.com.</p>
<p><strong>Packaging &amp; shipping:</strong> Handling typically takes 1 to 5 business days, and orders typically ship within 7 business days. As an autographed collectible, some orders can take a few additional weeks if the piece is being framed, the jersey is being sewn together, or we're waiting on a celebrity signing, we’ll keep you updated if that applies to your order. See our Shipping Policy for full details.</p>
<p>Photos shown are our catalogue images.</p>"
4719110062169,jersey-bourque-boston-white-aaajh31022,Raymond Bourque Autographed Boston Bruins White Jersey,"<p>This licensed Boston Bruins White jersey has been personally autographed by Raymond Bourque and is guaranteed authentic. Every item we sell is sourced directly from the player, from official signings, from exclusive distributors, or from autographs certified by recognized third-party authenticators. This piece ships with a numbered Certificate of Authenticity and a tamper-proof, uniquely coded hologram, backed by our 100% Authenticity Guarantee.</p>
<p><strong>Sizing:</strong> This jersey comes in size L or XL. As a high-end signed collectible, it's intended for display rather than everyday wear. If you have questions about the size before ordering, contact us at info@autographauthentic.com.</p>
<p><strong>Packaging &amp; shipping:</strong> Handling typically takes 1–5 business days, and orders typically ship within 7 business days. As an autographed collectible, some orders can take a few additional weeks if the piece is being framed, the jersey is being sewn together, or we're waiting on a celebrity signing — we’ll keep you updated if that applies to your order. See our Shipping Policy for full details.</p>
<p>Photos shown are our catalogue images.</p>","<p>This licensed Boston Bruins White jersey has been personally autographed by Raymond Bourque and is guaranteed authentic. Every item we sell is sourced directly from the player, from official signings, from exclusive distributors, or from autographs certified by recognized third-party authenticators. This piece ships with a numbered Certificate of Authenticity and a tamper-proof, uniquely coded hologram, backed by our 100% Authenticity Guarantee.</p>
<p><strong>Sizing:</strong> This jersey comes in size L or XL. As a high-end signed collectible, it's intended for display rather than everyday wear. If you have questions about the size before ordering, contact us at info@autographauthentic.com.</p>
<p><strong>Packaging &amp; shipping:</strong> Handling typically takes 1 to 5 business days, and orders typically ship within 7 business days. As an autographed collectible, some orders can take a few additional weeks if the piece is being framed, the jersey is being sewn together, or we're waiting on a celebrity signing, we’ll keep you updated if that applies to your order. See our Shipping Policy for full details.</p>
<p>Photos shown are our catalogue images.</p>"
4719110160473,jersey-bower-blue-tml-01-aaajh30129,Johnny Bower Autographed Toronto Maple Leafs Blue Jersey,"<p>This licensed Toronto Maple Leafs Blue jersey has been personally autographed by Johnny Bower and is guaranteed authentic. Every item we sell is sourced directly from the player, from official signings, from exclusive distributors, or from autographs certified by recognized third-party authenticators. This piece ships with a numbered Certificate of Authenticity and a tamper-proof, uniquely coded hologram, backed by our 100% Authenticity Guarantee.</p>
<p><strong>Sizing:</strong> This jersey comes in size L or XL. As a high-end signed collectible, it's intended for display rather than everyday wear. If you have questions about the size before ordering, contact us at info@autographauthentic.com.</p>
<p><strong>Packaging &amp; shipping:</strong> Handling typically takes 1–5 business days, and orders typically ship within 7 business days. As an autographed collectible, some orders can take a few additional weeks if the piece is being framed, the jersey is being sewn together, or we're waiting on a celebrity signing — we’ll keep you updated if that applies to your order. See our Shipping Policy for full details.</p>
<p>Photos shown are our catalogue images.</p>","<p>This licensed Toronto Maple Leafs Blue jersey has been personally autographed by Johnny Bower and is guaranteed authentic. Every item we sell is sourced directly from the player, from official signings, from exclusive distributors, or from autographs certified by recognized third-party authenticators. This piece ships with a numbered Certificate of Authenticity and a tamper-proof, uniquely coded hologram, backed by our 100% Authenticity Guarantee.</p>
<p><strong>Sizing:</strong> This jersey comes in size L or XL. As a high-end signed collectible, it's intended for display rather than everyday wear. If you have questions about the size before ordering, contact us at info@autographauthentic.com.</p>
<p><strong>Packaging &amp; shipping:</strong> Handling typically takes 1 to 5 business days, and orders typically ship within 7 business days. As an autographed collectible, some orders can take a few additional weeks if the piece is being framed, the jersey is being sewn together, or we're waiting on a celebrity signing, we’ll keep you updated if that applies to your order. See our Shipping Policy for full details.</p>
<p>Photos shown are our catalogue images.</p>"
4719110389849,jersey-bure-black-ccm-01-aaajh31231,Pavel Bure Autographed Vancouver Canucks Retro Black Jersey,"<p>This licensed Vancouver Canucks jersey has been personally autographed by Pavel Bure and is guaranteed authentic. Every item we sell is sourced directly from the player, from official signings, from exclusive distributors, or from autographs certified by recognized third-party authenticators. This piece ships with a numbered Certificate of Authenticity and a tamper-proof, uniquely coded hologram, backed by our 100% Authenticity Guarantee.</p>
<p><strong>Sizing:</strong> This jersey comes in size L or XL. As a high-end signed collectible, it's intended for display rather than everyday wear. If you have questions about the size before ordering, contact us at info@autographauthentic.com.</p>
<p><strong>Packaging &amp; shipping:</strong> Handling typically takes 1–5 business days, and orders typically ship within 7 business days. As an autographed collectible, some orders can take a few additional weeks if the piece is being framed, the jersey is being sewn together, or we're waiting on a celebrity signing — we’ll keep you updated if that applies to your order. See our Shipping Policy for full details.</p>
<p>Photos shown are our catalogue images.</p>","<p>This licensed Vancouver Canucks jersey has been personally autographed by Pavel Bure and is guaranteed authentic. Every item we sell is sourced directly from the player, from official signings, from exclusive distributors, or from autographs certified by recognized third-party authenticators. This piece ships with a numbered Certificate of Authenticity and a tamper-proof, uniquely coded hologram, backed by our 100% Authenticity Guarantee.</p>
<p><strong>Sizing:</strong> This jersey comes in size L or XL. As a high-end signed collectible, it's intended for display rather than everyday wear. If you have questions about the size before ordering, contact us at info@autographauthentic.com.</p>
<p><strong>Packaging &amp; shipping:</strong> Handling typically takes 1 to 5 business days, and orders typically ship within 7 business days. As an autographed collectible, some orders can take a few additional weeks if the piece is being framed, the jersey is being sewn together, or we're waiting on a celebrity signing, we’ll keep you updated if that applies to your order. See our Shipping Policy for full details.</p>
<p>Photos shown are our catalogue images.</p>"
4719110553689,jersey-clark-tml-blue-back-aaajh30142,Wendel Clark Autographed Toronto Maple Leafs Blue Jersey,"<p>This licensed Toronto Maple Leafs Blue jersey has been personally autographed by Wendel Clark and is guaranteed authentic. Every item we sell is sourced directly from the player, from official signings, from exclusive distributors, or from autographs certified by recognized third-party authenticators. This piece ships with a numbered Certificate of Authenticity and a tamper-proof, uniquely coded hologram, backed by our 100% Authenticity Guarantee.</p>
<p><strong>Sizing:</strong> This jersey comes in size L or XL. As a high-end signed collectible, it's intended for display rather than everyday wear. If you have questions about the size before ordering, contact us at info@autographauthentic.com.</p>
<p><strong>Packaging &amp; shipping:</strong> Handling typically takes 1–5 business days, and orders typically ship within 7 business days. As an autographed collectible, some orders can take a few additional weeks if the piece is being framed, the jersey is being sewn together, or we're waiting on a celebrity signing — we’ll keep you updated if that applies to your order. See our Shipping Policy for full details.</p>
<p>Photos shown are our catalogue images.</p>","<p>This licensed Toronto Maple Leafs Blue jersey has been personally autographed by Wendel Clark and is guaranteed authentic. Every item we sell is sourced directly from the player, from official signings, from exclusive distributors, or from autographs certified by recognized third-party authenticators. This piece ships with a numbered Certificate of Authenticity and a tamper-proof, uniquely coded hologram, backed by our 100% Authenticity Guarantee.</p>
<p><strong>Sizing:</strong> This jersey comes in size L or XL. As a high-end signed collectible, it's intended for display rather than everyday wear. If you have questions about the size before ordering, contact us at info@autographauthentic.com.</p>
<p><strong>Packaging &amp; shipping:</strong> Handling typically takes 1 to 5 business days, and orders typically ship within 7 business days. As an autographed collectible, some orders can take a few additional weeks if the piece is being framed, the jersey is being sewn together, or we're waiting on a celebrity signing, we’ll keep you updated if that applies to your order. See our Shipping Policy for full details.</p>
<p>Photos shown are our catalogue images.</p>"
4719110783065,jersey-darryl-sittler-toronto-maple-leafs-blue-aaajh32107,Darryl Sittler Autographed Toronto Maple Leafs Blue Jersey,"<p>This licensed Toronto Maple Leafs Blue jersey has been personally autographed by Darryl Sittler and is guaranteed authentic. Every item we sell is sourced directly from the player, from official signings, from exclusive distributors, or from autographs certified by recognized third-party authenticators. This piece ships with a numbered Certificate of Authenticity and a tamper-proof, uniquely coded hologram, backed by our 100% Authenticity Guarantee.</p>
<p><strong>Sizing:</strong> This jersey comes in size L or XL. As a high-end signed collectible, it's intended for display rather than everyday wear. If you have questions about the size before ordering, contact us at info@autographauthentic.com.</p>
<p><strong>Packaging &amp; shipping:</strong> Handling typically takes 1–5 business days, and orders typically ship within 7 business days. As an autographed collectible, some orders can take a few additional weeks if the piece is being framed, the jersey is being sewn together, or we're waiting on a celebrity signing — we’ll keep you updated if that applies to your order. See our Shipping Policy for full details.</p>
<p>Photos shown are our catalogue images.</p>","<p>This licensed Toronto Maple Leafs Blue jersey has been personally autographed by Darryl Sittler and is guaranteed authentic. Every item we sell is sourced directly from the player, from official signings, from exclusive distributors, or from autographs certified by recognized third-party authenticators. This piece ships with a numbered Certificate of Authenticity and a tamper-proof, uniquely coded hologram, backed by our 100% Authenticity Guarantee.</p>
<p><strong>Sizing:</strong> This jersey comes in size L or XL. As a high-end signed collectible, it's intended for display rather than everyday wear. If you have questions about the size before ordering, contact us at info@autographauthentic.com.</p>
<p><strong>Packaging &amp; shipping:</strong> Handling typically takes 1 to 5 business days, and orders typically ship within 7 business days. As an autographed collectible, some orders can take a few additional weeks if the piece is being framed, the jersey is being sewn together, or we're waiting on a celebrity signing, we’ll keep you updated if that applies to your order. See our Shipping Policy for full details.</p>
<p>Photos shown are our catalogue images.</p>"
4719110881369,jersey-dave-keon-toronto-maple-leafs-blue-aaajh32106,Dave Keon Autographed Toronto Maple Leafs Blue Jersey,"<p>This licensed Toronto Maple Leafs Blue jersey has been personally autographed by Dave Keon and is guaranteed authentic. Every item we sell is sourced directly from the player, from official signings, from exclusive distributors, or from autographs certified by recognized third-party authenticators. This piece ships with a numbered Certificate of Authenticity and a tamper-proof, uniquely coded hologram, backed by our 100% Authenticity Guarantee.</p>
<p><strong>Sizing:</strong> This jersey comes in size L or XL. As a high-end signed collectible, it's intended for display rather than everyday wear. If you have questions about the size before ordering, contact us at info@autographauthentic.com.</p>
<p><strong>Packaging &amp; shipping:</strong> Handling typically takes 1–5 business days, and orders typically ship within 7 business days. As an autographed collectible, some orders can take a few additional weeks if the piece is being framed, the jersey is being sewn together, or we're waiting on a celebrity signing — we’ll keep you updated if that applies to your order. See our Shipping Policy for full details.</p>
<p>Photos shown are our catalogue images.</p>","<p>This licensed Toronto Maple Leafs Blue jersey has been personally autographed by Dave Keon and is guaranteed authentic. Every item we sell is sourced directly from the player, from official signings, from exclusive distributors, or from autographs certified by recognized third-party authenticators. This piece ships with a numbered Certificate of Authenticity and a tamper-proof, uniquely coded hologram, backed by our 100% Authenticity Guarantee.</p>
<p><strong>Sizing:</strong> This jersey comes in size L or XL. As a high-end signed collectible, it's intended for display rather than everyday wear. If you have questions about the size before ordering, contact us at info@autographauthentic.com.</p>
<p><strong>Packaging &amp; shipping:</strong> Handling typically takes 1 to 5 business days, and orders typically ship within 7 business days. As an autographed collectible, some orders can take a few additional weeks if the piece is being framed, the jersey is being sewn together, or we're waiting on a celebrity signing, we’ll keep you updated if that applies to your order. See our Shipping Policy for full details.</p>
<p>Photos shown are our catalogue images.</p>"
4719111110745,jersey-fleury-calgary-01-aaajh30138,Theoren Fleury Autographed Calgary Flames Jersey,"<p>This licensed Calgary Flames jersey has been personally autographed by Theoren Fleury and is guaranteed authentic. Every item we sell is sourced directly from the player, from official signings, from exclusive distributors, or from autographs certified by recognized third-party authenticators. This piece ships with a numbered Certificate of Authenticity and a tamper-proof, uniquely coded hologram, backed by our 100% Authenticity Guarantee.</p>
<p><strong>Sizing:</strong> This jersey comes in size L or XL. As a high-end signed collectible, it's intended for display rather than everyday wear. If you have questions about the size before ordering, contact us at info@autographauthentic.com.</p>
<p><strong>Packaging &amp; shipping:</strong> Handling typically takes 1–5 business days, and orders typically ship within 7 business days. As an autographed collectible, some orders can take a few additional weeks if the piece is being framed, the jersey is being sewn together, or we're waiting on a celebrity signing — we’ll keep you updated if that applies to your order. See our Shipping Policy for full details.</p>
<p>Photos shown are our catalogue images.</p>","<p>This licensed Calgary Flames jersey has been personally autographed by Theoren Fleury and is guaranteed authentic. Every item we sell is sourced directly from the player, from official signings, from exclusive distributors, or from autographs certified by recognized third-party authenticators. This piece ships with a numbered Certificate of Authenticity and a tamper-proof, uniquely coded hologram, backed by our 100% Authenticity Guarantee.</p>
<p><strong>Sizing:</strong> This jersey comes in size L or XL. As a high-end signed collectible, it's intended for display rather than everyday wear. If you have questions about the size before ordering, contact us at info@autographauthentic.com.</p>
<p><strong>Packaging &amp; shipping:</strong> Handling typically takes 1 to 5 business days, and orders typically ship within 7 business days. As an autographed collectible, some orders can take a few additional weeks if the piece is being framed, the jersey is being sewn together, or we're waiting on a celebrity signing, we’ll keep you updated if that applies to your order. See our Shipping Policy for full details.</p>
<p>Photos shown are our catalogue images.</p>"
4719111274585,jersey-gilmour-toronto-blue-signed-aaajh30117,Doug Gilmour Autographed Toronto Maple Leafs Blue Jersey,"<p>This licensed Toronto Maple Leafs Blue jersey has been personally autographed by Doug Gilmour and is guaranteed authentic. Every item we sell is sourced directly from the player, from official signings, from exclusive distributors, or from autographs certified by recognized third-party authenticators. This piece ships with a numbered Certificate of Authenticity and a tamper-proof, uniquely coded hologram, backed by our 100% Authenticity Guarantee.</p>
<p><strong>Sizing:</strong> This jersey comes in size L or XL. As a high-end signed collectible, it's intended for display rather than everyday wear. If you have questions about the size before ordering, contact us at info@autographauthentic.com.</p>
<p><strong>Packaging &amp; shipping:</strong> Handling typically takes 1–5 business days, and orders typically ship within 7 business days. As an autographed collectible, some orders can take a few additional weeks if the piece is being framed, the jersey is being sewn together, or we're waiting on a celebrity signing — we’ll keep you updated if that applies to your order. See our Shipping Policy for full details.</p>
<p>Photos shown are our catalogue images.</p>","<p>This licensed Toronto Maple Leafs Blue jersey has been personally autographed by Doug Gilmour and is guaranteed authentic. Every item we sell is sourced directly from the player, from official signings, from exclusive distributors, or from autographs certified by recognized third-party authenticators. This piece ships with a numbered Certificate of Authenticity and a tamper-proof, uniquely coded hologram, backed by our 100% Authenticity Guarantee.</p>
<p><strong>Sizing:</strong> This jersey comes in size L or XL. As a high-end signed collectible, it's intended for display rather than everyday wear. If you have questions about the size before ordering, contact us at info@autographauthentic.com.</p>
<p><strong>Packaging &amp; shipping:</strong> Handling typically takes 1 to 5 business days, and orders typically ship within 7 business days. As an autographed collectible, some orders can take a few additional weeks if the piece is being framed, the jersey is being sewn together, or we're waiting on a celebrity signing, we’ll keep you updated if that applies to your order. See our Shipping Policy for full details.</p>
<p>Photos shown are our catalogue images.</p>"
4719111405657,jersey-gilmour-toronto-white-01-aaajh31091,Doug Gilmour Autographed Toronto Maple Leafs White Jersey,"<p>This licensed Toronto Maple Leafs White jersey has been personally autographed by Doug Gilmour and is guaranteed authentic. Every item we sell is sourced directly from the player, from official signings, from exclusive distributors, or from autographs certified by recognized third-party authenticators. This piece ships with a numbered Certificate of Authenticity and a tamper-proof, uniquely coded hologram, backed by our 100% Authenticity Guarantee.</p>
<p><strong>Sizing:</strong> This jersey comes in size L or XL. As a high-end signed collectible, it's intended for display rather than everyday wear. If you have questions about the size before ordering, contact us at info@autographauthentic.com.</p>
<p><strong>Packaging &amp; shipping:</strong> Handling typically takes 1–5 business days, and orders typically ship within 7 business days. As an autographed collectible, some orders can take a few additional weeks if the piece is being framed, the jersey is being sewn together, or we're waiting on a celebrity signing — we’ll keep you updated if that applies to your order. See our Shipping Policy for full details.</p>
<p>Photos shown are our catalogue images.</p>","<p>This licensed Toronto Maple Leafs White jersey has been personally autographed by Doug Gilmour and is guaranteed authentic. Every item we sell is sourced directly from the player, from official signings, from exclusive distributors, or from autographs certified by recognized third-party authenticators. This piece ships with a numbered Certificate of Authenticity and a tamper-proof, uniquely coded hologram, backed by our 100% Authenticity Guarantee.</p>
<p><strong>Sizing:</strong> This jersey comes in size L or XL. As a high-end signed collectible, it's intended for display rather than everyday wear. If you have questions about the size before ordering, contact us at info@autographauthentic.com.</p>
<p><strong>Packaging &amp; shipping:</strong> Handling typically takes 1 to 5 business days, and orders typically ship within 7 business days. As an autographed collectible, some orders can take a few additional weeks if the piece is being framed, the jersey is being sewn together, or we're waiting on a celebrity signing, we’ll keep you updated if that applies to your order. See our Shipping Policy for full details.</p>
<p>Photos shown are our catalogue images.</p>"
4719111667801,jersey-henderson-red-01-aaajh30516,Paul Henderson Team Canada Autographed 1972 Summit Jersey Red,"<p>This licensed Team Canada jersey has been personally autographed by Paul Henderson and is guaranteed authentic. Every item we sell is sourced directly from the player, from official signings, from exclusive distributors, or from autographs certified by recognized third-party authenticators. This piece ships with a numbered Certificate of Authenticity and a tamper-proof, uniquely coded hologram, backed by our 100% Authenticity Guarantee.</p>
<p><strong>Sizing:</strong> This jersey comes in size L or XL. As a high-end signed collectible, it's intended for display rather than everyday wear. If you have questions about the size before ordering, contact us at info@autographauthentic.com.</p>
<p><strong>Packaging &amp; shipping:</strong> Handling typically takes 1–5 business days, and orders typically ship within 7 business days. As an autographed collectible, some orders can take a few additional weeks if the piece is being framed, the jersey is being sewn together, or we're waiting on a celebrity signing — we’ll keep you updated if that applies to your order. See our Shipping Policy for full details.</p>
<p>Photos shown are our catalogue images.</p>","<p>This licensed Team Canada jersey has been personally autographed by Paul Henderson and is guaranteed authentic. Every item we sell is sourced directly from the player, from official signings, from exclusive distributors, or from autographs certified by recognized third-party authenticators. This piece ships with a numbered Certificate of Authenticity and a tamper-proof, uniquely coded hologram, backed by our 100% Authenticity Guarantee.</p>
<p><strong>Sizing:</strong> This jersey comes in size L or XL. As a high-end signed collectible, it's intended for display rather than everyday wear. If you have questions about the size before ordering, contact us at info@autographauthentic.com.</p>
<p><strong>Packaging &amp; shipping:</strong> Handling typically takes 1 to 5 business days, and orders typically ship within 7 business days. As an autographed collectible, some orders can take a few additional weeks if the piece is being framed, the jersey is being sewn together, or we're waiting on a celebrity signing, we’ll keep you updated if that applies to your order. See our Shipping Policy for full details.</p>
<p>Photos shown are our catalogue images.</p>"
4719111700569,jersey-henderson-white-01-aaajh30517,Paul Henderson Team Canada Autographed 1972 Summit Jersey White,"<p>This licensed Team Canada jersey has been personally autographed by Paul Henderson and is guaranteed authentic. Every item we sell is sourced directly from the player, from official signings, from exclusive distributors, or from autographs certified by recognized third-party authenticators. This piece ships with a numbered Certificate of Authenticity and a tamper-proof, uniquely coded hologram, backed by our 100% Authenticity Guarantee.</p>
<p><strong>Sizing:</strong> This jersey comes in size L or XL. As a high-end signed collectible, it's intended for display rather than everyday wear. If you have questions about the size before ordering, contact us at info@autographauthentic.com.</p>
<p><strong>Packaging &amp; shipping:</strong> Handling typically takes 1–5 business days, and orders typically ship within 7 business days. As an autographed collectible, some orders can take a few additional weeks if the piece is being framed, the jersey is being sewn together, or we're waiting on a celebrity signing — we’ll keep you updated if that applies to your order. See our Shipping Policy for full details.</p>
<p>Photos shown are our catalogue images.</p>","<p>This licensed Team Canada jersey has been personally autographed by Paul Henderson and is guaranteed authentic. Every item we sell is sourced directly from the player, from official signings, from exclusive distributors, or from autographs certified by recognized third-party authenticators. This piece ships with a numbered Certificate of Authenticity and a tamper-proof, uniquely coded hologram, backed by our 100% Authenticity Guarantee.</p>
<p><strong>Sizing:</strong> This jersey comes in size L or XL. As a high-end signed collectible, it's intended for display rather than everyday wear. If you have questions about the size before ordering, contact us at info@autographauthentic.com.</p>
<p><strong>Packaging &amp; shipping:</strong> Handling typically takes 1 to 5 business days, and orders typically ship within 7 business days. As an autographed collectible, some orders can take a few additional weeks if the piece is being framed, the jersey is being sewn together, or we're waiting on a celebrity signing, we’ll keep you updated if that applies to your order. See our Shipping Policy for full details.</p>
<p>Photos shown are our catalogue images.</p>"
4719111831641,jersey-hrichard-red-montreal-01-aaajh30127,Henri Richard Autographed Montreal Canadiens Red Jersey,"<p>This licensed Montreal Canadiens Red jersey has been personally autographed by Henri Richard and is guaranteed authentic. Every item we sell is sourced directly from the player, from official signings, from exclusive distributors, or from autographs certified by recognized third-party authenticators. This piece ships with a numbered Certificate of Authenticity and a tamper-proof, uniquely coded hologram, backed by our 100% Authenticity Guarantee.</p>
<p><strong>Sizing:</strong> This jersey comes in size L or XL. As a high-end signed collectible, it's intended for display rather than everyday wear. If you have questions about the size before ordering, contact us at info@autographauthentic.com.</p>
<p><strong>Packaging &amp; shipping:</strong> Handling typically takes 1–5 business days, and orders typically ship within 7 business days. As an autographed collectible, some orders can take a few additional weeks if the piece is being framed, the jersey is being sewn together, or we're waiting on a celebrity signing — we’ll keep you updated if that applies to your order. See our Shipping Policy for full details.</p>
<p>Photos shown are our catalogue images.</p>","<p>This licensed Montreal Canadiens Red jersey has been personally autographed by Henri Richard and is guaranteed authentic. Every item we sell is sourced directly from the player, from official signings, from exclusive distributors, or from autographs certified by recognized third-party authenticators. This piece ships with a numbered Certificate of Authenticity and a tamper-proof, uniquely coded hologram, backed by our 100% Authenticity Guarantee.</p>
<p><strong>Sizing:</strong> This jersey comes in size L or XL. As a high-end signed collectible, it's intended for display rather than everyday wear. If you have questions about the size before ordering, contact us at info@autographauthentic.com.</p>
<p><strong>Packaging &amp; shipping:</strong> Handling typically takes 1 to 5 business days, and orders typically ship within 7 business days. As an autographed collectible, some orders can take a few additional weeks if the piece is being framed, the jersey is being sewn together, or we're waiting on a celebrity signing, we’ll keep you updated if that applies to your order. See our Shipping Policy for full details.</p>
<p>Photos shown are our catalogue images.</p>"
4719112028249,jersey-hull-red-chicago-01-aaajh30111,Bobby Hull Autographed Chicago Blackhawks Red Jersey,"<p>This licensed Chicago Blackhawks Red jersey has been personally autographed by Bobby Hull and is guaranteed authentic. Every item we sell is sourced directly from the player, from official signings, from exclusive distributors, or from autographs certified by recognized third-party authenticators. This piece ships with a numbered Certificate of Authenticity and a tamper-proof, uniquely coded hologram, backed by our 100% Authenticity Guarantee.</p>
<p><strong>Sizing:</strong> This jersey comes in size L or XL. As a high-end signed collectible, it's intended for display rather than everyday wear. If you have questions about the size before ordering, contact us at info@autographauthentic.com.</p>
<p><strong>Packaging &amp; shipping:</strong> Handling typically takes 1–5 business days, and orders typically ship within 7 business days. As an autographed collectible, some orders can take a few additional weeks if the piece is being framed, the jersey is being sewn together, or we're waiting on a celebrity signing — we’ll keep you updated if that applies to your order. See our Shipping Policy for full details.</p>
<p>Photos shown are our catalogue images.</p>","<p>This licensed Chicago Blackhawks Red jersey has been personally autographed by Bobby Hull and is guaranteed authentic. Every item we sell is sourced directly from the player, from official signings, from exclusive distributors, or from autographs certified by recognized third-party authenticators. This piece ships with a numbered Certificate of Authenticity and a tamper-proof, uniquely coded hologram, backed by our 100% Authenticity Guarantee.</p>
<p><strong>Sizing:</strong> This jersey comes in size L or XL. As a high-end signed collectible, it's intended for display rather than everyday wear. If you have questions about the size before ordering, contact us at info@autographauthentic.com.</p>
<p><strong>Packaging &amp; shipping:</strong> Handling typically takes 1 to 5 business days, and orders typically ship within 7 business days. As an autographed collectible, some orders can take a few additional weeks if the piece is being framed, the jersey is being sewn together, or we're waiting on a celebrity signing, we’ll keep you updated if that applies to your order. See our Shipping Policy for full details.</p>
<p>Photos shown are our catalogue images.</p>"
4719112126553,jersey-hull-red-chicago-number-7-aaajh32310,Bobby Hull Autographed Chicago Blackhawks Red Jersey #7,"<p>This licensed Chicago Blackhawks Red jersey has been personally autographed by Bobby Hull and is guaranteed authentic. Every item we sell is sourced directly from the player, from official signings, from exclusive distributors, or from autographs certified by recognized third-party authenticators. This piece ships with a numbered Certificate of Authenticity and a tamper-proof, uniquely coded hologram, backed by our 100% Authenticity Guarantee.</p>
<p><strong>Sizing:</strong> This jersey comes in size L or XL. As a high-end signed collectible, it's intended for display rather than everyday wear. If you have questions about the size before ordering, contact us at info@autographauthentic.com.</p>
<p><strong>Packaging &amp; shipping:</strong> Handling typically takes 1–5 business days, and orders typically ship within 7 business days. As an autographed collectible, some orders can take a few additional weeks if the piece is being framed, the jersey is being sewn together, or we're waiting on a celebrity signing — we’ll keep you updated if that applies to your order. See our Shipping Policy for full details.</p>
<p>Photos shown are our catalogue images.</p>","<p>This licensed Chicago Blackhawks Red jersey has been personally autographed by Bobby Hull and is guaranteed authentic. Every item we sell is sourced directly from the player, from official signings, from exclusive distributors, or from autographs certified by recognized third-party authenticators. This piece ships with a numbered Certificate of Authenticity and a tamper-proof, uniquely coded hologram, backed by our 100% Authenticity Guarantee.</p>
<p><strong>Sizing:</strong> This jersey comes in size L or XL. As a high-end signed collectible, it's intended for display rather than everyday wear. If you have questions about the size before ordering, contact us at info@autographauthentic.com.</p>
<p><strong>Packaging &amp; shipping:</strong> Handling typically takes 1 to 5 business days, and orders typically ship within 7 business days. As an autographed collectible, some orders can take a few additional weeks if the piece is being framed, the jersey is being sewn together, or we're waiting on a celebrity signing, we’ll keep you updated if that applies to your order. See our Shipping Policy for full details.</p>
<p>Photos shown are our catalogue images.</p>"
4719112388697,jersey-hull-team-canada-aaajh32391,Bobby Hull Autographed Team Canada Red Jersey,"<p>This licensed Team Canada Red jersey has been personally autographed by Bobby Hull and is guaranteed authentic. Every item we sell is sourced directly from the player, from official signings, from exclusive distributors, or from autographs certified by recognized third-party authenticators. This piece ships with a numbered Certificate of Authenticity and a tamper-proof, uniquely coded hologram, backed by our 100% Authenticity Guarantee.</p>
<p><strong>Sizing:</strong> This jersey comes in size L or XL. As a high-end signed collectible, it's intended for display rather than everyday wear. If you have questions about the size before ordering, contact us at info@autographauthentic.com.</p>
<p><strong>Packaging &amp; shipping:</strong> Handling typically takes 1–5 business days, and orders typically ship within 7 business days. As an autographed collectible, some orders can take a few additional weeks if the piece is being framed, the jersey is being sewn together, or we're waiting on a celebrity signing — we’ll keep you updated if that applies to your order. See our Shipping Policy for full details.</p>
<p>Photos shown are our catalogue images.</p>","<p>This licensed Team Canada Red jersey has been personally autographed by Bobby Hull and is guaranteed authentic. Every item we sell is sourced directly from the player, from official signings, from exclusive distributors, or from autographs certified by recognized third-party authenticators. This piece ships with a numbered Certificate of Authenticity and a tamper-proof, uniquely coded hologram, backed by our 100% Authenticity Guarantee.</p>
<p><strong>Sizing:</strong> This jersey comes in size L or XL. As a high-end signed collectible, it's intended for display rather than everyday wear. If you have questions about the size before ordering, contact us at info@autographauthentic.com.</p>
<p><strong>Packaging &amp; shipping:</strong> Handling typically takes 1 to 5 business days, and orders typically ship within 7 business days. As an autographed collectible, some orders can take a few additional weeks if the piece is being framed, the jersey is being sewn together, or we're waiting on a celebrity signing, we’ll keep you updated if that applies to your order. See our Shipping Policy for full details.</p>
<p>Photos shown are our catalogue images.</p>"
4719112454233,jersey-hull-white-chicago-01-aaajh30113,Bobby Hull Autographed Chicago Blackhawks White Jersey,"<p>This licensed Chicago Blackhawks White jersey has been personally autographed by Bobby Hull and is guaranteed authentic. Every item we sell is sourced directly from the player, from official signings, from exclusive distributors, or from autographs certified by recognized third-party authenticators. This piece ships with a numbered Certificate of Authenticity and a tamper-proof, uniquely coded hologram, backed by our 100% Authenticity Guarantee.</p>
<p><strong>Sizing:</strong> This jersey comes in size L or XL. As a high-end signed collectible, it's intended for display rather than everyday wear. If you have questions about the size before ordering, contact us at info@autographauthentic.com.</p>
<p><strong>Packaging &amp; shipping:</strong> Handling typically takes 1–5 business days, and orders typically ship within 7 business days. As an autographed collectible, some orders can take a few additional weeks if the piece is being framed, the jersey is being sewn together, or we're waiting on a celebrity signing — we’ll keep you updated if that applies to your order. See our Shipping Policy for full details.</p>
<p>Photos shown are our catalogue images.</p>","<p>This licensed Chicago Blackhawks White jersey has been personally autographed by Bobby Hull and is guaranteed authentic. Every item we sell is sourced directly from the player, from official signings, from exclusive distributors, or from autographs certified by recognized third-party authenticators. This piece ships with a numbered Certificate of Authenticity and a tamper-proof, uniquely coded hologram, backed by our 100% Authenticity Guarantee.</p>
<p><strong>Sizing:</strong> This jersey comes in size L or XL. As a high-end signed collectible, it's intended for display rather than everyday wear. If you have questions about the size before ordering, contact us at info@autographauthentic.com.</p>
<p><strong>Packaging &amp; shipping:</strong> Handling typically takes 1 to 5 business days, and orders typically ship within 7 business days. As an autographed collectible, some orders can take a few additional weeks if the piece is being framed, the jersey is being sewn together, or we're waiting on a celebrity signing, we’ll keep you updated if that applies to your order. See our Shipping Policy for full details.</p>
<p>Photos shown are our catalogue images.</p>"
4719112487001,jersey-jarome-iginla-calgary-flames-aaajh32575,Jarome Iginla Signed Calgary Flames Red Jersey HHOF 2020,"<p>This licensed Calgary Flames Red jersey has been personally autographed by Jarome Iginla and is guaranteed authentic. Every item we sell is sourced directly from the player, from official signings, from exclusive distributors, or from autographs certified by recognized third-party authenticators. This piece ships with a numbered Certificate of Authenticity and a tamper-proof, uniquely coded hologram, backed by our 100% Authenticity Guarantee.</p>
<p><strong>Sizing:</strong> This jersey comes in size L or XL. As a high-end signed collectible, it's intended for display rather than everyday wear. If you have questions about the size before ordering, contact us at info@autographauthentic.com.</p>
<p><strong>Packaging &amp; shipping:</strong> Handling typically takes 1–5 business days, and orders typically ship within 7 business days. As an autographed collectible, some orders can take a few additional weeks if the piece is being framed, the jersey is being sewn together, or we're waiting on a celebrity signing — we’ll keep you updated if that applies to your order. See our Shipping Policy for full details.</p>
<p>Photos shown are our catalogue images.</p>","<p>This licensed Calgary Flames Red jersey has been personally autographed by Jarome Iginla and is guaranteed authentic. Every item we sell is sourced directly from the player, from official signings, from exclusive distributors, or from autographs certified by recognized third-party authenticators. This piece ships with a numbered Certificate of Authenticity and a tamper-proof, uniquely coded hologram, backed by our 100% Authenticity Guarantee.</p>
<p><strong>Sizing:</strong> This jersey comes in size L or XL. As a high-end signed collectible, it's intended for display rather than everyday wear. If you have questions about the size before ordering, contact us at info@autographauthentic.com.</p>
<p><strong>Packaging &amp; shipping:</strong> Handling typically takes 1 to 5 business days, and orders typically ship within 7 business days. As an autographed collectible, some orders can take a few additional weeks if the piece is being framed, the jersey is being sewn together, or we're waiting on a celebrity signing, we’ll keep you updated if that applies to your order. See our Shipping Policy for full details.</p>
<p>Photos shown are our catalogue images.</p>"
4719112585305,jersey-john-tavares-toronto-maple-leafs-blue-aaajh32315,John Tavares Autographed Toronto Maple Leafs Blue Jersey,"<p>This licensed Toronto Maple Leafs Blue jersey has been personally autographed by John Tavares and is guaranteed authentic. Every item we sell is sourced directly from the player, from official signings, from exclusive distributors, or from autographs certified by recognized third-party authenticators. This piece ships with a numbered Certificate of Authenticity and a tamper-proof, uniquely coded hologram, backed by our 100% Authenticity Guarantee.</p>
<p><strong>Sizing:</strong> This jersey comes in size L or XL. As a high-end signed collectible, it's intended for display rather than everyday wear. If you have questions about the size before ordering, contact us at info@autographauthentic.com.</p>
<p><strong>Packaging &amp; shipping:</strong> Handling typically takes 1–5 business days, and orders typically ship within 7 business days. As an autographed collectible, some orders can take a few additional weeks if the piece is being framed, the jersey is being sewn together, or we're waiting on a celebrity signing — we’ll keep you updated if that applies to your order. See our Shipping Policy for full details.</p>
<p>Photos shown are our catalogue images.</p>","<p>This licensed Toronto Maple Leafs Blue jersey has been personally autographed by John Tavares and is guaranteed authentic. Every item we sell is sourced directly from the player, from official signings, from exclusive distributors, or from autographs certified by recognized third-party authenticators. This piece ships with a numbered Certificate of Authenticity and a tamper-proof, uniquely coded hologram, backed by our 100% Authenticity Guarantee.</p>
<p><strong>Sizing:</strong> This jersey comes in size L or XL. As a high-end signed collectible, it's intended for display rather than everyday wear. If you have questions about the size before ordering, contact us at info@autographauthentic.com.</p>
<p><strong>Packaging &amp; shipping:</strong> Handling typically takes 1 to 5 business days, and orders typically ship within 7 business days. As an autographed collectible, some orders can take a few additional weeks if the piece is being framed, the jersey is being sewn together, or we're waiting on a celebrity signing, we’ll keep you updated if that applies to your order. See our Shipping Policy for full details.</p>
<p>Photos shown are our catalogue images.</p>"
4719112814681,jersey-lafleur-red-montreal-01-aaajh30125,Guy Lafleur Autographed Montreal Canadiens Red Jersey,"<p>This licensed Montreal Canadiens Red jersey has been personally autographed by Guy Lafleur and is guaranteed authentic. Every item we sell is sourced directly from the player, from official signings, from exclusive distributors, or from autographs certified by recognized third-party authenticators. This piece ships with a numbered Certificate of Authenticity and a tamper-proof, uniquely coded hologram, backed by our 100% Authenticity Guarantee.</p>
<p><strong>Sizing:</strong> This jersey comes in size L or XL. As a high-end signed collectible, it's intended for display rather than everyday wear. If you have questions about the size before ordering, contact us at info@autographauthentic.com.</p>
<p><strong>Packaging &amp; shipping:</strong> Handling typically takes 1–5 business days, and orders typically ship within 7 business days. As an autographed collectible, some orders can take a few additional weeks if the piece is being framed, the jersey is being sewn together, or we're waiting on a celebrity signing — we’ll keep you updated if that applies to your order. See our Shipping Policy for full details.</p>
<p>Photos shown are our catalogue images.</p>","<p>This licensed Montreal Canadiens Red jersey has been personally autographed by Guy Lafleur and is guaranteed authentic. Every item we sell is sourced directly from the player, from official signings, from exclusive distributors, or from autographs certified by recognized third-party authenticators. This piece ships with a numbered Certificate of Authenticity and a tamper-proof, uniquely coded hologram, backed by our 100% Authenticity Guarantee.</p>
<p><strong>Sizing:</strong> This jersey comes in size L or XL. As a high-end signed collectible, it's intended for display rather than everyday wear. If you have questions about the size before ordering, contact us at info@autographauthentic.com.</p>
<p><strong>Packaging &amp; shipping:</strong> Handling typically takes 1 to 5 business days, and orders typically ship within 7 business days. As an autographed collectible, some orders can take a few additional weeks if the piece is being framed, the jersey is being sewn together, or we're waiting on a celebrity signing, we’ll keep you updated if that applies to your order. See our Shipping Policy for full details.</p>
<p>Photos shown are our catalogue images.</p>"
4719112847449,jersey-lafleur-white-montreal-01-aaajh30126,Guy Lafleur Autographed Montreal Canadiens White Jersey,"<p>This licensed Montreal Canadiens White jersey has been personally autographed by Guy Lafleur and is guaranteed authentic. Every item we sell is sourced directly from the player, from official signings, from exclusive distributors, or from autographs certified by recognized third-party authenticators. This piece ships with a numbered Certificate of Authenticity and a tamper-proof, uniquely coded hologram, backed by our 100% Authenticity Guarantee.</p>
<p><strong>Sizing:</strong> This jersey comes in size L or XL. As a high-end signed collectible, it's intended for display rather than everyday wear. If you have questions about the size before ordering, contact us at info@autographauthentic.com.</p>
<p><strong>Packaging &amp; shipping:</strong> Handling typically takes 1–5 business days, and orders typically ship within 7 business days. As an autographed collectible, some orders can take a few additional weeks if the piece is being framed, the jersey is being sewn together, or we're waiting on a celebrity signing — we’ll keep you updated if that applies to your order. See our Shipping Policy for full details.</p>
<p>Photos shown are our catalogue images.</p>","<p>This licensed Montreal Canadiens White jersey has been personally autographed by Guy Lafleur and is guaranteed authentic. Every item we sell is sourced directly from the player, from official signings, from exclusive distributors, or from autographs certified by recognized third-party authenticators. This piece ships with a numbered Certificate of Authenticity and a tamper-proof, uniquely coded hologram, backed by our 100% Authenticity Guarantee.</p>
<p><strong>Sizing:</strong> This jersey comes in size L or XL. As a high-end signed collectible, it's intended for display rather than everyday wear. If you have questions about the size before ordering, contact us at info@autographauthentic.com.</p>
<p><strong>Packaging &amp; shipping:</strong> Handling typically takes 1 to 5 business days, and orders typically ship within 7 business days. As an autographed collectible, some orders can take a few additional weeks if the piece is being framed, the jersey is being sewn together, or we're waiting on a celebrity signing, we’ll keep you updated if that applies to your order. See our Shipping Policy for full details.</p>
<p>Photos shown are our catalogue images.</p>"
4719112978521,jersey-lindros-philadelphia-orange-signed-01-aaajh31268,Eric Lindros Autographed Philadelphia Flyers Orange Jersey,"<p>This licensed Philadelphia Flyers Orange jersey has been personally autographed by Eric Lindros and is guaranteed authentic. Every item we sell is sourced directly from the player, from official signings, from exclusive distributors, or from autographs certified by recognized third-party authenticators. This piece ships with a numbered Certificate of Authenticity and a tamper-proof, uniquely coded hologram, backed by our 100% Authenticity Guarantee.</p>
<p><strong>Sizing:</strong> This jersey comes in size L or XL. As a high-end signed collectible, it's intended for display rather than everyday wear. If you have questions about the size before ordering, contact us at info@autographauthentic.com.</p>
<p><strong>Packaging &amp; shipping:</strong> Handling typically takes 1–5 business days, and orders typically ship within 7 business days. As an autographed collectible, some orders can take a few additional weeks if the piece is being framed, the jersey is being sewn together, or we're waiting on a celebrity signing — we’ll keep you updated if that applies to your order. See our Shipping Policy for full details.</p>
<p>Photos shown are our catalogue images.</p>","<p>This licensed Philadelphia Flyers Orange jersey has been personally autographed by Eric Lindros and is guaranteed authentic. Every item we sell is sourced directly from the player, from official signings, from exclusive distributors, or from autographs certified by recognized third-party authenticators. This piece ships with a numbered Certificate of Authenticity and a tamper-proof, uniquely coded hologram, backed by our 100% Authenticity Guarantee.</p>
<p><strong>Sizing:</strong> This jersey comes in size L or XL. As a high-end signed collectible, it's intended for display rather than everyday wear. If you have questions about the size before ordering, contact us at info@autographauthentic.com.</p>
<p><strong>Packaging &amp; shipping:</strong> Handling typically takes 1 to 5 business days, and orders typically ship within 7 business days. As an autographed collectible, some orders can take a few additional weeks if the piece is being framed, the jersey is being sewn together, or we're waiting on a celebrity signing, we’ll keep you updated if that applies to your order. See our Shipping Policy for full details.</p>
<p>Photos shown are our catalogue images.</p>"
4719113044057,jersey-mahovlich-blue-tml-67-01-aaajh30118,Frank Mahovlich Autographed Toronto Maple Leafs Blue Jersey,"<p>This licensed Toronto Maple Leafs Blue jersey has been personally autographed by Frank Mahovlich and is guaranteed authentic. Every item we sell is sourced directly from the player, from official signings, from exclusive distributors, or from autographs certified by recognized third-party authenticators. This piece ships with a numbered Certificate of Authenticity and a tamper-proof, uniquely coded hologram, backed by our 100% Authenticity Guarantee.</p>
<p><strong>Sizing:</strong> This jersey comes in size L or XL. As a high-end signed collectible, it's intended for display rather than everyday wear. If you have questions about the size before ordering, contact us at info@autographauthentic.com.</p>
<p><strong>Packaging &amp; shipping:</strong> Handling typically takes 1–5 business days, and orders typically ship within 7 business days. As an autographed collectible, some orders can take a few additional weeks if the piece is being framed, the jersey is being sewn together, or we're waiting on a celebrity signing — we’ll keep you updated if that applies to your order. See our Shipping Policy for full details.</p>
<p>Photos shown are our catalogue images.</p>","<p>This licensed Toronto Maple Leafs Blue jersey has been personally autographed by Frank Mahovlich and is guaranteed authentic. Every item we sell is sourced directly from the player, from official signings, from exclusive distributors, or from autographs certified by recognized third-party authenticators. This piece ships with a numbered Certificate of Authenticity and a tamper-proof, uniquely coded hologram, backed by our 100% Authenticity Guarantee.</p>
<p><strong>Sizing:</strong> This jersey comes in size L or XL. As a high-end signed collectible, it's intended for display rather than everyday wear. If you have questions about the size before ordering, contact us at info@autographauthentic.com.</p>
<p><strong>Packaging &amp; shipping:</strong> Handling typically takes 1 to 5 business days, and orders typically ship within 7 business days. As an autographed collectible, some orders can take a few additional weeks if the piece is being framed, the jersey is being sewn together, or we're waiting on a celebrity signing, we’ll keep you updated if that applies to your order. See our Shipping Policy for full details.</p>
<p>Photos shown are our catalogue images.</p>"
4719113109593,jersey-mario-lemieux-pittsburgh-black-aaajh32050,Mario Lemieux Signed Pittsburgh Penguins Black Jersey,"<p>This licensed Pittsburgh Penguins Black jersey has been personally autographed by Mario Lemieux and is guaranteed authentic. Every item we sell is sourced directly from the player, from official signings, from exclusive distributors, or from autographs certified by recognized third-party authenticators. This piece ships with a numbered Certificate of Authenticity and a tamper-proof, uniquely coded hologram, backed by our 100% Authenticity Guarantee.</p>
<p><strong>Sizing:</strong> This jersey comes in size L or XL. As a high-end signed collectible, it's intended for display rather than everyday wear. If you have questions about the size before ordering, contact us at info@autographauthentic.com.</p>
<p><strong>Packaging &amp; shipping:</strong> Handling typically takes 1–5 business days, and orders typically ship within 7 business days. As an autographed collectible, some orders can take a few additional weeks if the piece is being framed, the jersey is being sewn together, or we're waiting on a celebrity signing — we’ll keep you updated if that applies to your order. See our Shipping Policy for full details.</p>
<p>Photos shown are our catalogue images.</p>","<p>This licensed Pittsburgh Penguins Black jersey has been personally autographed by Mario Lemieux and is guaranteed authentic. Every item we sell is sourced directly from the player, from official signings, from exclusive distributors, or from autographs certified by recognized third-party authenticators. This piece ships with a numbered Certificate of Authenticity and a tamper-proof, uniquely coded hologram, backed by our 100% Authenticity Guarantee.</p>
<p><strong>Sizing:</strong> This jersey comes in size L or XL. As a high-end signed collectible, it's intended for display rather than everyday wear. If you have questions about the size before ordering, contact us at info@autographauthentic.com.</p>
<p><strong>Packaging &amp; shipping:</strong> Handling typically takes 1 to 5 business days, and orders typically ship within 7 business days. As an autographed collectible, some orders can take a few additional weeks if the piece is being framed, the jersey is being sewn together, or we're waiting on a celebrity signing, we’ll keep you updated if that applies to your order. See our Shipping Policy for full details.</p>
<p>Photos shown are our catalogue images.</p>"
4719113240665,jersey-mcdavid-edmonton-blue-aaajh30461,Connor McDavid Autographed Edmonton Oilers Blue Jersey,"<p>This licensed Edmonton Oilers Blue jersey has been personally autographed by Connor McDavid and is guaranteed authentic. Every item we sell is sourced directly from the player, from official signings, from exclusive distributors, or from autographs certified by recognized third-party authenticators. This piece ships with a numbered Certificate of Authenticity and a tamper-proof, uniquely coded hologram, backed by our 100% Authenticity Guarantee.</p>
<p><strong>Sizing:</strong> This jersey comes in size L or XL. As a high-end signed collectible, it's intended for display rather than everyday wear. If you have questions about the size before ordering, contact us at info@autographauthentic.com.</p>
<p><strong>Packaging &amp; shipping:</strong> Handling typically takes 1–5 business days, and orders typically ship within 7 business days. As an autographed collectible, some orders can take a few additional weeks if the piece is being framed, the jersey is being sewn together, or we're waiting on a celebrity signing — we’ll keep you updated if that applies to your order. See our Shipping Policy for full details.</p>
<p>Photos shown are our catalogue images.</p>","<p>This licensed Edmonton Oilers Blue jersey has been personally autographed by Connor McDavid and is guaranteed authentic. Every item we sell is sourced directly from the player, from official signings, from exclusive distributors, or from autographs certified by recognized third-party authenticators. This piece ships with a numbered Certificate of Authenticity and a tamper-proof, uniquely coded hologram, backed by our 100% Authenticity Guarantee.</p>
<p><strong>Sizing:</strong> This jersey comes in size L or XL. As a high-end signed collectible, it's intended for display rather than everyday wear. If you have questions about the size before ordering, contact us at info@autographauthentic.com.</p>
<p><strong>Packaging &amp; shipping:</strong> Handling typically takes 1 to 5 business days, and orders typically ship within 7 business days. As an autographed collectible, some orders can take a few additional weeks if the piece is being framed, the jersey is being sewn together, or we're waiting on a celebrity signing, we’ll keep you updated if that applies to your order. See our Shipping Policy for full details.</p>
<p>Photos shown are our catalogue images.</p>"
4719113699417,jersey-paul-coffey-edmonton-oilers-blue-aaajh32550,Paul Coffey Autographed Edmonton Oilers Blue Jersey,"<p>This licensed Edmonton Oilers Blue jersey has been personally autographed by Paul Coffey and is guaranteed authentic. Every item we sell is sourced directly from the player, from official signings, from exclusive distributors, or from autographs certified by recognized third-party authenticators. This piece ships with a numbered Certificate of Authenticity and a tamper-proof, uniquely coded hologram, backed by our 100% Authenticity Guarantee.</p>
<p><strong>Sizing:</strong> This jersey comes in size L or XL. As a high-end signed collectible, it's intended for display rather than everyday wear. If you have questions about the size before ordering, contact us at info@autographauthentic.com.</p>
<p><strong>Packaging &amp; shipping:</strong> Handling typically takes 1–5 business days, and orders typically ship within 7 business days. As an autographed collectible, some orders can take a few additional weeks if the piece is being framed, the jersey is being sewn together, or we're waiting on a celebrity signing — we’ll keep you updated if that applies to your order. See our Shipping Policy for full details.</p>
<p>Photos shown are our catalogue images.</p>","<p>This licensed Edmonton Oilers Blue jersey has been personally autographed by Paul Coffey and is guaranteed authentic. Every item we sell is sourced directly from the player, from official signings, from exclusive distributors, or from autographs certified by recognized third-party authenticators. This piece ships with a numbered Certificate of Authenticity and a tamper-proof, uniquely coded hologram, backed by our 100% Authenticity Guarantee.</p>
<p><strong>Sizing:</strong> This jersey comes in size L or XL. As a high-end signed collectible, it's intended for display rather than everyday wear. If you have questions about the size before ordering, contact us at info@autographauthentic.com.</p>
<p><strong>Packaging &amp; shipping:</strong> Handling typically takes 1 to 5 business days, and orders typically ship within 7 business days. As an autographed collectible, some orders can take a few additional weeks if the piece is being framed, the jersey is being sewn together, or we're waiting on a celebrity signing, we’ll keep you updated if that applies to your order. See our Shipping Policy for full details.</p>
<p>Photos shown are our catalogue images.</p>"
4719113764953,jersey-paul-coffey-edmonton-oilers-white-aaajh32669,Paul Coffey Autographed Edmonton Oilers White Jersey,"<p>This licensed Edmonton Oilers White jersey has been personally autographed by Paul Coffey and is guaranteed authentic. Every item we sell is sourced directly from the player, from official signings, from exclusive distributors, or from autographs certified by recognized third-party authenticators. This piece ships with a numbered Certificate of Authenticity and a tamper-proof, uniquely coded hologram, backed by our 100% Authenticity Guarantee.</p>
<p><strong>Sizing:</strong> This jersey comes in size L or XL. As a high-end signed collectible, it's intended for display rather than everyday wear. If you have questions about the size before ordering, contact us at info@autographauthentic.com.</p>
<p><strong>Packaging &amp; shipping:</strong> Handling typically takes 1–5 business days, and orders typically ship within 7 business days. As an autographed collectible, some orders can take a few additional weeks if the piece is being framed, the jersey is being sewn together, or we're waiting on a celebrity signing — we’ll keep you updated if that applies to your order. See our Shipping Policy for full details.</p>
<p>Photos shown are our catalogue images.</p>","<p>This licensed Edmonton Oilers White jersey has been personally autographed by Paul Coffey and is guaranteed authentic. Every item we sell is sourced directly from the player, from official signings, from exclusive distributors, or from autographs certified by recognized third-party authenticators. This piece ships with a numbered Certificate of Authenticity and a tamper-proof, uniquely coded hologram, backed by our 100% Authenticity Guarantee.</p>
<p><strong>Sizing:</strong> This jersey comes in size L or XL. As a high-end signed collectible, it's intended for display rather than everyday wear. If you have questions about the size before ordering, contact us at info@autographauthentic.com.</p>
<p><strong>Packaging &amp; shipping:</strong> Handling typically takes 1 to 5 business days, and orders typically ship within 7 business days. As an autographed collectible, some orders can take a few additional weeks if the piece is being framed, the jersey is being sewn together, or we're waiting on a celebrity signing, we’ll keep you updated if that applies to your order. See our Shipping Policy for full details.</p>
<p>Photos shown are our catalogue images.</p>"
4719113830489,jersey-red-kelly-toronto-maple-leafs-blue-aaajh32162,Red Kelly Autographed Toronto Maple Leafs Blue Jersey,"<p>This licensed Toronto Maple Leafs Blue jersey has been personally autographed by Red Kelly and is guaranteed authentic. Every item we sell is sourced directly from the player, from official signings, from exclusive distributors, or from autographs certified by recognized third-party authenticators. This piece ships with a numbered Certificate of Authenticity and a tamper-proof, uniquely coded hologram, backed by our 100% Authenticity Guarantee.</p>
<p><strong>Sizing:</strong> This jersey comes in size L or XL. As a high-end signed collectible, it's intended for display rather than everyday wear. If you have questions about the size before ordering, contact us at info@autographauthentic.com.</p>
<p><strong>Packaging &amp; shipping:</strong> Handling typically takes 1–5 business days, and orders typically ship within 7 business days. As an autographed collectible, some orders can take a few additional weeks if the piece is being framed, the jersey is being sewn together, or we're waiting on a celebrity signing — we’ll keep you updated if that applies to your order. See our Shipping Policy for full details.</p>
<p>Photos shown are our catalogue images.</p>","<p>This licensed Toronto Maple Leafs Blue jersey has been personally autographed by Red Kelly and is guaranteed authentic. Every item we sell is sourced directly from the player, from official signings, from exclusive distributors, or from autographs certified by recognized third-party authenticators. This piece ships with a numbered Certificate of Authenticity and a tamper-proof, uniquely coded hologram, backed by our 100% Authenticity Guarantee.</p>
<p><strong>Sizing:</strong> This jersey comes in size L or XL. As a high-end signed collectible, it's intended for display rather than everyday wear. If you have questions about the size before ordering, contact us at info@autographauthentic.com.</p>
<p><strong>Packaging &amp; shipping:</strong> Handling typically takes 1 to 5 business days, and orders typically ship within 7 business days. As an autographed collectible, some orders can take a few additional weeks if the piece is being framed, the jersey is being sewn together, or we're waiting on a celebrity signing, we’ll keep you updated if that applies to your order. See our Shipping Policy for full details.</p>
<p>Photos shown are our catalogue images.</p>"
4719114092633,jersey-smith-blue-newyorkislanders-01-aaajh30107,Billy Smith Autographed New York Islanders Blue Jersey,"<p>This licensed New York Islanders Blue jersey has been personally autographed by Billy Smith and is guaranteed authentic. Every item we sell is sourced directly from the player, from official signings, from exclusive distributors, or from autographs certified by recognized third-party authenticators. This piece ships with a numbered Certificate of Authenticity and a tamper-proof, uniquely coded hologram, backed by our 100% Authenticity Guarantee.</p>
<p><strong>Sizing:</strong> This jersey comes in size L or XL. As a high-end signed collectible, it's intended for display rather than everyday wear. If you have questions about the size before ordering, contact us at info@autographauthentic.com.</p>
<p><strong>Packaging &amp; shipping:</strong> Handling typically takes 1–5 business days, and orders typically ship within 7 business days. As an autographed collectible, some orders can take a few additional weeks if the piece is being framed, the jersey is being sewn together, or we're waiting on a celebrity signing — we’ll keep you updated if that applies to your order. See our Shipping Policy for full details.</p>
<p>Photos shown are our catalogue images.</p>","<p>This licensed New York Islanders Blue jersey has been personally autographed by Billy Smith and is guaranteed authentic. Every item we sell is sourced directly from the player, from official signings, from exclusive distributors, or from autographs certified by recognized third-party authenticators. This piece ships with a numbered Certificate of Authenticity and a tamper-proof, uniquely coded hologram, backed by our 100% Authenticity Guarantee.</p>
<p><strong>Sizing:</strong> This jersey comes in size L or XL. As a high-end signed collectible, it's intended for display rather than everyday wear. If you have questions about the size before ordering, contact us at info@autographauthentic.com.</p>
<p><strong>Packaging &amp; shipping:</strong> Handling typically takes 1 to 5 business days, and orders typically ship within 7 business days. As an autographed collectible, some orders can take a few additional weeks if the piece is being framed, the jersey is being sewn together, or we're waiting on a celebrity signing, we’ll keep you updated if that applies to your order. See our Shipping Policy for full details.</p>
<p>Photos shown are our catalogue images.</p>"
4719114125401,jersey-sundin-blue-leafs-aaajh31216,Mats Sundin Autographed Toronto Maple Leafs Blue Jersey,"<p>This licensed Toronto Maple Leafs Blue jersey has been personally autographed by Mats Sundin and is guaranteed authentic. Every item we sell is sourced directly from the player, from official signings, from exclusive distributors, or from autographs certified by recognized third-party authenticators. This piece ships with a numbered Certificate of Authenticity and a tamper-proof, uniquely coded hologram, backed by our 100% Authenticity Guarantee.</p>
<p><strong>Sizing:</strong> This jersey comes in size L or XL. As a high-end signed collectible, it's intended for display rather than everyday wear. If you have questions about the size before ordering, contact us at info@autographauthentic.com.</p>
<p><strong>Packaging &amp; shipping:</strong> Handling typically takes 1–5 business days, and orders typically ship within 7 business days. As an autographed collectible, some orders can take a few additional weeks if the piece is being framed, the jersey is being sewn together, or we're waiting on a celebrity signing — we’ll keep you updated if that applies to your order. See our Shipping Policy for full details.</p>
<p>Photos shown are our catalogue images.</p>","<p>This licensed Toronto Maple Leafs Blue jersey has been personally autographed by Mats Sundin and is guaranteed authentic. Every item we sell is sourced directly from the player, from official signings, from exclusive distributors, or from autographs certified by recognized third-party authenticators. This piece ships with a numbered Certificate of Authenticity and a tamper-proof, uniquely coded hologram, backed by our 100% Authenticity Guarantee.</p>
<p><strong>Sizing:</strong> This jersey comes in size L or XL. As a high-end signed collectible, it's intended for display rather than everyday wear. If you have questions about the size before ordering, contact us at info@autographauthentic.com.</p>
<p><strong>Packaging &amp; shipping:</strong> Handling typically takes 1 to 5 business days, and orders typically ship within 7 business days. As an autographed collectible, some orders can take a few additional weeks if the piece is being framed, the jersey is being sewn together, or we're waiting on a celebrity signing, we’ll keep you updated if that applies to your order. See our Shipping Policy for full details.</p>
<p>Photos shown are our catalogue images.</p>"
4719114190937,jersey-tretiak-cccp-red-aaajh31031,Vladislav Tretiak Autographed CCCP Red Jersey,"<p>This licensed CCCP Red jersey has been personally autographed by Vladislav Tretiak and is guaranteed authentic. Every item we sell is sourced directly from the player, from official signings, from exclusive distributors, or from autographs certified by recognized third-party authenticators. This piece ships with a numbered Certificate of Authenticity and a tamper-proof, uniquely coded hologram, backed by our 100% Authenticity Guarantee.</p>
<p><strong>Sizing:</strong> This jersey comes in size L or XL. As a high-end signed collectible, it's intended for display rather than everyday wear. If you have questions about the size before ordering, contact us at info@autographauthentic.com.</p>
<p><strong>Packaging &amp; shipping:</strong> Handling typically takes 1–5 business days, and orders typically ship within 7 business days. As an autographed collectible, some orders can take a few additional weeks if the piece is being framed, the jersey is being sewn together, or we're waiting on a celebrity signing — we’ll keep you updated if that applies to your order. See our Shipping Policy for full details.</p>
<p>Photos shown are our catalogue images.</p>","<p>This licensed CCCP Red jersey has been personally autographed by Vladislav Tretiak and is guaranteed authentic. Every item we sell is sourced directly from the player, from official signings, from exclusive distributors, or from autographs certified by recognized third-party authenticators. This piece ships with a numbered Certificate of Authenticity and a tamper-proof, uniquely coded hologram, backed by our 100% Authenticity Guarantee.</p>
<p><strong>Sizing:</strong> This jersey comes in size L or XL. As a high-end signed collectible, it's intended for display rather than everyday wear. If you have questions about the size before ordering, contact us at info@autographauthentic.com.</p>
<p><strong>Packaging &amp; shipping:</strong> Handling typically takes 1 to 5 business days, and orders typically ship within 7 business days. As an autographed collectible, some orders can take a few additional weeks if the piece is being framed, the jersey is being sewn together, or we're waiting on a celebrity signing, we’ll keep you updated if that applies to your order. See our Shipping Policy for full details.</p>
<p>Photos shown are our catalogue images.</p>"
4719114256473,jersey-tretiak-cccp-russian-red-aaajh31937,Vladislav Tretiak Autographed Russian CCCP Red Jersey,"<p>This licensed Russian CCCP Red jersey has been personally autographed by Vladislav Tretiak and is guaranteed authentic. Every item we sell is sourced directly from the player, from official signings, from exclusive distributors, or from autographs certified by recognized third-party authenticators. This piece ships with a numbered Certificate of Authenticity and a tamper-proof, uniquely coded hologram, backed by our 100% Authenticity Guarantee.</p>
<p><strong>Sizing:</strong> This jersey comes in size L or XL. As a high-end signed collectible, it's intended for display rather than everyday wear. If you have questions about the size before ordering, contact us at info@autographauthentic.com.</p>
<p><strong>Packaging &amp; shipping:</strong> Handling typically takes 1–5 business days, and orders typically ship within 7 business days. As an autographed collectible, some orders can take a few additional weeks if the piece is being framed, the jersey is being sewn together, or we're waiting on a celebrity signing — we’ll keep you updated if that applies to your order. See our Shipping Policy for full details.</p>
<p>Photos shown are our catalogue images.</p>","<p>This licensed Russian CCCP Red jersey has been personally autographed by Vladislav Tretiak and is guaranteed authentic. Every item we sell is sourced directly from the player, from official signings, from exclusive distributors, or from autographs certified by recognized third-party authenticators. This piece ships with a numbered Certificate of Authenticity and a tamper-proof, uniquely coded hologram, backed by our 100% Authenticity Guarantee.</p>
<p><strong>Sizing:</strong> This jersey comes in size L or XL. As a high-end signed collectible, it's intended for display rather than everyday wear. If you have questions about the size before ordering, contact us at info@autographauthentic.com.</p>
<p><strong>Packaging &amp; shipping:</strong> Handling typically takes 1 to 5 business days, and orders typically ship within 7 business days. As an autographed collectible, some orders can take a few additional weeks if the piece is being framed, the jersey is being sewn together, or we're waiting on a celebrity signing, we’ll keep you updated if that applies to your order. See our Shipping Policy for full details.</p>
<p>Photos shown are our catalogue images.</p>"
4719114322009,jersey-wendel-clark-toronto-maple-leafs-white-aaajh32547,Wendel Clark Autographed Toronto Maple Leafs White Jersey,"<p>This licensed Toronto Maple Leafs White jersey has been personally autographed by Wendel Clark and is guaranteed authentic. Every item we sell is sourced directly from the player, from official signings, from exclusive distributors, or from autographs certified by recognized third-party authenticators. This piece ships with a numbered Certificate of Authenticity and a tamper-proof, uniquely coded hologram, backed by our 100% Authenticity Guarantee.</p>
<p><strong>Sizing:</strong> This jersey comes in size L or XL. As a high-end signed collectible, it's intended for display rather than everyday wear. If you have questions about the size before ordering, contact us at info@autographauthentic.com.</p>
<p><strong>Packaging &amp; shipping:</strong> Handling typically takes 1–5 business days, and orders typically ship within 7 business days. As an autographed collectible, some orders can take a few additional weeks if the piece is being framed, the jersey is being sewn together, or we're waiting on a celebrity signing — we’ll keep you updated if that applies to your order. See our Shipping Policy for full details.</p>
<p>Photos shown are our catalogue images.</p>","<p>This licensed Toronto Maple Leafs White jersey has been personally autographed by Wendel Clark and is guaranteed authentic. Every item we sell is sourced directly from the player, from official signings, from exclusive distributors, or from autographs certified by recognized third-party authenticators. This piece ships with a numbered Certificate of Authenticity and a tamper-proof, uniquely coded hologram, backed by our 100% Authenticity Guarantee.</p>
<p><strong>Sizing:</strong> This jersey comes in size L or XL. As a high-end signed collectible, it's intended for display rather than everyday wear. If you have questions about the size before ordering, contact us at info@autographauthentic.com.</p>
<p><strong>Packaging &amp; shipping:</strong> Handling typically takes 1 to 5 business days, and orders typically ship within 7 business days. As an autographed collectible, some orders can take a few additional weeks if the piece is being framed, the jersey is being sewn together, or we're waiting on a celebrity signing, we’ll keep you updated if that applies to your order. See our Shipping Policy for full details.</p>
<p>Photos shown are our catalogue images.</p>"
4719114420313,jersey-yzerman-red-01-aaajh30518,Steve Yzerman Autographed Detroit Red Wings Red Jersey,"<p>This licensed Detroit Red Wings Red jersey has been personally autographed by Steve Yzerman and is guaranteed authentic. Every item we sell is sourced directly from the player, from official signings, from exclusive distributors, or from autographs certified by recognized third-party authenticators. This piece ships with a numbered Certificate of Authenticity and a tamper-proof, uniquely coded hologram, backed by our 100% Authenticity Guarantee.</p>
<p><strong>Sizing:</strong> This jersey comes in size L or XL. As a high-end signed collectible, it's intended for display rather than everyday wear. If you have questions about the size before ordering, contact us at info@autographauthentic.com.</p>
<p><strong>Packaging &amp; shipping:</strong> Handling typically takes 1–5 business days, and orders typically ship within 7 business days. As an autographed collectible, some orders can take a few additional weeks if the piece is being framed, the jersey is being sewn together, or we're waiting on a celebrity signing — we’ll keep you updated if that applies to your order. See our Shipping Policy for full details.</p>
<p>Photos shown are our catalogue images.</p>","<p>This licensed Detroit Red Wings Red jersey has been personally autographed by Steve Yzerman and is guaranteed authentic. Every item we sell is sourced directly from the player, from official signings, from exclusive distributors, or from autographs certified by recognized third-party authenticators. This piece ships with a numbered Certificate of Authenticity and a tamper-proof, uniquely coded hologram, backed by our 100% Authenticity Guarantee.</p>
<p><strong>Sizing:</strong> This jersey comes in size L or XL. As a high-end signed collectible, it's intended for display rather than everyday wear. If you have questions about the size before ordering, contact us at info@autographauthentic.com.</p>
<p><strong>Packaging &amp; shipping:</strong> Handling typically takes 1 to 5 business days, and orders typically ship within 7 business days. As an autographed collectible, some orders can take a few additional weeks if the piece is being framed, the jersey is being sewn together, or we're waiting on a celebrity signing, we’ll keep you updated if that applies to your order. See our Shipping Policy for full details.</p>
<p>Photos shown are our catalogue images.</p>"
4719114453081,jersey-yzerman-white-detroit-red-wings-aaajh32175,Steve Yzerman Autographed Detroit Red Wings White Jersey,"<p>This licensed Detroit Red Wings White jersey has been personally autographed by Steve Yzerman and is guaranteed authentic. Every item we sell is sourced directly from the player, from official signings, from exclusive distributors, or from autographs certified by recognized third-party authenticators. This piece ships with a numbered Certificate of Authenticity and a tamper-proof, uniquely coded hologram, backed by our 100% Authenticity Guarantee.</p>
<p><strong>Sizing:</strong> This jersey comes in size L or XL. As a high-end signed collectible, it's intended for display rather than everyday wear. If you have questions about the size before ordering, contact us at info@autographauthentic.com.</p>
<p><strong>Packaging &amp; shipping:</strong> Handling typically takes 1–5 business days, and orders typically ship within 7 business days. As an autographed collectible, some orders can take a few additional weeks if the piece is being framed, the jersey is being sewn together, or we're waiting on a celebrity signing — we’ll keep you updated if that applies to your order. See our Shipping Policy for full details.</p>
<p>Photos shown are our catalogue images.</p>","<p>This licensed Detroit Red Wings White jersey has been personally autographed by Steve Yzerman and is guaranteed authentic. Every item we sell is sourced directly from the player, from official signings, from exclusive distributors, or from autographs certified by recognized third-party authenticators. This piece ships with a numbered Certificate of Authenticity and a tamper-proof, uniquely coded hologram, backed by our 100% Authenticity Guarantee.</p>
<p><strong>Sizing:</strong> This jersey comes in size L or XL. As a high-end signed collectible, it's intended for display rather than everyday wear. If you have questions about the size before ordering, contact us at info@autographauthentic.com.</p>
<p><strong>Packaging &amp; shipping:</strong> Handling typically takes 1 to 5 business days, and orders typically ship within 7 business days. As an autographed collectible, some orders can take a few additional weeks if the piece is being framed, the jersey is being sewn together, or we're waiting on a celebrity signing, we’ll keep you updated if that applies to your order. See our Shipping Policy for full details.</p>
<p>Photos shown are our catalogue images.</p>"
4755784826969,jersey-selanne-white-winnipeg-01-aaajh30137,Teemu Selanne Autographed Winnipeg Jets White Jersey,"<p>This licensed Winnipeg Jets White jersey has been personally autographed by Teemu Selanne and is guaranteed authentic. Every item we sell is sourced directly from the player, from official signings, from exclusive distributors, or from autographs certified by recognized third-party authenticators. This piece ships with a numbered Certificate of Authenticity and a tamper-proof, uniquely coded hologram, backed by our 100% Authenticity Guarantee.</p>
<p><strong>Sizing:</strong> This jersey comes in size L or XL. As a high-end signed collectible, it's intended for display rather than everyday wear. If you have questions about the size before ordering, contact us at info@autographauthentic.com.</p>
<p><strong>Packaging &amp; shipping:</strong> Handling typically takes 1–5 business days, and orders typically ship within 7 business days. As an autographed collectible, some orders can take a few additional weeks if the piece is being framed, the jersey is being sewn together, or we're waiting on a celebrity signing — we’ll keep you updated if that applies to your order. See our Shipping Policy for full details.</p>
<p>Photos shown are our catalogue images.</p>","<p>This licensed Winnipeg Jets White jersey has been personally autographed by Teemu Selanne and is guaranteed authentic. Every item we sell is sourced directly from the player, from official signings, from exclusive distributors, or from autographs certified by recognized third-party authenticators. This piece ships with a numbered Certificate of Authenticity and a tamper-proof, uniquely coded hologram, backed by our 100% Authenticity Guarantee.</p>
<p><strong>Sizing:</strong> This jersey comes in size L or XL. As a high-end signed collectible, it's intended for display rather than everyday wear. If you have questions about the size before ordering, contact us at info@autographauthentic.com.</p>
<p><strong>Packaging &amp; shipping:</strong> Handling typically takes 1 to 5 business days, and orders typically ship within 7 business days. As an autographed collectible, some orders can take a few additional weeks if the piece is being framed, the jersey is being sewn together, or we're waiting on a celebrity signing, we’ll keep you updated if that applies to your order. See our Shipping Policy for full details.</p>
<p>Photos shown are our catalogue images.</p>"
6551567728729,career-jersey-gretzky-white-01-cjcjh30501,Wayne Gretzky White Career Jersey /99,"<p>This licensed Edmonton Oilers jersey has been personally autographed by Wayne Gretzky and is guaranteed authentic. Every item we sell is sourced directly from the player, from official signings, from exclusive distributors, or from autographs certified by recognized third-party authenticators. This piece ships with a numbered Certificate of Authenticity and a tamper-proof, uniquely coded hologram, backed by our 100% Authenticity Guarantee.</p>
<p><strong>Sizing:</strong> This jersey comes in size L or XL. As a high-end signed collectible, it's intended for display rather than everyday wear. If you have questions about the size before ordering, contact us at info@autographauthentic.com.</p>
<p><strong>Packaging &amp; shipping:</strong> Handling typically takes 1–5 business days, and orders typically ship within 7 business days. As an autographed collectible, some orders can take a few additional weeks if the piece is being framed, the jersey is being sewn together, or we're waiting on a celebrity signing — we’ll keep you updated if that applies to your order. See our Shipping Policy for full details.</p>
<p>Photos shown are our catalogue images.</p>","<p>This licensed Edmonton Oilers jersey has been personally autographed by Wayne Gretzky and is guaranteed authentic. Every item we sell is sourced directly from the player, from official signings, from exclusive distributors, or from autographs certified by recognized third-party authenticators. This piece ships with a numbered Certificate of Authenticity and a tamper-proof, uniquely coded hologram, backed by our 100% Authenticity Guarantee.</p>
<p><strong>Sizing:</strong> This jersey comes in size L or XL. As a high-end signed collectible, it's intended for display rather than everyday wear. If you have questions about the size before ordering, contact us at info@autographauthentic.com.</p>
<p><strong>Packaging &amp; shipping:</strong> Handling typically takes 1 to 5 business days, and orders typically ship within 7 business days. As an autographed collectible, some orders can take a few additional weeks if the piece is being framed, the jersey is being sewn together, or we're waiting on a celebrity signing, we’ll keep you updated if that applies to your order. See our Shipping Policy for full details.</p>
<p>Photos shown are our catalogue images.</p>"
6551567794265,career-jersey-gretzky-white-1of99-cjpch32065,Wayne Gretzky White Career Jersey #1 of 99,"<p>This licensed Edmonton Oilers jersey has been personally autographed by Wayne Gretzky and is guaranteed authentic. Every item we sell is sourced directly from the player, from official signings, from exclusive distributors, or from autographs certified by recognized third-party authenticators. This piece ships with a numbered Certificate of Authenticity and a tamper-proof, uniquely coded hologram, backed by our 100% Authenticity Guarantee.</p>
<p><strong>Sizing:</strong> This jersey comes in size L or XL. As a high-end signed collectible, it's intended for display rather than everyday wear. If you have questions about the size before ordering, contact us at info@autographauthentic.com.</p>
<p><strong>Packaging &amp; shipping:</strong> Handling typically takes 1–5 business days, and orders typically ship within 7 business days. As an autographed collectible, some orders can take a few additional weeks if the piece is being framed, the jersey is being sewn together, or we're waiting on a celebrity signing — we’ll keep you updated if that applies to your order. See our Shipping Policy for full details.</p>
<p>Photos shown are our catalogue images.</p>","<p>This licensed Edmonton Oilers jersey has been personally autographed by Wayne Gretzky and is guaranteed authentic. Every item we sell is sourced directly from the player, from official signings, from exclusive distributors, or from autographs certified by recognized third-party authenticators. This piece ships with a numbered Certificate of Authenticity and a tamper-proof, uniquely coded hologram, backed by our 100% Authenticity Guarantee.</p>
<p><strong>Sizing:</strong> This jersey comes in size L or XL. As a high-end signed collectible, it's intended for display rather than everyday wear. If you have questions about the size before ordering, contact us at info@autographauthentic.com.</p>
<p><strong>Packaging &amp; shipping:</strong> Handling typically takes 1 to 5 business days, and orders typically ship within 7 business days. As an autographed collectible, some orders can take a few additional weeks if the piece is being framed, the jersey is being sewn together, or we're waiting on a celebrity signing, we’ll keep you updated if that applies to your order. See our Shipping Policy for full details.</p>
<p>Photos shown are our catalogue images.</p>"
6551568187481,jersey-gretzky-edmonton-oilers-blue-ccm-aaajh31229,Wayne Gretzky Autographed Edmonton Oilers Blue Jersey,"<p>This licensed Edmonton Oilers Blue jersey has been personally autographed by Wayne Gretzky and is guaranteed authentic. Every item we sell is sourced directly from the player, from official signings, from exclusive distributors, or from autographs certified by recognized third-party authenticators. This piece ships with a numbered Certificate of Authenticity and a tamper-proof, uniquely coded hologram, backed by our 100% Authenticity Guarantee.</p>
<p><strong>Sizing:</strong> This jersey comes in size L or XL. As a high-end signed collectible, it's intended for display rather than everyday wear. If you have questions about the size before ordering, contact us at info@autographauthentic.com.</p>
<p><strong>Packaging &amp; shipping:</strong> Handling typically takes 1–5 business days, and orders typically ship within 7 business days. As an autographed collectible, some orders can take a few additional weeks if the piece is being framed, the jersey is being sewn together, or we're waiting on a celebrity signing — we’ll keep you updated if that applies to your order. See our Shipping Policy for full details.</p>
<p>Photos shown are our catalogue images.</p>","<p>This licensed Edmonton Oilers Blue jersey has been personally autographed by Wayne Gretzky and is guaranteed authentic. Every item we sell is sourced directly from the player, from official signings, from exclusive distributors, or from autographs certified by recognized third-party authenticators. This piece ships with a numbered Certificate of Authenticity and a tamper-proof, uniquely coded hologram, backed by our 100% Authenticity Guarantee.</p>
<p><strong>Sizing:</strong> This jersey comes in size L or XL. As a high-end signed collectible, it's intended for display rather than everyday wear. If you have questions about the size before ordering, contact us at info@autographauthentic.com.</p>
<p><strong>Packaging &amp; shipping:</strong> Handling typically takes 1 to 5 business days, and orders typically ship within 7 business days. As an autographed collectible, some orders can take a few additional weeks if the piece is being framed, the jersey is being sewn together, or we're waiting on a celebrity signing, we’ll keep you updated if that applies to your order. See our Shipping Policy for full details.</p>
<p>Photos shown are our catalogue images.</p>"
6551568253017,jersey-gretzky-edmonton-oilers-white-ccm-aaajh30141,Wayne Gretzky Autographed Edmonton Oilers White Jersey,"<p>This licensed Edmonton Oilers White jersey has been personally autographed by Wayne Gretzky and is guaranteed authentic. Every item we sell is sourced directly from the player, from official signings, from exclusive distributors, or from autographs certified by recognized third-party authenticators. This piece ships with a numbered Certificate of Authenticity and a tamper-proof, uniquely coded hologram, backed by our 100% Authenticity Guarantee.</p>
<p><strong>Sizing:</strong> This jersey comes in size L or XL. As a high-end signed collectible, it's intended for display rather than everyday wear. If you have questions about the size before ordering, contact us at info@autographauthentic.com.</p>
<p><strong>Packaging &amp; shipping:</strong> Handling typically takes 1–5 business days, and orders typically ship within 7 business days. As an autographed collectible, some orders can take a few additional weeks if the piece is being framed, the jersey is being sewn together, or we're waiting on a celebrity signing — we’ll keep you updated if that applies to your order. See our Shipping Policy for full details.</p>
<p>Photos shown are our catalogue images.</p>","<p>This licensed Edmonton Oilers White jersey has been personally autographed by Wayne Gretzky and is guaranteed authentic. Every item we sell is sourced directly from the player, from official signings, from exclusive distributors, or from autographs certified by recognized third-party authenticators. This piece ships with a numbered Certificate of Authenticity and a tamper-proof, uniquely coded hologram, backed by our 100% Authenticity Guarantee.</p>
<p><strong>Sizing:</strong> This jersey comes in size L or XL. As a high-end signed collectible, it's intended for display rather than everyday wear. If you have questions about the size before ordering, contact us at info@autographauthentic.com.</p>
<p><strong>Packaging &amp; shipping:</strong> Handling typically takes 1 to 5 business days, and orders typically ship within 7 business days. As an autographed collectible, some orders can take a few additional weeks if the piece is being framed, the jersey is being sewn together, or we're waiting on a celebrity signing, we’ll keep you updated if that applies to your order. See our Shipping Policy for full details.</p>
<p>Photos shown are our catalogue images.</p>"
6551570284633,career-jersey-gretzky-blue-limited-edition-199-cjcjh32677,Wayne Gretzky Blue Career Jersey /199,"<p>This licensed autographed jersey has been personally autographed by Wayne Gretzky and is guaranteed authentic. Every item we sell is sourced directly from the player, from official signings, from exclusive distributors, or from autographs certified by recognized third-party authenticators. This piece ships with a numbered Certificate of Authenticity and a tamper-proof, uniquely coded hologram, backed by our 100% Authenticity Guarantee.</p>
<p><strong>Sizing:</strong> This jersey comes in size L or XL. As a high-end signed collectible, it's intended for display rather than everyday wear. If you have questions about the size before ordering, contact us at info@autographauthentic.com.</p>
<p><strong>Packaging &amp; shipping:</strong> Handling typically takes 1–5 business days, and orders typically ship within 7 business days. As an autographed collectible, some orders can take a few additional weeks if the piece is being framed, the jersey is being sewn together, or we're waiting on a celebrity signing — we’ll keep you updated if that applies to your order. See our Shipping Policy for full details.</p>
<p>Photos shown are our catalogue images.</p>","<p>This licensed autographed jersey has been personally autographed by Wayne Gretzky and is guaranteed authentic. Every item we sell is sourced directly from the player, from official signings, from exclusive distributors, or from autographs certified by recognized third-party authenticators. This piece ships with a numbered Certificate of Authenticity and a tamper-proof, uniquely coded hologram, backed by our 100% Authenticity Guarantee.</p>
<p><strong>Sizing:</strong> This jersey comes in size L or XL. As a high-end signed collectible, it's intended for display rather than everyday wear. If you have questions about the size before ordering, contact us at info@autographauthentic.com.</p>
<p><strong>Packaging &amp; shipping:</strong> Handling typically takes 1 to 5 business days, and orders typically ship within 7 business days. As an autographed collectible, some orders can take a few additional weeks if the piece is being framed, the jersey is being sewn together, or we're waiting on a celebrity signing, we’ll keep you updated if that applies to your order. See our Shipping Policy for full details.</p>
<p>Photos shown are our catalogue images.</p>"
6845665116249,framed-litho-messier-aacmh30198,Mark Messier Limited Edition Lithograph /1111 (32x28),<p>This Framed Mark Messier lithograph is dedicated to his role he played in the dynasty of the Edmonton Oilers. It is a limited edition and numbered out of 1111. This item comes museum framed (no glass for shipping). A must for all hockey fans!  This item is 32 x 28 inches. </p><p></p><p>Photos shown are our catalogue images.</p>,<p>This Framed Mark Messier lithograph is dedicated to his role he played in the dynasty of the Edmonton Oilers. It is a limited edition and numbered out of 1111. This item comes museum framed (no glass for shipping). A must for all hockey fans! This item is 32 x 28 inches. </p><p></p><p>Photos shown are our catalogue images.</p>
6845682778201,jersey-mario-lemieux-pittsburgh-white-01-aaajh32763,Mario Lemieux Autographed Pittsburgh Penguins White Jersey,"<p>This licensed Pittsburgh Penguins White jersey has been personally autographed by Mario Lemieux and is guaranteed authentic. Every item we sell is sourced directly from the player, from official signings, from exclusive distributors, or from autographs certified by recognized third-party authenticators. This piece ships with a numbered Certificate of Authenticity and a tamper-proof, uniquely coded hologram, backed by our 100% Authenticity Guarantee.</p>
<p><strong>Sizing:</strong> This jersey comes in size L or XL. As a high-end signed collectible, it's intended for display rather than everyday wear. If you have questions about the size before ordering, contact us at info@autographauthentic.com.</p>
<p><strong>Packaging &amp; shipping:</strong> Handling typically takes 1–5 business days, and orders typically ship within 7 business days. As an autographed collectible, some orders can take a few additional weeks if the piece is being framed, the jersey is being sewn together, or we're waiting on a celebrity signing — we’ll keep you updated if that applies to your order. See our Shipping Policy for full details.</p>
<p>Photos shown are our catalogue images.</p>","<p>This licensed Pittsburgh Penguins White jersey has been personally autographed by Mario Lemieux and is guaranteed authentic. Every item we sell is sourced directly from the player, from official signings, from exclusive distributors, or from autographs certified by recognized third-party authenticators. This piece ships with a numbered Certificate of Authenticity and a tamper-proof, uniquely coded hologram, backed by our 100% Authenticity Guarantee.</p>
<p><strong>Sizing:</strong> This jersey comes in size L or XL. As a high-end signed collectible, it's intended for display rather than everyday wear. If you have questions about the size before ordering, contact us at info@autographauthentic.com.</p>
<p><strong>Packaging &amp; shipping:</strong> Handling typically takes 1 to 5 business days, and orders typically ship within 7 business days. As an autographed collectible, some orders can take a few additional weeks if the piece is being framed, the jersey is being sewn together, or we're waiting on a celebrity signing, we’ll keep you updated if that applies to your order. See our Shipping Policy for full details.</p>
<p>Photos shown are our catalogue images.</p>"
6845685137497,jersey-roy-montreal-canadiens-white-aaajh32804,Patrick Roy Autographed Montreal Canadiens White Jersey,"<p>This licensed Montreal Canadiens White jersey has been personally autographed by Patrick Roy and is guaranteed authentic. Every item we sell is sourced directly from the player, from official signings, from exclusive distributors, or from autographs certified by recognized third-party authenticators. This piece ships with a numbered Certificate of Authenticity and a tamper-proof, uniquely coded hologram, backed by our 100% Authenticity Guarantee.</p>
<p><strong>Sizing:</strong> This jersey comes in size L or XL. As a high-end signed collectible, it's intended for display rather than everyday wear. If you have questions about the size before ordering, contact us at info@autographauthentic.com.</p>
<p><strong>Packaging &amp; shipping:</strong> Handling typically takes 1–5 business days, and orders typically ship within 7 business days. As an autographed collectible, some orders can take a few additional weeks if the piece is being framed, the jersey is being sewn together, or we're waiting on a celebrity signing — we’ll keep you updated if that applies to your order. See our Shipping Policy for full details.</p>
<p>Photos shown are our catalogue images.</p>","<p>This licensed Montreal Canadiens White jersey has been personally autographed by Patrick Roy and is guaranteed authentic. Every item we sell is sourced directly from the player, from official signings, from exclusive distributors, or from autographs certified by recognized third-party authenticators. This piece ships with a numbered Certificate of Authenticity and a tamper-proof, uniquely coded hologram, backed by our 100% Authenticity Guarantee.</p>
<p><strong>Sizing:</strong> This jersey comes in size L or XL. As a high-end signed collectible, it's intended for display rather than everyday wear. If you have questions about the size before ordering, contact us at info@autographauthentic.com.</p>
<p><strong>Packaging &amp; shipping:</strong> Handling typically takes 1 to 5 business days, and orders typically ship within 7 business days. As an autographed collectible, some orders can take a few additional weeks if the piece is being framed, the jersey is being sewn together, or we're waiting on a celebrity signing, we’ll keep you updated if that applies to your order. See our Shipping Policy for full details.</p>
<p>Photos shown are our catalogue images.</p>"
6911244271705,jersey-joe-sakic-white-colorado-aaajh32885,Joe Sakic Autographed Colorado Avalanche White Jersey,"<p>This licensed Colorado Avalanche White jersey has been personally autographed by Joe Sakic and is guaranteed authentic. Every item we sell is sourced directly from the player, from official signings, from exclusive distributors, or from autographs certified by recognized third-party authenticators. This piece ships with a numbered Certificate of Authenticity and a tamper-proof, uniquely coded hologram, backed by our 100% Authenticity Guarantee.</p>
<p><strong>Sizing:</strong> This jersey comes in size L or XL. As a high-end signed collectible, it's intended for display rather than everyday wear. If you have questions about the size before ordering, contact us at info@autographauthentic.com.</p>
<p><strong>Packaging &amp; shipping:</strong> Handling typically takes 1–5 business days, and orders typically ship within 7 business days. As an autographed collectible, some orders can take a few additional weeks if the piece is being framed, the jersey is being sewn together, or we're waiting on a celebrity signing — we’ll keep you updated if that applies to your order. See our Shipping Policy for full details.</p>
<p>Photos shown are our catalogue images.</p>","<p>This licensed Colorado Avalanche White jersey has been personally autographed by Joe Sakic and is guaranteed authentic. Every item we sell is sourced directly from the player, from official signings, from exclusive distributors, or from autographs certified by recognized third-party authenticators. This piece ships with a numbered Certificate of Authenticity and a tamper-proof, uniquely coded hologram, backed by our 100% Authenticity Guarantee.</p>
<p><strong>Sizing:</strong> This jersey comes in size L or XL. As a high-end signed collectible, it's intended for display rather than everyday wear. If you have questions about the size before ordering, contact us at info@autographauthentic.com.</p>
<p><strong>Packaging &amp; shipping:</strong> Handling typically takes 1 to 5 business days, and orders typically ship within 7 business days. As an autographed collectible, some orders can take a few additional weeks if the piece is being framed, the jersey is being sewn together, or we're waiting on a celebrity signing, we’ll keep you updated if that applies to your order. See our Shipping Policy for full details.</p>
<p>Photos shown are our catalogue images.</p>"
6914765586521,career-jersey-fleury-elite-edition-calgary-flames-ltd-ed-14-cjcjh32858,Theoren Fleury Career Jersey Limited Edition of 14,"<p>This licensed Calgary Flames jersey has been personally autographed by Theoren Fleury and is guaranteed authentic. Every item we sell is sourced directly from the player, from official signings, from exclusive distributors, or from autographs certified by recognized third-party authenticators. This piece ships with a numbered Certificate of Authenticity and a tamper-proof, uniquely coded hologram, backed by our 100% Authenticity Guarantee.</p>
<p><strong>Sizing:</strong> This jersey comes in size L or XL. As a high-end signed collectible, it's intended for display rather than everyday wear. If you have questions about the size before ordering, contact us at info@autographauthentic.com.</p>
<p><strong>Packaging &amp; shipping:</strong> Handling typically takes 1–5 business days, and orders typically ship within 7 business days. As an autographed collectible, some orders can take a few additional weeks if the piece is being framed, the jersey is being sewn together, or we're waiting on a celebrity signing — we’ll keep you updated if that applies to your order. See our Shipping Policy for full details.</p>
<p>Photos shown are our catalogue images.</p>","<p>This licensed Calgary Flames jersey has been personally autographed by Theoren Fleury and is guaranteed authentic. Every item we sell is sourced directly from the player, from official signings, from exclusive distributors, or from autographs certified by recognized third-party authenticators. This piece ships with a numbered Certificate of Authenticity and a tamper-proof, uniquely coded hologram, backed by our 100% Authenticity Guarantee.</p>
<p><strong>Sizing:</strong> This jersey comes in size L or XL. As a high-end signed collectible, it's intended for display rather than everyday wear. If you have questions about the size before ordering, contact us at info@autographauthentic.com.</p>
<p><strong>Packaging &amp; shipping:</strong> Handling typically takes 1 to 5 business days, and orders typically ship within 7 business days. As an autographed collectible, some orders can take a few additional weeks if the piece is being framed, the jersey is being sewn together, or we're waiting on a celebrity signing, we’ll keep you updated if that applies to your order. See our Shipping Policy for full details.</p>
<p>Photos shown are our catalogue images.</p>"
6980719706201,framed-art-lawren-harris-limited-edition-group-of-seven-island-in-the-lake-aaapa32925,Lawren Harris Group of Seven “Island in the Lake” Framed Print,"<p>This very rare art print comes custom framed. This print was obtained through an authorized Group of Seven publisher. Lawren Stewart Harris (born 23 October 1885 in Brantford, ON; died 29 January 1970 in Vancouver, BC) was the catalyst and leader in the creation of the Group of Seven, founding member and first president of the Canadian Group of Painters, and the painter who influenced Jock Macdonald  -  and through him, other Toronto painters  -  to paint abstractly. In his paintings, he reduced the shapes of mountains, shoreline, trees, lakes and clouds, always parallel to the picture plane, to their essentials for an austere, monumental effect. Harris had a profound influence on three generations of artists in Canada. This museum framed print measures 26 x 24 inches.</p><p>Photos shown are our catalogue images.</p>","<p>This very rare art print comes custom framed. This print was obtained through an authorized Group of Seven publisher. Lawren Stewart Harris (born 23 October 1885 in Brantford, ON; died 29 January 1970 in Vancouver, BC) was the catalyst and leader in the creation of the Group of Seven, founding member and first president of the Canadian Group of Painters, and the painter who influenced Jock Macdonald - and through him, other Toronto painters - to paint abstractly. In his paintings, he reduced the shapes of mountains, shoreline, trees, lakes and clouds, always parallel to the picture plane, to their essentials for an austere, monumental effect. Harris had a profound influence on three generations of artists in Canada. This museum framed print measures 26 x 24 inches.</p><p>Photos shown are our catalogue images.</p>"
6980719837273,framed-art-lawren-harris-limited-edition-group-of-seven-maligne-lake-aaapa32922,Lawren Harris Group of Seven “Maligne Lake” Framed Print (26x24),"<p>This very rare art print comes custom framed. This print was obtained through an authorized Group of Seven publisher. Lawren Stewart Harris (born 23 October 1885 in Brantford, ON; died 29 January 1970 in Vancouver, BC) was the catalyst and leader in the creation of the Group of Seven, founding member and first president of the Canadian Group of Painters, and the painter who influenced Jock Macdonald  -  and through him, other Toronto painters  -  to paint abstractly. In his paintings, he reduced the shapes of mountains, shoreline, trees, lakes and clouds, always parallel to the picture plane, to their essentials for an austere, monumental effect. Harris had a profound influence on three generations of artists in Canada. This museum framed print measures 26 x 24 inches.</p><p>Photos shown are our catalogue images.</p>","<p>This very rare art print comes custom framed. This print was obtained through an authorized Group of Seven publisher. Lawren Stewart Harris (born 23 October 1885 in Brantford, ON; died 29 January 1970 in Vancouver, BC) was the catalyst and leader in the creation of the Group of Seven, founding member and first president of the Canadian Group of Painters, and the painter who influenced Jock Macdonald - and through him, other Toronto painters - to paint abstractly. In his paintings, he reduced the shapes of mountains, shoreline, trees, lakes and clouds, always parallel to the picture plane, to their essentials for an austere, monumental effect. Harris had a profound influence on three generations of artists in Canada. This museum framed print measures 26 x 24 inches.</p><p>Photos shown are our catalogue images.</p>"
6980719968345,framed-art-lawren-harris-limited-edition-group-of-seven-northern-lake-1923-aaapa32923,Lawren Harris Group of Seven “Northern Lake 1923” Framed Print,"<p>This very rare art print comes custom framed. This print was obtained through an authorized Group of Seven publisher. Lawren Stewart Harris (born 23 October 1885 in Brantford, ON; died 29 January 1970 in Vancouver, BC) was the catalyst and leader in the creation of the Group of Seven, founding member and first president of the Canadian Group of Painters, and the painter who influenced Jock Macdonald  -  and through him, other Toronto painters  -  to paint abstractly. In his paintings, he reduced the shapes of mountains, shoreline, trees, lakes and clouds, always parallel to the picture plane, to their essentials for an austere, monumental effect. Harris had a profound influence on three generations of artists in Canada. This museum framed print measures 26 x 24 inches.</p><p>Photos shown are our catalogue images.</p>","<p>This very rare art print comes custom framed. This print was obtained through an authorized Group of Seven publisher. Lawren Stewart Harris (born 23 October 1885 in Brantford, ON; died 29 January 1970 in Vancouver, BC) was the catalyst and leader in the creation of the Group of Seven, founding member and first president of the Canadian Group of Painters, and the painter who influenced Jock Macdonald - and through him, other Toronto painters - to paint abstractly. In his paintings, he reduced the shapes of mountains, shoreline, trees, lakes and clouds, always parallel to the picture plane, to their essentials for an austere, monumental effect. Harris had a profound influence on three generations of artists in Canada. This museum framed print measures 26 x 24 inches.</p><p>Photos shown are our catalogue images.</p>"
6980720066649,framed-art-lawren-harris-limited-edition-group-of-seven-winter-wonderland-aaapa32924,Lawren Harris Group of Seven “Winter Wonderland” Framed Print,"<p>This very rare art print comes custom framed. This print was obtained through an authorized Group of Seven publisher. Lawren Stewart Harris (born 23 October 1885 in Brantford, ON; died 29 January 1970 in Vancouver, BC) was the catalyst and leader in the creation of the Group of Seven, founding member and first president of the Canadian Group of Painters, and the painter who influenced Jock Macdonald  -  and through him, other Toronto painters  -  to paint abstractly. In his paintings, he reduced the shapes of mountains, shoreline, trees, lakes and clouds, always parallel to the picture plane, to their essentials for an austere, monumental effect. Harris had a profound influence on three generations of artists in Canada. This museum framed print measures 26 x 24 inches.</p><p>Photos shown are our catalogue images.</p>","<p>This very rare art print comes custom framed. This print was obtained through an authorized Group of Seven publisher. Lawren Stewart Harris (born 23 October 1885 in Brantford, ON; died 29 January 1970 in Vancouver, BC) was the catalyst and leader in the creation of the Group of Seven, founding member and first president of the Canadian Group of Painters, and the painter who influenced Jock Macdonald - and through him, other Toronto painters - to paint abstractly. In his paintings, he reduced the shapes of mountains, shoreline, trees, lakes and clouds, always parallel to the picture plane, to their essentials for an austere, monumental effect. Harris had a profound influence on three generations of artists in Canada. This museum framed print measures 26 x 24 inches.</p><p>Photos shown are our catalogue images.</p>"
7005642326105,career-jersey-bobby-orr-elite-white-edition-ltd-44-cjcjh32903,Bobby Orr Boston Bruins Career Jersey /44,"<p>This licensed Boston Bruins jersey has been personally autographed by Bobby Orr and is guaranteed authentic. Every item we sell is sourced directly from the player, from official signings, from exclusive distributors, or from autographs certified by recognized third-party authenticators. This piece ships with a numbered Certificate of Authenticity and a tamper-proof, uniquely coded hologram, backed by our 100% Authenticity Guarantee.</p>
<p><strong>Sizing:</strong> This jersey comes in size L or XL. As a high-end signed collectible, it's intended for display rather than everyday wear. If you have questions about the size before ordering, contact us at info@autographauthentic.com.</p>
<p><strong>Packaging &amp; shipping:</strong> Handling typically takes 1–5 business days, and orders typically ship within 7 business days. As an autographed collectible, some orders can take a few additional weeks if the piece is being framed, the jersey is being sewn together, or we're waiting on a celebrity signing — we’ll keep you updated if that applies to your order. See our Shipping Policy for full details.</p>
<p>Photos shown are our catalogue images.</p>","<p>This licensed Boston Bruins jersey has been personally autographed by Bobby Orr and is guaranteed authentic. Every item we sell is sourced directly from the player, from official signings, from exclusive distributors, or from autographs certified by recognized third-party authenticators. This piece ships with a numbered Certificate of Authenticity and a tamper-proof, uniquely coded hologram, backed by our 100% Authenticity Guarantee.</p>
<p><strong>Sizing:</strong> This jersey comes in size L or XL. As a high-end signed collectible, it's intended for display rather than everyday wear. If you have questions about the size before ordering, contact us at info@autographauthentic.com.</p>
<p><strong>Packaging &amp; shipping:</strong> Handling typically takes 1 to 5 business days, and orders typically ship within 7 business days. As an autographed collectible, some orders can take a few additional weeks if the piece is being framed, the jersey is being sewn together, or we're waiting on a celebrity signing, we’ll keep you updated if that applies to your order. See our Shipping Policy for full details.</p>
<p>Photos shown are our catalogue images.</p>"
7018392813657,jersey-mcdavid-edmonton-orange-aaajh315255,Connor McDavid Autographed Edmonton Oilers Orange Jersey,"<p>This licensed Edmonton Oilers Orange jersey has been personally autographed by Connor McDavid and is guaranteed authentic. Every item we sell is sourced directly from the player, from official signings, from exclusive distributors, or from autographs certified by recognized third-party authenticators. This piece ships with a numbered Certificate of Authenticity and a tamper-proof, uniquely coded hologram, backed by our 100% Authenticity Guarantee.</p>
<p><strong>Sizing:</strong> This jersey comes in size L or XL. As a high-end signed collectible, it's intended for display rather than everyday wear. If you have questions about the size before ordering, contact us at info@autographauthentic.com.</p>
<p><strong>Packaging &amp; shipping:</strong> Handling typically takes 1–5 business days, and orders typically ship within 7 business days. As an autographed collectible, some orders can take a few additional weeks if the piece is being framed, the jersey is being sewn together, or we're waiting on a celebrity signing — we’ll keep you updated if that applies to your order. See our Shipping Policy for full details.</p>
<p>Photos shown are our catalogue images.</p>","<p>This licensed Edmonton Oilers Orange jersey has been personally autographed by Connor McDavid and is guaranteed authentic. Every item we sell is sourced directly from the player, from official signings, from exclusive distributors, or from autographs certified by recognized third-party authenticators. This piece ships with a numbered Certificate of Authenticity and a tamper-proof, uniquely coded hologram, backed by our 100% Authenticity Guarantee.</p>
<p><strong>Sizing:</strong> This jersey comes in size L or XL. As a high-end signed collectible, it's intended for display rather than everyday wear. If you have questions about the size before ordering, contact us at info@autographauthentic.com.</p>
<p><strong>Packaging &amp; shipping:</strong> Handling typically takes 1 to 5 business days, and orders typically ship within 7 business days. As an autographed collectible, some orders can take a few additional weeks if the piece is being framed, the jersey is being sewn together, or we're waiting on a celebrity signing, we’ll keep you updated if that applies to your order. See our Shipping Policy for full details.</p>
<p>Photos shown are our catalogue images.</p>"
7018393043033,jersey-draisaitl-edmonton-oilers-orange-aaajh32968,Leon Draisaitl Autographed Edmonton Oilers Orange Jersey,"<p>This licensed Edmonton Oilers Orange jersey has been personally autographed by Leon Draisaitl and is guaranteed authentic. Every item we sell is sourced directly from the player, from official signings, from exclusive distributors, or from autographs certified by recognized third-party authenticators. This piece ships with a numbered Certificate of Authenticity and a tamper-proof, uniquely coded hologram, backed by our 100% Authenticity Guarantee.</p>
<p><strong>Sizing:</strong> This jersey comes in size L or XL. As a high-end signed collectible, it's intended for display rather than everyday wear. If you have questions about the size before ordering, contact us at info@autographauthentic.com.</p>
<p><strong>Packaging &amp; shipping:</strong> Handling typically takes 1–5 business days, and orders typically ship within 7 business days. As an autographed collectible, some orders can take a few additional weeks if the piece is being framed, the jersey is being sewn together, or we're waiting on a celebrity signing — we’ll keep you updated if that applies to your order. See our Shipping Policy for full details.</p>
<p>Photos shown are our catalogue images.</p>","<p>This licensed Edmonton Oilers Orange jersey has been personally autographed by Leon Draisaitl and is guaranteed authentic. Every item we sell is sourced directly from the player, from official signings, from exclusive distributors, or from autographs certified by recognized third-party authenticators. This piece ships with a numbered Certificate of Authenticity and a tamper-proof, uniquely coded hologram, backed by our 100% Authenticity Guarantee.</p>
<p><strong>Sizing:</strong> This jersey comes in size L or XL. As a high-end signed collectible, it's intended for display rather than everyday wear. If you have questions about the size before ordering, contact us at info@autographauthentic.com.</p>
<p><strong>Packaging &amp; shipping:</strong> Handling typically takes 1 to 5 business days, and orders typically ship within 7 business days. As an autographed collectible, some orders can take a few additional weeks if the piece is being framed, the jersey is being sewn together, or we're waiting on a celebrity signing, we’ll keep you updated if that applies to your order. See our Shipping Policy for full details.</p>
<p>Photos shown are our catalogue images.</p>"
7101491445849,jersey-lafleur-red-team-canada-1976-aaajh33003,Guy Lafleur Autographed Team Canada 1976 Red Jersey,"<p>This licensed Team Canada Red jersey has been personally autographed by Guy Lafleur and is guaranteed authentic. Every item we sell is sourced directly from the player, from official signings, from exclusive distributors, or from autographs certified by recognized third-party authenticators. This piece ships with a numbered Certificate of Authenticity and a tamper-proof, uniquely coded hologram, backed by our 100% Authenticity Guarantee.</p>
<p><strong>Sizing:</strong> This jersey comes in size L or XL. As a high-end signed collectible, it's intended for display rather than everyday wear. If you have questions about the size before ordering, contact us at info@autographauthentic.com.</p>
<p><strong>Packaging &amp; shipping:</strong> Handling typically takes 1–5 business days, and orders typically ship within 7 business days. As an autographed collectible, some orders can take a few additional weeks if the piece is being framed, the jersey is being sewn together, or we're waiting on a celebrity signing — we’ll keep you updated if that applies to your order. See our Shipping Policy for full details.</p>
<p>Photos shown are our catalogue images.</p>","<p>This licensed Team Canada Red jersey has been personally autographed by Guy Lafleur and is guaranteed authentic. Every item we sell is sourced directly from the player, from official signings, from exclusive distributors, or from autographs certified by recognized third-party authenticators. This piece ships with a numbered Certificate of Authenticity and a tamper-proof, uniquely coded hologram, backed by our 100% Authenticity Guarantee.</p>
<p><strong>Sizing:</strong> This jersey comes in size L or XL. As a high-end signed collectible, it's intended for display rather than everyday wear. If you have questions about the size before ordering, contact us at info@autographauthentic.com.</p>
<p><strong>Packaging &amp; shipping:</strong> Handling typically takes 1 to 5 business days, and orders typically ship within 7 business days. As an autographed collectible, some orders can take a few additional weeks if the piece is being framed, the jersey is being sewn together, or we're waiting on a celebrity signing, we’ll keep you updated if that applies to your order. See our Shipping Policy for full details.</p>
<p>Photos shown are our catalogue images.</p>"
7119285026905,career-jersey-hull-hartford-whalers-white-ltd-ed-16-cjcjh33036,Bobby Hull Hartford Whalers Career Jersey White Edition /16,"<p>This licensed Hartford Whalers White jersey has been personally autographed by Bobby Hull and is guaranteed authentic. Every item we sell is sourced directly from the player, from official signings, from exclusive distributors, or from autographs certified by recognized third-party authenticators. This piece ships with a numbered Certificate of Authenticity and a tamper-proof, uniquely coded hologram, backed by our 100% Authenticity Guarantee.</p>
<p><strong>Sizing:</strong> This jersey comes in size L or XL. As a high-end signed collectible, it's intended for display rather than everyday wear. If you have questions about the size before ordering, contact us at info@autographauthentic.com.</p>
<p><strong>Packaging &amp; shipping:</strong> Handling typically takes 1–5 business days, and orders typically ship within 7 business days. As an autographed collectible, some orders can take a few additional weeks if the piece is being framed, the jersey is being sewn together, or we're waiting on a celebrity signing — we’ll keep you updated if that applies to your order. See our Shipping Policy for full details.</p>
<p>Photos shown are our catalogue images.</p>","<p>This licensed Hartford Whalers White jersey has been personally autographed by Bobby Hull and is guaranteed authentic. Every item we sell is sourced directly from the player, from official signings, from exclusive distributors, or from autographs certified by recognized third-party authenticators. This piece ships with a numbered Certificate of Authenticity and a tamper-proof, uniquely coded hologram, backed by our 100% Authenticity Guarantee.</p>
<p><strong>Sizing:</strong> This jersey comes in size L or XL. As a high-end signed collectible, it's intended for display rather than everyday wear. If you have questions about the size before ordering, contact us at info@autographauthentic.com.</p>
<p><strong>Packaging &amp; shipping:</strong> Handling typically takes 1 to 5 business days, and orders typically ship within 7 business days. As an autographed collectible, some orders can take a few additional weeks if the piece is being framed, the jersey is being sewn together, or we're waiting on a celebrity signing, we’ll keep you updated if that applies to your order. See our Shipping Policy for full details.</p>
<p>Photos shown are our catalogue images.</p>"
7119413149785,jersey-gilmour-adidas-blue-toronto-maple-leafs-aaajh33044,Doug Gilmour Autographed Toronto Maple Leafs Blue Jersey Blue,"<p>This licensed Toronto Maple Leafs Blue jersey has been personally autographed by Doug Gilmour and is guaranteed authentic. Every item we sell is sourced directly from the player, from official signings, from exclusive distributors, or from autographs certified by recognized third-party authenticators. This piece ships with a numbered Certificate of Authenticity and a tamper-proof, uniquely coded hologram, backed by our 100% Authenticity Guarantee.</p>
<p><strong>Sizing:</strong> This jersey comes in size L or XL. As a high-end signed collectible, it's intended for display rather than everyday wear. If you have questions about the size before ordering, contact us at info@autographauthentic.com.</p>
<p><strong>Packaging &amp; shipping:</strong> Handling typically takes 1–5 business days, and orders typically ship within 7 business days. As an autographed collectible, some orders can take a few additional weeks if the piece is being framed, the jersey is being sewn together, or we're waiting on a celebrity signing — we’ll keep you updated if that applies to your order. See our Shipping Policy for full details.</p>
<p>Photos shown are our catalogue images.</p>","<p>This licensed Toronto Maple Leafs Blue jersey has been personally autographed by Doug Gilmour and is guaranteed authentic. Every item we sell is sourced directly from the player, from official signings, from exclusive distributors, or from autographs certified by recognized third-party authenticators. This piece ships with a numbered Certificate of Authenticity and a tamper-proof, uniquely coded hologram, backed by our 100% Authenticity Guarantee.</p>
<p><strong>Sizing:</strong> This jersey comes in size L or XL. As a high-end signed collectible, it's intended for display rather than everyday wear. If you have questions about the size before ordering, contact us at info@autographauthentic.com.</p>
<p><strong>Packaging &amp; shipping:</strong> Handling typically takes 1 to 5 business days, and orders typically ship within 7 business days. As an autographed collectible, some orders can take a few additional weeks if the piece is being framed, the jersey is being sewn together, or we're waiting on a celebrity signing, we’ll keep you updated if that applies to your order. See our Shipping Policy for full details.</p>
<p>Photos shown are our catalogue images.</p>"
7119413182553,jersey-gilmour-adidas-white-toronto-maple-leafs-aaajh33043,Doug Gilmour Autographed Toronto Maple Leafs White Jersey White,"<p>This licensed Toronto Maple Leafs White jersey has been personally autographed by Doug Gilmour and is guaranteed authentic. Every item we sell is sourced directly from the player, from official signings, from exclusive distributors, or from autographs certified by recognized third-party authenticators. This piece ships with a numbered Certificate of Authenticity and a tamper-proof, uniquely coded hologram, backed by our 100% Authenticity Guarantee.</p>
<p><strong>Sizing:</strong> This jersey comes in size L or XL. As a high-end signed collectible, it's intended for display rather than everyday wear. If you have questions about the size before ordering, contact us at info@autographauthentic.com.</p>
<p><strong>Packaging &amp; shipping:</strong> Handling typically takes 1–5 business days, and orders typically ship within 7 business days. As an autographed collectible, some orders can take a few additional weeks if the piece is being framed, the jersey is being sewn together, or we're waiting on a celebrity signing — we’ll keep you updated if that applies to your order. See our Shipping Policy for full details.</p>
<p>Photos shown are our catalogue images.</p>","<p>This licensed Toronto Maple Leafs White jersey has been personally autographed by Doug Gilmour and is guaranteed authentic. Every item we sell is sourced directly from the player, from official signings, from exclusive distributors, or from autographs certified by recognized third-party authenticators. This piece ships with a numbered Certificate of Authenticity and a tamper-proof, uniquely coded hologram, backed by our 100% Authenticity Guarantee.</p>
<p><strong>Sizing:</strong> This jersey comes in size L or XL. As a high-end signed collectible, it's intended for display rather than everyday wear. If you have questions about the size before ordering, contact us at info@autographauthentic.com.</p>
<p><strong>Packaging &amp; shipping:</strong> Handling typically takes 1 to 5 business days, and orders typically ship within 7 business days. As an autographed collectible, some orders can take a few additional weeks if the piece is being framed, the jersey is being sewn together, or we're waiting on a celebrity signing, we’ll keep you updated if that applies to your order. See our Shipping Policy for full details.</p>
<p>Photos shown are our catalogue images.</p>"
7119415115865,career-jersey-gretzky-pair-white-and-blue-stanley-cup-year-84of99-cjpch32658,Wayne Gretzky Career Jerseys Pair Matching Ltd Ed 84 of 99,"<p>This licensed autographed jersey has been personally autographed by Wayne Gretzky and is guaranteed authentic. Every item we sell is sourced directly from the player, from official signings, from exclusive distributors, or from autographs certified by recognized third-party authenticators. This piece ships with a numbered Certificate of Authenticity and a tamper-proof, uniquely coded hologram, backed by our 100% Authenticity Guarantee.</p>
<p><strong>Sizing:</strong> This jersey comes in size L or XL. As a high-end signed collectible, it's intended for display rather than everyday wear. If you have questions about the size before ordering, contact us at info@autographauthentic.com.</p>
<p><strong>Packaging &amp; shipping:</strong> Handling typically takes 1–5 business days, and orders typically ship within 7 business days. As an autographed collectible, some orders can take a few additional weeks if the piece is being framed, the jersey is being sewn together, or we're waiting on a celebrity signing — we’ll keep you updated if that applies to your order. See our Shipping Policy for full details.</p>
<p>Photos shown are our catalogue images.</p>","<p>This licensed autographed jersey has been personally autographed by Wayne Gretzky and is guaranteed authentic. Every item we sell is sourced directly from the player, from official signings, from exclusive distributors, or from autographs certified by recognized third-party authenticators. This piece ships with a numbered Certificate of Authenticity and a tamper-proof, uniquely coded hologram, backed by our 100% Authenticity Guarantee.</p>
<p><strong>Sizing:</strong> This jersey comes in size L or XL. As a high-end signed collectible, it's intended for display rather than everyday wear. If you have questions about the size before ordering, contact us at info@autographauthentic.com.</p>
<p><strong>Packaging &amp; shipping:</strong> Handling typically takes 1 to 5 business days, and orders typically ship within 7 business days. As an autographed collectible, some orders can take a few additional weeks if the piece is being framed, the jersey is being sewn together, or we're waiting on a celebrity signing, we’ll keep you updated if that applies to your order. See our Shipping Policy for full details.</p>
<p>Photos shown are our catalogue images.</p>"
7119415181401,career-jersey-gretzky-pair-white-and-blue-stanley-cup-year-85of99-cjpch32659,Wayne Gretzky Career Jerseys Pair Matching Ltd Ed 85 of 99,"<p>This licensed autographed jersey has been personally autographed by Wayne Gretzky and is guaranteed authentic. Every item we sell is sourced directly from the player, from official signings, from exclusive distributors, or from autographs certified by recognized third-party authenticators. This piece ships with a numbered Certificate of Authenticity and a tamper-proof, uniquely coded hologram, backed by our 100% Authenticity Guarantee.</p>
<p><strong>Sizing:</strong> This jersey comes in size L or XL. As a high-end signed collectible, it's intended for display rather than everyday wear. If you have questions about the size before ordering, contact us at info@autographauthentic.com.</p>
<p><strong>Packaging &amp; shipping:</strong> Handling typically takes 1–5 business days, and orders typically ship within 7 business days. As an autographed collectible, some orders can take a few additional weeks if the piece is being framed, the jersey is being sewn together, or we're waiting on a celebrity signing — we’ll keep you updated if that applies to your order. See our Shipping Policy for full details.</p>
<p>Photos shown are our catalogue images.</p>","<p>This licensed autographed jersey has been personally autographed by Wayne Gretzky and is guaranteed authentic. Every item we sell is sourced directly from the player, from official signings, from exclusive distributors, or from autographs certified by recognized third-party authenticators. This piece ships with a numbered Certificate of Authenticity and a tamper-proof, uniquely coded hologram, backed by our 100% Authenticity Guarantee.</p>
<p><strong>Sizing:</strong> This jersey comes in size L or XL. As a high-end signed collectible, it's intended for display rather than everyday wear. If you have questions about the size before ordering, contact us at info@autographauthentic.com.</p>
<p><strong>Packaging &amp; shipping:</strong> Handling typically takes 1 to 5 business days, and orders typically ship within 7 business days. As an autographed collectible, some orders can take a few additional weeks if the piece is being framed, the jersey is being sewn together, or we're waiting on a celebrity signing, we’ll keep you updated if that applies to your order. See our Shipping Policy for full details.</p>
<p>Photos shown are our catalogue images.</p>"
7119415246937,career-jersey-gretzky-pair-white-and-blue-stanley-cup-year-87of99-cjpch32660,Wayne Gretzky Stanley Cup Career Jerseys Pair #87 of 99,"<p>This licensed Edmonton Oilers jersey has been personally autographed by Wayne Gretzky and is guaranteed authentic. Every item we sell is sourced directly from the player, from official signings, from exclusive distributors, or from autographs certified by recognized third-party authenticators. This piece ships with a numbered Certificate of Authenticity and a tamper-proof, uniquely coded hologram, backed by our 100% Authenticity Guarantee.</p>
<p><strong>Sizing:</strong> This jersey comes in size L or XL. As a high-end signed collectible, it's intended for display rather than everyday wear. If you have questions about the size before ordering, contact us at info@autographauthentic.com.</p>
<p><strong>Packaging &amp; shipping:</strong> Handling typically takes 1–5 business days, and orders typically ship within 7 business days. As an autographed collectible, some orders can take a few additional weeks if the piece is being framed, the jersey is being sewn together, or we're waiting on a celebrity signing — we’ll keep you updated if that applies to your order. See our Shipping Policy for full details.</p>
<p>Photos shown are our catalogue images.</p>","<p>This licensed Edmonton Oilers jersey has been personally autographed by Wayne Gretzky and is guaranteed authentic. Every item we sell is sourced directly from the player, from official signings, from exclusive distributors, or from autographs certified by recognized third-party authenticators. This piece ships with a numbered Certificate of Authenticity and a tamper-proof, uniquely coded hologram, backed by our 100% Authenticity Guarantee.</p>
<p><strong>Sizing:</strong> This jersey comes in size L or XL. As a high-end signed collectible, it's intended for display rather than everyday wear. If you have questions about the size before ordering, contact us at info@autographauthentic.com.</p>
<p><strong>Packaging &amp; shipping:</strong> Handling typically takes 1 to 5 business days, and orders typically ship within 7 business days. As an autographed collectible, some orders can take a few additional weeks if the piece is being framed, the jersey is being sewn together, or we're waiting on a celebrity signing, we’ll keep you updated if that applies to your order. See our Shipping Policy for full details.</p>
<p>Photos shown are our catalogue images.</p>"
7119415312473,career-jersey-gretzky-pair-white-and-blue-stanley-cup-year-88of99-cjpch32661,Wayne Gretzky Stanley Cup Career Jerseys Pair #88 of 99,"<p>This licensed Edmonton Oilers jersey has been personally autographed by Wayne Gretzky and is guaranteed authentic. Every item we sell is sourced directly from the player, from official signings, from exclusive distributors, or from autographs certified by recognized third-party authenticators. This piece ships with a numbered Certificate of Authenticity and a tamper-proof, uniquely coded hologram, backed by our 100% Authenticity Guarantee.</p>
<p><strong>Sizing:</strong> This jersey comes in size L or XL. As a high-end signed collectible, it's intended for display rather than everyday wear. If you have questions about the size before ordering, contact us at info@autographauthentic.com.</p>
<p><strong>Packaging &amp; shipping:</strong> Handling typically takes 1–5 business days, and orders typically ship within 7 business days. As an autographed collectible, some orders can take a few additional weeks if the piece is being framed, the jersey is being sewn together, or we're waiting on a celebrity signing — we’ll keep you updated if that applies to your order. See our Shipping Policy for full details.</p>
<p>Photos shown are our catalogue images.</p>","<p>This licensed Edmonton Oilers jersey has been personally autographed by Wayne Gretzky and is guaranteed authentic. Every item we sell is sourced directly from the player, from official signings, from exclusive distributors, or from autographs certified by recognized third-party authenticators. This piece ships with a numbered Certificate of Authenticity and a tamper-proof, uniquely coded hologram, backed by our 100% Authenticity Guarantee.</p>
<p><strong>Sizing:</strong> This jersey comes in size L or XL. As a high-end signed collectible, it's intended for display rather than everyday wear. If you have questions about the size before ordering, contact us at info@autographauthentic.com.</p>
<p><strong>Packaging &amp; shipping:</strong> Handling typically takes 1 to 5 business days, and orders typically ship within 7 business days. As an autographed collectible, some orders can take a few additional weeks if the piece is being framed, the jersey is being sewn together, or we're waiting on a celebrity signing, we’ll keep you updated if that applies to your order. See our Shipping Policy for full details.</p>
<p>Photos shown are our catalogue images.</p>"
7119416066137,career-jersey-yzerman-elite-edition-detroit-red-wings-white-ltd-ed-19-cjcjh32852,Steve Yzerman White Elite Edition Career Jersey,"<p>This licensed Detroit Red Wings jersey has been personally autographed by Steve Yzerman and is guaranteed authentic. Every item we sell is sourced directly from the player, from official signings, from exclusive distributors, or from autographs certified by recognized third-party authenticators. This piece ships with a numbered Certificate of Authenticity and a tamper-proof, uniquely coded hologram, backed by our 100% Authenticity Guarantee.</p>
<p><strong>Sizing:</strong> This jersey comes in size L or XL. As a high-end signed collectible, it's intended for display rather than everyday wear. If you have questions about the size before ordering, contact us at info@autographauthentic.com.</p>
<p><strong>Packaging &amp; shipping:</strong> Handling typically takes 1–5 business days, and orders typically ship within 7 business days. As an autographed collectible, some orders can take a few additional weeks if the piece is being framed, the jersey is being sewn together, or we're waiting on a celebrity signing — we’ll keep you updated if that applies to your order. See our Shipping Policy for full details.</p>
<p>Photos shown are our catalogue images.</p>","<p>This licensed Detroit Red Wings jersey has been personally autographed by Steve Yzerman and is guaranteed authentic. Every item we sell is sourced directly from the player, from official signings, from exclusive distributors, or from autographs certified by recognized third-party authenticators. This piece ships with a numbered Certificate of Authenticity and a tamper-proof, uniquely coded hologram, backed by our 100% Authenticity Guarantee.</p>
<p><strong>Sizing:</strong> This jersey comes in size L or XL. As a high-end signed collectible, it's intended for display rather than everyday wear. If you have questions about the size before ordering, contact us at info@autographauthentic.com.</p>
<p><strong>Packaging &amp; shipping:</strong> Handling typically takes 1 to 5 business days, and orders typically ship within 7 business days. As an autographed collectible, some orders can take a few additional weeks if the piece is being framed, the jersey is being sewn together, or we're waiting on a celebrity signing, we’ll keep you updated if that applies to your order. See our Shipping Policy for full details.</p>
<p>Photos shown are our catalogue images.</p>"
7119416361049,jersey-beliveau-red-montreal-01-aaajh30515,Jean Beliveau Autographed Red Montreal Canadiens Jersey,"<p>This licensed Montreal Canadiens jersey has been personally autographed by Jean Beliveau and is guaranteed authentic. Every item we sell is sourced directly from the player, from official signings, from exclusive distributors, or from autographs certified by recognized third-party authenticators. This piece ships with a numbered Certificate of Authenticity and a tamper-proof, uniquely coded hologram, backed by our 100% Authenticity Guarantee.</p>
<p><strong>Sizing:</strong> This jersey comes in size L or XL. As a high-end signed collectible, it's intended for display rather than everyday wear. If you have questions about the size before ordering, contact us at info@autographauthentic.com.</p>
<p><strong>Packaging &amp; shipping:</strong> Handling typically takes 1–5 business days, and orders typically ship within 7 business days. As an autographed collectible, some orders can take a few additional weeks if the piece is being framed, the jersey is being sewn together, or we're waiting on a celebrity signing — we’ll keep you updated if that applies to your order. See our Shipping Policy for full details.</p>
<p>Photos shown are our catalogue images.</p>","<p>This licensed Montreal Canadiens jersey has been personally autographed by Jean Beliveau and is guaranteed authentic. Every item we sell is sourced directly from the player, from official signings, from exclusive distributors, or from autographs certified by recognized third-party authenticators. This piece ships with a numbered Certificate of Authenticity and a tamper-proof, uniquely coded hologram, backed by our 100% Authenticity Guarantee.</p>
<p><strong>Sizing:</strong> This jersey comes in size L or XL. As a high-end signed collectible, it's intended for display rather than everyday wear. If you have questions about the size before ordering, contact us at info@autographauthentic.com.</p>
<p><strong>Packaging &amp; shipping:</strong> Handling typically takes 1 to 5 business days, and orders typically ship within 7 business days. As an autographed collectible, some orders can take a few additional weeks if the piece is being framed, the jersey is being sewn together, or we're waiting on a celebrity signing, we’ll keep you updated if that applies to your order. See our Shipping Policy for full details.</p>
<p>Photos shown are our catalogue images.</p>"
7188752400473,jersey-lanny-mcdonald-calgary-flames-aaajh33075,Lanny McDonald Autographed Calgary Flames Jersey,"<p>This licensed Calgary Flames jersey has been personally autographed by Lanny McDonald and is guaranteed authentic. Every item we sell is sourced directly from the player, from official signings, from exclusive distributors, or from autographs certified by recognized third-party authenticators. This piece ships with a numbered Certificate of Authenticity and a tamper-proof, uniquely coded hologram, backed by our 100% Authenticity Guarantee.</p>
<p><strong>Sizing:</strong> This jersey comes in size L or XL. As a high-end signed collectible, it's intended for display rather than everyday wear. If you have questions about the size before ordering, contact us at info@autographauthentic.com.</p>
<p><strong>Packaging &amp; shipping:</strong> Handling typically takes 1–5 business days, and orders typically ship within 7 business days. As an autographed collectible, some orders can take a few additional weeks if the piece is being framed, the jersey is being sewn together, or we're waiting on a celebrity signing — we’ll keep you updated if that applies to your order. See our Shipping Policy for full details.</p>
<p>Photos shown are our catalogue images.</p>","<p>This licensed Calgary Flames jersey has been personally autographed by Lanny McDonald and is guaranteed authentic. Every item we sell is sourced directly from the player, from official signings, from exclusive distributors, or from autographs certified by recognized third-party authenticators. This piece ships with a numbered Certificate of Authenticity and a tamper-proof, uniquely coded hologram, backed by our 100% Authenticity Guarantee.</p>
<p><strong>Sizing:</strong> This jersey comes in size L or XL. As a high-end signed collectible, it's intended for display rather than everyday wear. If you have questions about the size before ordering, contact us at info@autographauthentic.com.</p>
<p><strong>Packaging &amp; shipping:</strong> Handling typically takes 1 to 5 business days, and orders typically ship within 7 business days. As an autographed collectible, some orders can take a few additional weeks if the piece is being framed, the jersey is being sewn together, or we're waiting on a celebrity signing, we’ll keep you updated if that applies to your order. See our Shipping Policy for full details.</p>
<p>Photos shown are our catalogue images.</p>"
7238710952025,jersey-hull-blue-winnipeg-alternate-aaajh33085,Bobby Hull Autographed Winnipeg Jets Blue Alternate Jersey,"<p>This licensed Winnipeg Jets Blue jersey has been personally autographed by Bobby Hull and is guaranteed authentic. Every item we sell is sourced directly from the player, from official signings, from exclusive distributors, or from autographs certified by recognized third-party authenticators. This piece ships with a numbered Certificate of Authenticity and a tamper-proof, uniquely coded hologram, backed by our 100% Authenticity Guarantee.</p>
<p><strong>Sizing:</strong> This jersey comes in size L or XL. As a high-end signed collectible, it's intended for display rather than everyday wear. If you have questions about the size before ordering, contact us at info@autographauthentic.com.</p>
<p><strong>Packaging &amp; shipping:</strong> Handling typically takes 1–5 business days, and orders typically ship within 7 business days. As an autographed collectible, some orders can take a few additional weeks if the piece is being framed, the jersey is being sewn together, or we're waiting on a celebrity signing — we’ll keep you updated if that applies to your order. See our Shipping Policy for full details.</p>
<p>Photos shown are our catalogue images.</p>","<p>This licensed Winnipeg Jets Blue jersey has been personally autographed by Bobby Hull and is guaranteed authentic. Every item we sell is sourced directly from the player, from official signings, from exclusive distributors, or from autographs certified by recognized third-party authenticators. This piece ships with a numbered Certificate of Authenticity and a tamper-proof, uniquely coded hologram, backed by our 100% Authenticity Guarantee.</p>
<p><strong>Sizing:</strong> This jersey comes in size L or XL. As a high-end signed collectible, it's intended for display rather than everyday wear. If you have questions about the size before ordering, contact us at info@autographauthentic.com.</p>
<p><strong>Packaging &amp; shipping:</strong> Handling typically takes 1 to 5 business days, and orders typically ship within 7 business days. As an autographed collectible, some orders can take a few additional weeks if the piece is being framed, the jersey is being sewn together, or we're waiting on a celebrity signing, we’ll keep you updated if that applies to your order. See our Shipping Policy for full details.</p>
<p>Photos shown are our catalogue images.</p>"
7263196577881,jersey-ovechkin-washington-capitals-white-aaajh33090,Alexander Ovechkin Autographed Washington Capitals Jersey White,"<p>This licensed Washington Capitals White jersey has been personally autographed by Alexander Ovechkin and is guaranteed authentic. Every item we sell is sourced directly from the player, from official signings, from exclusive distributors, or from autographs certified by recognized third-party authenticators. This piece ships with a numbered Certificate of Authenticity and a tamper-proof, uniquely coded hologram, backed by our 100% Authenticity Guarantee.</p>
<p><strong>Sizing:</strong> This jersey comes in size L or XL. As a high-end signed collectible, it's intended for display rather than everyday wear. If you have questions about the size before ordering, contact us at info@autographauthentic.com.</p>
<p><strong>Packaging &amp; shipping:</strong> Handling typically takes 1–5 business days, and orders typically ship within 7 business days. As an autographed collectible, some orders can take a few additional weeks if the piece is being framed, the jersey is being sewn together, or we're waiting on a celebrity signing — we’ll keep you updated if that applies to your order. See our Shipping Policy for full details.</p>
<p>Photos shown are our catalogue images.</p>","<p>This licensed Washington Capitals White jersey has been personally autographed by Alexander Ovechkin and is guaranteed authentic. Every item we sell is sourced directly from the player, from official signings, from exclusive distributors, or from autographs certified by recognized third-party authenticators. This piece ships with a numbered Certificate of Authenticity and a tamper-proof, uniquely coded hologram, backed by our 100% Authenticity Guarantee.</p>
<p><strong>Sizing:</strong> This jersey comes in size L or XL. As a high-end signed collectible, it's intended for display rather than everyday wear. If you have questions about the size before ordering, contact us at info@autographauthentic.com.</p>
<p><strong>Packaging &amp; shipping:</strong> Handling typically takes 1 to 5 business days, and orders typically ship within 7 business days. As an autographed collectible, some orders can take a few additional weeks if the piece is being framed, the jersey is being sewn together, or we're waiting on a celebrity signing, we’ll keep you updated if that applies to your order. See our Shipping Policy for full details.</p>
<p>Photos shown are our catalogue images.</p>"
7263197495385,jersey-ovechkin-washington-capitals-red-adidas-aaajh33108,Alexander Ovechkin Autographed Red Washington Jersey,"<p>This licensed Washington Capitals jersey has been personally autographed by Alexander Ovechkin and is guaranteed authentic. Every item we sell is sourced directly from the player, from official signings, from exclusive distributors, or from autographs certified by recognized third-party authenticators. This piece ships with a numbered Certificate of Authenticity and a tamper-proof, uniquely coded hologram, backed by our 100% Authenticity Guarantee.</p>
<p><strong>Sizing:</strong> This jersey comes in size L or XL. As a high-end signed collectible, it's intended for display rather than everyday wear. If you have questions about the size before ordering, contact us at info@autographauthentic.com.</p>
<p><strong>Packaging &amp; shipping:</strong> Handling typically takes 1–5 business days, and orders typically ship within 7 business days. As an autographed collectible, some orders can take a few additional weeks if the piece is being framed, the jersey is being sewn together, or we're waiting on a celebrity signing — we’ll keep you updated if that applies to your order. See our Shipping Policy for full details.</p>
<p>Photos shown are our catalogue images.</p>","<p>This licensed Washington Capitals jersey has been personally autographed by Alexander Ovechkin and is guaranteed authentic. Every item we sell is sourced directly from the player, from official signings, from exclusive distributors, or from autographs certified by recognized third-party authenticators. This piece ships with a numbered Certificate of Authenticity and a tamper-proof, uniquely coded hologram, backed by our 100% Authenticity Guarantee.</p>
<p><strong>Sizing:</strong> This jersey comes in size L or XL. As a high-end signed collectible, it's intended for display rather than everyday wear. If you have questions about the size before ordering, contact us at info@autographauthentic.com.</p>
<p><strong>Packaging &amp; shipping:</strong> Handling typically takes 1 to 5 business days, and orders typically ship within 7 business days. As an autographed collectible, some orders can take a few additional weeks if the piece is being framed, the jersey is being sewn together, or we're waiting on a celebrity signing, we’ll keep you updated if that applies to your order. See our Shipping Policy for full details.</p>
<p>Photos shown are our catalogue images.</p>"
7267245457497,connor-mcdavid-autographed-edmonton-oilers-white-adidas-jersey-aaud87741,Connor McDavid Autographed Edmonton Oilers White Jersey,"<p>This licensed Edmonton Oilers White jersey has been personally autographed by Connor McDavid and is guaranteed authentic. Every item we sell is sourced directly from the player, from official signings, from exclusive distributors, or from autographs certified by recognized third-party authenticators. This piece ships with a numbered Certificate of Authenticity and a tamper-proof, uniquely coded hologram, backed by our 100% Authenticity Guarantee.</p>
<p><strong>Sizing:</strong> This jersey comes in size L or XL. As a high-end signed collectible, it's intended for display rather than everyday wear. If you have questions about the size before ordering, contact us at info@autographauthentic.com.</p>
<p><strong>Packaging &amp; shipping:</strong> Handling typically takes 1–5 business days, and orders typically ship within 7 business days. As an autographed collectible, some orders can take a few additional weeks if the piece is being framed, the jersey is being sewn together, or we're waiting on a celebrity signing — we’ll keep you updated if that applies to your order. See our Shipping Policy for full details.</p>
<p>Photos shown are our catalogue images.</p>","<p>This licensed Edmonton Oilers White jersey has been personally autographed by Connor McDavid and is guaranteed authentic. Every item we sell is sourced directly from the player, from official signings, from exclusive distributors, or from autographs certified by recognized third-party authenticators. This piece ships with a numbered Certificate of Authenticity and a tamper-proof, uniquely coded hologram, backed by our 100% Authenticity Guarantee.</p>
<p><strong>Sizing:</strong> This jersey comes in size L or XL. As a high-end signed collectible, it's intended for display rather than everyday wear. If you have questions about the size before ordering, contact us at info@autographauthentic.com.</p>
<p><strong>Packaging &amp; shipping:</strong> Handling typically takes 1 to 5 business days, and orders typically ship within 7 business days. As an autographed collectible, some orders can take a few additional weeks if the piece is being framed, the jersey is being sewn together, or we're waiting on a celebrity signing, we’ll keep you updated if that applies to your order. See our Shipping Policy for full details.</p>
<p>Photos shown are our catalogue images.</p>"
7286903668825,framed-art-ryan-lewis-artist-proof-toad-stool-mushroom-ltd-ed-77-aaapa33129,Ryan Lewis “Amanita Muscaria” Signed Framed Print /77 (31x24),"<p>Featured in the de Young Museum in San Francisco, ""Amanita Muscaria"" is a limited edition print of only 77. An acrylic depiction of a classic toad stool  mushroom nestled amongst foliage on the forest floor. This is the Artist Proof Edition, hand numbered and hand signed by the artist, Ryan Lewis.   This museum framed print measures 31 by 24 inches, a must have for all. Own this amazing piece!</p><p>Photos shown are our catalogue images.</p>","<p>Featured in the de Young Museum in San Francisco, ""Amanita Muscaria"" is a limited edition print of only 77. An acrylic depiction of a classic toad stool mushroom nestled amongst foliage on the forest floor. This is the Artist Proof Edition, hand numbered and hand signed by the artist, Ryan Lewis. This museum framed print measures 31 by 24 inches, a must have for all. Own this amazing piece!</p><p>Photos shown are our catalogue images.</p>"
7286903734361,framed-art-ryan-lewis-artist-proof-le-chateau-wine-glass-ltd-ed-77-aaapa33131,Ryan Lewis “Le Château” Signed Framed Print /77 (30x24),"<p>""Le Château"" is a classic still life wonderfully painted with acrylic, a perfect center piece or addition to your collection. This is the Artist Proof  limited edition of only 77, hand numbered and hand signed by the artist, Ryan Lewis.   This museum framed print measures 30 by 24 inches. Own this amazing piece!</p><p>Photos shown are our catalogue images.</p>","<p>""Le Château"" is a classic still life wonderfully painted with acrylic, a perfect center piece or addition to your collection. This is the Artist Proof limited edition of only 77, hand numbered and hand signed by the artist, Ryan Lewis. This museum framed print measures 30 by 24 inches. Own this amazing piece!</p><p>Photos shown are our catalogue images.</p>"
7288261935193,jersey-clark-adidas-toronto-maple-leafs-blue-aaajh33069,Wendel Clark Signed Adidas Toronto Maple Leafs Blue Jersey,"<p>This licensed Toronto Maple Leafs Blue jersey has been personally autographed by Wendel Clark and is guaranteed authentic. Every item we sell is sourced directly from the player, from official signings, from exclusive distributors, or from autographs certified by recognized third-party authenticators. This piece ships with a numbered Certificate of Authenticity and a tamper-proof, uniquely coded hologram, backed by our 100% Authenticity Guarantee.</p>
<p><strong>Sizing:</strong> This jersey comes in size L or XL. As a high-end signed collectible, it's intended for display rather than everyday wear. If you have questions about the size before ordering, contact us at info@autographauthentic.com.</p>
<p><strong>Packaging &amp; shipping:</strong> Handling typically takes 1–5 business days, and orders typically ship within 7 business days. As an autographed collectible, some orders can take a few additional weeks if the piece is being framed, the jersey is being sewn together, or we're waiting on a celebrity signing — we’ll keep you updated if that applies to your order. See our Shipping Policy for full details.</p>
<p>Photos shown are our catalogue images.</p>","<p>This licensed Toronto Maple Leafs Blue jersey has been personally autographed by Wendel Clark and is guaranteed authentic. Every item we sell is sourced directly from the player, from official signings, from exclusive distributors, or from autographs certified by recognized third-party authenticators. This piece ships with a numbered Certificate of Authenticity and a tamper-proof, uniquely coded hologram, backed by our 100% Authenticity Guarantee.</p>
<p><strong>Sizing:</strong> This jersey comes in size L or XL. As a high-end signed collectible, it's intended for display rather than everyday wear. If you have questions about the size before ordering, contact us at info@autographauthentic.com.</p>
<p><strong>Packaging &amp; shipping:</strong> Handling typically takes 1 to 5 business days, and orders typically ship within 7 business days. As an autographed collectible, some orders can take a few additional weeks if the piece is being framed, the jersey is being sewn together, or we're waiting on a celebrity signing, we’ll keep you updated if that applies to your order. See our Shipping Policy for full details.</p>
<p>Photos shown are our catalogue images.</p>"
7288261967961,jersey-clark-adidas-toronto-maple-leafs-white-aaajh33070,Wendel Clark Signed Adidas Toronto Maple Leafs White Jersey,"<p>This licensed Toronto Maple Leafs White jersey has been personally autographed by Wendel Clark and is guaranteed authentic. Every item we sell is sourced directly from the player, from official signings, from exclusive distributors, or from autographs certified by recognized third-party authenticators. This piece ships with a numbered Certificate of Authenticity and a tamper-proof, uniquely coded hologram, backed by our 100% Authenticity Guarantee.</p>
<p><strong>Sizing:</strong> This jersey comes in size L or XL. As a high-end signed collectible, it's intended for display rather than everyday wear. If you have questions about the size before ordering, contact us at info@autographauthentic.com.</p>
<p><strong>Packaging &amp; shipping:</strong> Handling typically takes 1–5 business days, and orders typically ship within 7 business days. As an autographed collectible, some orders can take a few additional weeks if the piece is being framed, the jersey is being sewn together, or we're waiting on a celebrity signing — we’ll keep you updated if that applies to your order. See our Shipping Policy for full details.</p>
<p>Photos shown are our catalogue images.</p>","<p>This licensed Toronto Maple Leafs White jersey has been personally autographed by Wendel Clark and is guaranteed authentic. Every item we sell is sourced directly from the player, from official signings, from exclusive distributors, or from autographs certified by recognized third-party authenticators. This piece ships with a numbered Certificate of Authenticity and a tamper-proof, uniquely coded hologram, backed by our 100% Authenticity Guarantee.</p>
<p><strong>Sizing:</strong> This jersey comes in size L or XL. As a high-end signed collectible, it's intended for display rather than everyday wear. If you have questions about the size before ordering, contact us at info@autographauthentic.com.</p>
<p><strong>Packaging &amp; shipping:</strong> Handling typically takes 1 to 5 business days, and orders typically ship within 7 business days. As an autographed collectible, some orders can take a few additional weeks if the piece is being framed, the jersey is being sewn together, or we're waiting on a celebrity signing, we’ll keep you updated if that applies to your order. See our Shipping Policy for full details.</p>
<p>Photos shown are our catalogue images.</p>"
7288262557785,jersey-lindros-toronto-maple-leafs-blue-aaajh33053,Eric Lindros Autographed Toronto Maple Leafs Blue Jersey,"<p>This licensed Toronto Maple Leafs Blue jersey has been personally autographed by Eric Lindros and is guaranteed authentic. Every item we sell is sourced directly from the player, from official signings, from exclusive distributors, or from autographs certified by recognized third-party authenticators. This piece ships with a numbered Certificate of Authenticity and a tamper-proof, uniquely coded hologram, backed by our 100% Authenticity Guarantee.</p>
<p><strong>Sizing:</strong> This jersey comes in size L or XL. As a high-end signed collectible, it's intended for display rather than everyday wear. If you have questions about the size before ordering, contact us at info@autographauthentic.com.</p>
<p><strong>Packaging &amp; shipping:</strong> Handling typically takes 1–5 business days, and orders typically ship within 7 business days. As an autographed collectible, some orders can take a few additional weeks if the piece is being framed, the jersey is being sewn together, or we're waiting on a celebrity signing — we’ll keep you updated if that applies to your order. See our Shipping Policy for full details.</p>
<p>Photos shown are our catalogue images.</p>","<p>This licensed Toronto Maple Leafs Blue jersey has been personally autographed by Eric Lindros and is guaranteed authentic. Every item we sell is sourced directly from the player, from official signings, from exclusive distributors, or from autographs certified by recognized third-party authenticators. This piece ships with a numbered Certificate of Authenticity and a tamper-proof, uniquely coded hologram, backed by our 100% Authenticity Guarantee.</p>
<p><strong>Sizing:</strong> This jersey comes in size L or XL. As a high-end signed collectible, it's intended for display rather than everyday wear. If you have questions about the size before ordering, contact us at info@autographauthentic.com.</p>
<p><strong>Packaging &amp; shipping:</strong> Handling typically takes 1 to 5 business days, and orders typically ship within 7 business days. As an autographed collectible, some orders can take a few additional weeks if the piece is being framed, the jersey is being sewn together, or we're waiting on a celebrity signing, we’ll keep you updated if that applies to your order. See our Shipping Policy for full details.</p>
<p>Photos shown are our catalogue images.</p>"
7288262787161,jersey-marner-toronto-maple-leafs-blue-aaajh33049,Mitch Marner Autographed Toronto Maple Leafs Blue Jersey,"<p>This licensed Toronto Maple Leafs Blue jersey has been personally autographed by Mitch Marner and is guaranteed authentic. Every item we sell is sourced directly from the player, from official signings, from exclusive distributors, or from autographs certified by recognized third-party authenticators. This piece ships with a numbered Certificate of Authenticity and a tamper-proof, uniquely coded hologram, backed by our 100% Authenticity Guarantee.</p>
<p><strong>Sizing:</strong> This jersey comes in size L or XL. As a high-end signed collectible, it's intended for display rather than everyday wear. If you have questions about the size before ordering, contact us at info@autographauthentic.com.</p>
<p><strong>Packaging &amp; shipping:</strong> Handling typically takes 1–5 business days, and orders typically ship within 7 business days. As an autographed collectible, some orders can take a few additional weeks if the piece is being framed, the jersey is being sewn together, or we're waiting on a celebrity signing — we’ll keep you updated if that applies to your order. See our Shipping Policy for full details.</p>
<p>Photos shown are our catalogue images.</p>","<p>This licensed Toronto Maple Leafs Blue jersey has been personally autographed by Mitch Marner and is guaranteed authentic. Every item we sell is sourced directly from the player, from official signings, from exclusive distributors, or from autographs certified by recognized third-party authenticators. This piece ships with a numbered Certificate of Authenticity and a tamper-proof, uniquely coded hologram, backed by our 100% Authenticity Guarantee.</p>
<p><strong>Sizing:</strong> This jersey comes in size L or XL. As a high-end signed collectible, it's intended for display rather than everyday wear. If you have questions about the size before ordering, contact us at info@autographauthentic.com.</p>
<p><strong>Packaging &amp; shipping:</strong> Handling typically takes 1 to 5 business days, and orders typically ship within 7 business days. As an autographed collectible, some orders can take a few additional weeks if the piece is being framed, the jersey is being sewn together, or we're waiting on a celebrity signing, we’ll keep you updated if that applies to your order. See our Shipping Policy for full details.</p>
<p>Photos shown are our catalogue images.</p>"
7304939896921,flat-art-ryan-lewis-artist-proof-le-chateau-wine-glass-ltd-ed-77-aaapa33132,Ryan Lewis “Le Château” Signed Unframed Print /77 (20x17),"<p>""Le Château"" is a classic still life wonderfully painted with acrylic, a perfect center piece or addition to your collection. This is the Artist Proof  limited edition of only 77, hand numbered and hand signed by the artist, Ryan Lewis.   Measures  20 by 17 inches, a must have for all. Own this amazing piece!</p><p>Photos shown are our catalogue images.</p>","<p>""Le Château"" is a classic still life wonderfully painted with acrylic, a perfect center piece or addition to your collection. This is the Artist Proof limited edition of only 77, hand numbered and hand signed by the artist, Ryan Lewis. Measures 20 by 17 inches, a must have for all. Own this amazing piece!</p><p>Photos shown are our catalogue images.</p>"
7304939929689,flat-art-ryan-lewis-artist-proof-toad-stool-mushroom-ltd-ed-77-aaapa33130,Ryan Lewis “Amanita Muscaria” Signed Unframed Print /77 (20x16.5),"<p>Featured in the de Young Museum in San Francisco, ""Amanita Muscaria"" is a limited edition print of only 77. An acrylic depiction of a classic toad stool  mushroom nestled amongst foliage on the forest floor. This is the Artist Proof Edition, hand numbered and hand signed by the artist, Ryan Lewis.   Measures 20 by 16.5 inches, a must have for all. Own this amazing piece!</p><p>Photos shown are our catalogue images.</p>","<p>Featured in the de Young Museum in San Francisco, ""Amanita Muscaria"" is a limited edition print of only 77. An acrylic depiction of a classic toad stool mushroom nestled amongst foliage on the forest floor. This is the Artist Proof Edition, hand numbered and hand signed by the artist, Ryan Lewis. Measures 20 by 16.5 inches, a must have for all. Own this amazing piece!</p><p>Photos shown are our catalogue images.</p>"
7312119955545,stanley-cup-jersey-jean-beliveau-white-montreal-canadiens-ltd-ed-10-cjcjh33111,Jean Beliveau Signed Stanley Cup Edition Jersey Ltd /10,"<p>This licensed autographed jersey has been personally autographed by Jean Beliveau and is guaranteed authentic. Every item we sell is sourced directly from the player, from official signings, from exclusive distributors, or from autographs certified by recognized third-party authenticators. This piece ships with a numbered Certificate of Authenticity and a tamper-proof, uniquely coded hologram, backed by our 100% Authenticity Guarantee.</p>
<p><strong>Sizing:</strong> This jersey comes in size L or XL. As a high-end signed collectible, it's intended for display rather than everyday wear. If you have questions about the size before ordering, contact us at info@autographauthentic.com.</p>
<p><strong>Packaging &amp; shipping:</strong> Handling typically takes 1–5 business days, and orders typically ship within 7 business days. As an autographed collectible, some orders can take a few additional weeks if the piece is being framed, the jersey is being sewn together, or we're waiting on a celebrity signing — we’ll keep you updated if that applies to your order. See our Shipping Policy for full details.</p>
<p>Photos shown are our catalogue images.</p>","<p>This licensed autographed jersey has been personally autographed by Jean Beliveau and is guaranteed authentic. Every item we sell is sourced directly from the player, from official signings, from exclusive distributors, or from autographs certified by recognized third-party authenticators. This piece ships with a numbered Certificate of Authenticity and a tamper-proof, uniquely coded hologram, backed by our 100% Authenticity Guarantee.</p>
<p><strong>Sizing:</strong> This jersey comes in size L or XL. As a high-end signed collectible, it's intended for display rather than everyday wear. If you have questions about the size before ordering, contact us at info@autographauthentic.com.</p>
<p><strong>Packaging &amp; shipping:</strong> Handling typically takes 1 to 5 business days, and orders typically ship within 7 business days. As an autographed collectible, some orders can take a few additional weeks if the piece is being framed, the jersey is being sewn together, or we're waiting on a celebrity signing, we’ll keep you updated if that applies to your order. See our Shipping Policy for full details.</p>
<p>Photos shown are our catalogue images.</p>"
7354436485209,jersey-lafleur-quebec-nordiques-blue-aaajh33110,Guy Lafleur Autographed Quebec Nordiques Blue Jersey,"<p>This licensed Quebec Nordiques Blue jersey has been personally autographed by Guy Lafleur and is guaranteed authentic. Every item we sell is sourced directly from the player, from official signings, from exclusive distributors, or from autographs certified by recognized third-party authenticators. This piece ships with a numbered Certificate of Authenticity and a tamper-proof, uniquely coded hologram, backed by our 100% Authenticity Guarantee.</p>
<p><strong>Sizing:</strong> This jersey comes in size L or XL. As a high-end signed collectible, it's intended for display rather than everyday wear. If you have questions about the size before ordering, contact us at info@autographauthentic.com.</p>
<p><strong>Packaging &amp; shipping:</strong> Handling typically takes 1–5 business days, and orders typically ship within 7 business days. As an autographed collectible, some orders can take a few additional weeks if the piece is being framed, the jersey is being sewn together, or we're waiting on a celebrity signing — we’ll keep you updated if that applies to your order. See our Shipping Policy for full details.</p>
<p>Photos shown are our catalogue images.</p>","<p>This licensed Quebec Nordiques Blue jersey has been personally autographed by Guy Lafleur and is guaranteed authentic. Every item we sell is sourced directly from the player, from official signings, from exclusive distributors, or from autographs certified by recognized third-party authenticators. This piece ships with a numbered Certificate of Authenticity and a tamper-proof, uniquely coded hologram, backed by our 100% Authenticity Guarantee.</p>
<p><strong>Sizing:</strong> This jersey comes in size L or XL. As a high-end signed collectible, it's intended for display rather than everyday wear. If you have questions about the size before ordering, contact us at info@autographauthentic.com.</p>
<p><strong>Packaging &amp; shipping:</strong> Handling typically takes 1 to 5 business days, and orders typically ship within 7 business days. As an autographed collectible, some orders can take a few additional weeks if the piece is being framed, the jersey is being sewn together, or we're waiting on a celebrity signing, we’ll keep you updated if that applies to your order. See our Shipping Policy for full details.</p>
<p>Photos shown are our catalogue images.</p>"
7397863522393,career-jersey-fleury-1of199-cjpch32062,Theoren Fleury Career Jersey #1 of 199,"<p>This licensed Calgary Flames jersey has been personally autographed by Theoren Fleury and is guaranteed authentic. Every item we sell is sourced directly from the player, from official signings, from exclusive distributors, or from autographs certified by recognized third-party authenticators. This piece ships with a numbered Certificate of Authenticity and a tamper-proof, uniquely coded hologram, backed by our 100% Authenticity Guarantee.</p>
<p><strong>Sizing:</strong> This jersey comes in size L or XL. As a high-end signed collectible, it's intended for display rather than everyday wear. If you have questions about the size before ordering, contact us at info@autographauthentic.com.</p>
<p><strong>Packaging &amp; shipping:</strong> Handling typically takes 1–5 business days, and orders typically ship within 7 business days. As an autographed collectible, some orders can take a few additional weeks if the piece is being framed, the jersey is being sewn together, or we're waiting on a celebrity signing — we’ll keep you updated if that applies to your order. See our Shipping Policy for full details.</p>
<p>Photos shown are our catalogue images.</p>","<p>This licensed Calgary Flames jersey has been personally autographed by Theoren Fleury and is guaranteed authentic. Every item we sell is sourced directly from the player, from official signings, from exclusive distributors, or from autographs certified by recognized third-party authenticators. This piece ships with a numbered Certificate of Authenticity and a tamper-proof, uniquely coded hologram, backed by our 100% Authenticity Guarantee.</p>
<p><strong>Sizing:</strong> This jersey comes in size L or XL. As a high-end signed collectible, it's intended for display rather than everyday wear. If you have questions about the size before ordering, contact us at info@autographauthentic.com.</p>
<p><strong>Packaging &amp; shipping:</strong> Handling typically takes 1 to 5 business days, and orders typically ship within 7 business days. As an autographed collectible, some orders can take a few additional weeks if the piece is being framed, the jersey is being sewn together, or we're waiting on a celebrity signing, we’ll keep you updated if that applies to your order. See our Shipping Policy for full details.</p>
<p>Photos shown are our catalogue images.</p>"
7397947539545,jersey-connor-bedard-chicago-blackhawks-fanatics-aaajh33179,Connor Bedard Signed Jersey Chicago Blackhawks Fanatics,"<p>This licensed Chicago Blackhawks jersey has been personally autographed by Connor Bedard and is guaranteed authentic. Every item we sell is sourced directly from the player, from official signings, from exclusive distributors, or from autographs certified by recognized third-party authenticators. This piece ships with a numbered Certificate of Authenticity and a tamper-proof, uniquely coded hologram, backed by our 100% Authenticity Guarantee.</p>
<p><strong>Sizing:</strong> This jersey comes in size L or XL. As a high-end signed collectible, it's intended for display rather than everyday wear. If you have questions about the size before ordering, contact us at info@autographauthentic.com.</p>
<p><strong>Packaging &amp; shipping:</strong> Handling typically takes 1–5 business days, and orders typically ship within 7 business days. As an autographed collectible, some orders can take a few additional weeks if the piece is being framed, the jersey is being sewn together, or we're waiting on a celebrity signing — we’ll keep you updated if that applies to your order. See our Shipping Policy for full details.</p>
<p>Photos shown are our catalogue images.</p>","<p>This licensed Chicago Blackhawks jersey has been personally autographed by Connor Bedard and is guaranteed authentic. Every item we sell is sourced directly from the player, from official signings, from exclusive distributors, or from autographs certified by recognized third-party authenticators. This piece ships with a numbered Certificate of Authenticity and a tamper-proof, uniquely coded hologram, backed by our 100% Authenticity Guarantee.</p>
<p><strong>Sizing:</strong> This jersey comes in size L or XL. As a high-end signed collectible, it's intended for display rather than everyday wear. If you have questions about the size before ordering, contact us at info@autographauthentic.com.</p>
<p><strong>Packaging &amp; shipping:</strong> Handling typically takes 1 to 5 business days, and orders typically ship within 7 business days. As an autographed collectible, some orders can take a few additional weeks if the piece is being framed, the jersey is being sewn together, or we're waiting on a celebrity signing, we’ll keep you updated if that applies to your order. See our Shipping Policy for full details.</p>
<p>Photos shown are our catalogue images.</p>"
7397947637849,jersey-connor-bedard-chicago-blackhawks-adidas-aaajh33180,Connor Bedard Signed Jersey Chicago Blackhawks Adidas,"<p>This licensed Chicago Blackhawks jersey has been personally autographed by Connor Bedard and is guaranteed authentic. Every item we sell is sourced directly from the player, from official signings, from exclusive distributors, or from autographs certified by recognized third-party authenticators. This piece ships with a numbered Certificate of Authenticity and a tamper-proof, uniquely coded hologram, backed by our 100% Authenticity Guarantee.</p>
<p><strong>Sizing:</strong> This jersey comes in size L or XL. As a high-end signed collectible, it's intended for display rather than everyday wear. If you have questions about the size before ordering, contact us at info@autographauthentic.com.</p>
<p><strong>Packaging &amp; shipping:</strong> Handling typically takes 1–5 business days, and orders typically ship within 7 business days. As an autographed collectible, some orders can take a few additional weeks if the piece is being framed, the jersey is being sewn together, or we're waiting on a celebrity signing — we’ll keep you updated if that applies to your order. See our Shipping Policy for full details.</p>
<p>Photos shown are our catalogue images.</p>","<p>This licensed Chicago Blackhawks jersey has been personally autographed by Connor Bedard and is guaranteed authentic. Every item we sell is sourced directly from the player, from official signings, from exclusive distributors, or from autographs certified by recognized third-party authenticators. This piece ships with a numbered Certificate of Authenticity and a tamper-proof, uniquely coded hologram, backed by our 100% Authenticity Guarantee.</p>
<p><strong>Sizing:</strong> This jersey comes in size L or XL. As a high-end signed collectible, it's intended for display rather than everyday wear. If you have questions about the size before ordering, contact us at info@autographauthentic.com.</p>
<p><strong>Packaging &amp; shipping:</strong> Handling typically takes 1 to 5 business days, and orders typically ship within 7 business days. As an autographed collectible, some orders can take a few additional weeks if the piece is being framed, the jersey is being sewn together, or we're waiting on a celebrity signing, we’ll keep you updated if that applies to your order. See our Shipping Policy for full details.</p>
<p>Photos shown are our catalogue images.</p>"
7417187795033,jersey-crosby-pittsburgh-penguins-white-limited-edition-87-aaajh33189,Sidney Crosby Autographed Pittsburgh Penguins White Jersey /87,"<p>This licensed Pittsburgh Penguins White jersey has been personally autographed by Sidney Crosby and is guaranteed authentic. Every item we sell is sourced directly from the player, from official signings, from exclusive distributors, or from autographs certified by recognized third-party authenticators. This piece ships with a numbered Certificate of Authenticity and a tamper-proof, uniquely coded hologram, backed by our 100% Authenticity Guarantee.</p>
<p><strong>Sizing:</strong> This jersey comes in size L or XL. As a high-end signed collectible, it's intended for display rather than everyday wear. If you have questions about the size before ordering, contact us at info@autographauthentic.com.</p>
<p><strong>Packaging &amp; shipping:</strong> Handling typically takes 1–5 business days, and orders typically ship within 7 business days. As an autographed collectible, some orders can take a few additional weeks if the piece is being framed, the jersey is being sewn together, or we're waiting on a celebrity signing — we’ll keep you updated if that applies to your order. See our Shipping Policy for full details.</p>
<p>Photos shown are our catalogue images.</p>","<p>This licensed Pittsburgh Penguins White jersey has been personally autographed by Sidney Crosby and is guaranteed authentic. Every item we sell is sourced directly from the player, from official signings, from exclusive distributors, or from autographs certified by recognized third-party authenticators. This piece ships with a numbered Certificate of Authenticity and a tamper-proof, uniquely coded hologram, backed by our 100% Authenticity Guarantee.</p>
<p><strong>Sizing:</strong> This jersey comes in size L or XL. As a high-end signed collectible, it's intended for display rather than everyday wear. If you have questions about the size before ordering, contact us at info@autographauthentic.com.</p>
<p><strong>Packaging &amp; shipping:</strong> Handling typically takes 1 to 5 business days, and orders typically ship within 7 business days. As an autographed collectible, some orders can take a few additional weeks if the piece is being framed, the jersey is being sewn together, or we're waiting on a celebrity signing, we’ll keep you updated if that applies to your order. See our Shipping Policy for full details.</p>
<p>Photos shown are our catalogue images.</p>"
7417187827801,jersey-howe-red-01-aaajh31218,Gordie Howe Autographed Detroit Red Wings Red Jersey,"<p>This licensed Detroit Red Wings Red jersey has been personally autographed by Gordie Howe and is guaranteed authentic. Every item we sell is sourced directly from the player, from official signings, from exclusive distributors, or from autographs certified by recognized third-party authenticators. This piece ships with a numbered Certificate of Authenticity and a tamper-proof, uniquely coded hologram, backed by our 100% Authenticity Guarantee.</p>
<p><strong>Sizing:</strong> This jersey comes in size L or XL. As a high-end signed collectible, it's intended for display rather than everyday wear. If you have questions about the size before ordering, contact us at info@autographauthentic.com.</p>
<p><strong>Packaging &amp; shipping:</strong> Handling typically takes 1–5 business days, and orders typically ship within 7 business days. As an autographed collectible, some orders can take a few additional weeks if the piece is being framed, the jersey is being sewn together, or we're waiting on a celebrity signing — we’ll keep you updated if that applies to your order. See our Shipping Policy for full details.</p>
<p>Photos shown are our catalogue images.</p>","<p>This licensed Detroit Red Wings Red jersey has been personally autographed by Gordie Howe and is guaranteed authentic. Every item we sell is sourced directly from the player, from official signings, from exclusive distributors, or from autographs certified by recognized third-party authenticators. This piece ships with a numbered Certificate of Authenticity and a tamper-proof, uniquely coded hologram, backed by our 100% Authenticity Guarantee.</p>
<p><strong>Sizing:</strong> This jersey comes in size L or XL. As a high-end signed collectible, it's intended for display rather than everyday wear. If you have questions about the size before ordering, contact us at info@autographauthentic.com.</p>
<p><strong>Packaging &amp; shipping:</strong> Handling typically takes 1 to 5 business days, and orders typically ship within 7 business days. As an autographed collectible, some orders can take a few additional weeks if the piece is being framed, the jersey is being sewn together, or we're waiting on a celebrity signing, we’ll keep you updated if that applies to your order. See our Shipping Policy for full details.</p>
<p>Photos shown are our catalogue images.</p>"
7446588588121,jersey-crosby-team-canada-black-limited-edition-87-aaajh33196,Sidney Crosby Signed 2014 Team Canada Black Jersey,"<p>This licensed Team Canada Black jersey has been personally autographed by Sidney Crosby and is guaranteed authentic. Every item we sell is sourced directly from the player, from official signings, from exclusive distributors, or from autographs certified by recognized third-party authenticators. This piece ships with a numbered Certificate of Authenticity and a tamper-proof, uniquely coded hologram, backed by our 100% Authenticity Guarantee.</p>
<p><strong>Sizing:</strong> This jersey comes in size L or XL. As a high-end signed collectible, it's intended for display rather than everyday wear. If you have questions about the size before ordering, contact us at info@autographauthentic.com.</p>
<p><strong>Packaging &amp; shipping:</strong> Handling typically takes 1–5 business days, and orders typically ship within 7 business days. As an autographed collectible, some orders can take a few additional weeks if the piece is being framed, the jersey is being sewn together, or we're waiting on a celebrity signing — we’ll keep you updated if that applies to your order. See our Shipping Policy for full details.</p>
<p>Photos shown are our catalogue images.</p>","<p>This licensed Team Canada Black jersey has been personally autographed by Sidney Crosby and is guaranteed authentic. Every item we sell is sourced directly from the player, from official signings, from exclusive distributors, or from autographs certified by recognized third-party authenticators. This piece ships with a numbered Certificate of Authenticity and a tamper-proof, uniquely coded hologram, backed by our 100% Authenticity Guarantee.</p>
<p><strong>Sizing:</strong> This jersey comes in size L or XL. As a high-end signed collectible, it's intended for display rather than everyday wear. If you have questions about the size before ordering, contact us at info@autographauthentic.com.</p>
<p><strong>Packaging &amp; shipping:</strong> Handling typically takes 1 to 5 business days, and orders typically ship within 7 business days. As an autographed collectible, some orders can take a few additional weeks if the piece is being framed, the jersey is being sewn together, or we're waiting on a celebrity signing, we’ll keep you updated if that applies to your order. See our Shipping Policy for full details.</p>
<p>Photos shown are our catalogue images.</p>"
7455057412185,jersey-lafleur-light-blue-montreal-aaajh33197,Guy Lafleur Autographed Montreal Canadiens Light Blue Jersey,"<p>This licensed Montreal Canadiens jersey has been personally autographed by Guy Lafleur and is guaranteed authentic. Every item we sell is sourced directly from the player, from official signings, from exclusive distributors, or from autographs certified by recognized third-party authenticators. This piece ships with a numbered Certificate of Authenticity and a tamper-proof, uniquely coded hologram, backed by our 100% Authenticity Guarantee.</p>
<p><strong>Sizing:</strong> This jersey comes in size L or XL. As a high-end signed collectible, it's intended for display rather than everyday wear. If you have questions about the size before ordering, contact us at info@autographauthentic.com.</p>
<p><strong>Packaging &amp; shipping:</strong> Handling typically takes 1–5 business days, and orders typically ship within 7 business days. As an autographed collectible, some orders can take a few additional weeks if the piece is being framed, the jersey is being sewn together, or we're waiting on a celebrity signing — we’ll keep you updated if that applies to your order. See our Shipping Policy for full details.</p>
<p>Photos shown are our catalogue images.</p>","<p>This licensed Montreal Canadiens jersey has been personally autographed by Guy Lafleur and is guaranteed authentic. Every item we sell is sourced directly from the player, from official signings, from exclusive distributors, or from autographs certified by recognized third-party authenticators. This piece ships with a numbered Certificate of Authenticity and a tamper-proof, uniquely coded hologram, backed by our 100% Authenticity Guarantee.</p>
<p><strong>Sizing:</strong> This jersey comes in size L or XL. As a high-end signed collectible, it's intended for display rather than everyday wear. If you have questions about the size before ordering, contact us at info@autographauthentic.com.</p>
<p><strong>Packaging &amp; shipping:</strong> Handling typically takes 1 to 5 business days, and orders typically ship within 7 business days. As an autographed collectible, some orders can take a few additional weeks if the piece is being framed, the jersey is being sewn together, or we're waiting on a celebrity signing, we’ll keep you updated if that applies to your order. See our Shipping Policy for full details.</p>
<p>Photos shown are our catalogue images.</p>"
7455057674329,jersey-roy-red-montreal-canadiens-front-signature-mitchell-ness-aaajh33203,Patrick Roy Autographed Montreal Canadiens Red Jersey,"<p>This licensed Montreal Canadiens Red jersey has been personally autographed by Patrick Roy and is guaranteed authentic. Every item we sell is sourced directly from the player, from official signings, from exclusive distributors, or from autographs certified by recognized third-party authenticators. This piece ships with a numbered Certificate of Authenticity and a tamper-proof, uniquely coded hologram, backed by our 100% Authenticity Guarantee.</p>
<p><strong>Sizing:</strong> This jersey comes in size L or XL. As a high-end signed collectible, it's intended for display rather than everyday wear. If you have questions about the size before ordering, contact us at info@autographauthentic.com.</p>
<p><strong>Packaging &amp; shipping:</strong> Handling typically takes 1–5 business days, and orders typically ship within 7 business days. As an autographed collectible, some orders can take a few additional weeks if the piece is being framed, the jersey is being sewn together, or we're waiting on a celebrity signing — we’ll keep you updated if that applies to your order. See our Shipping Policy for full details.</p>
<p>Photos shown are our catalogue images.</p>","<p>This licensed Montreal Canadiens Red jersey has been personally autographed by Patrick Roy and is guaranteed authentic. Every item we sell is sourced directly from the player, from official signings, from exclusive distributors, or from autographs certified by recognized third-party authenticators. This piece ships with a numbered Certificate of Authenticity and a tamper-proof, uniquely coded hologram, backed by our 100% Authenticity Guarantee.</p>
<p><strong>Sizing:</strong> This jersey comes in size L or XL. As a high-end signed collectible, it's intended for display rather than everyday wear. If you have questions about the size before ordering, contact us at info@autographauthentic.com.</p>
<p><strong>Packaging &amp; shipping:</strong> Handling typically takes 1 to 5 business days, and orders typically ship within 7 business days. As an autographed collectible, some orders can take a few additional weeks if the piece is being framed, the jersey is being sewn together, or we're waiting on a celebrity signing, we’ll keep you updated if that applies to your order. See our Shipping Policy for full details.</p>
<p>Photos shown are our catalogue images.</p>"
7456419938393,jersey-bower-navy-toronto-arenas-tml-aaajh33198,Johnny Bower Autographed Toronto Arenas Navy Blue Jersey,"<p>This licensed Toronto Arenas jersey has been personally autographed by Johnny Bower and is guaranteed authentic. Every item we sell is sourced directly from the player, from official signings, from exclusive distributors, or from autographs certified by recognized third-party authenticators. This piece ships with a numbered Certificate of Authenticity and a tamper-proof, uniquely coded hologram, backed by our 100% Authenticity Guarantee.</p>
<p><strong>Sizing:</strong> This jersey comes in size L or XL. As a high-end signed collectible, it's intended for display rather than everyday wear. If you have questions about the size before ordering, contact us at info@autographauthentic.com.</p>
<p><strong>Packaging &amp; shipping:</strong> Handling typically takes 1–5 business days, and orders typically ship within 7 business days. As an autographed collectible, some orders can take a few additional weeks if the piece is being framed, the jersey is being sewn together, or we're waiting on a celebrity signing — we’ll keep you updated if that applies to your order. See our Shipping Policy for full details.</p>
<p>Photos shown are our catalogue images.</p>","<p>This licensed Toronto Arenas jersey has been personally autographed by Johnny Bower and is guaranteed authentic. Every item we sell is sourced directly from the player, from official signings, from exclusive distributors, or from autographs certified by recognized third-party authenticators. This piece ships with a numbered Certificate of Authenticity and a tamper-proof, uniquely coded hologram, backed by our 100% Authenticity Guarantee.</p>
<p><strong>Sizing:</strong> This jersey comes in size L or XL. As a high-end signed collectible, it's intended for display rather than everyday wear. If you have questions about the size before ordering, contact us at info@autographauthentic.com.</p>
<p><strong>Packaging &amp; shipping:</strong> Handling typically takes 1 to 5 business days, and orders typically ship within 7 business days. As an autographed collectible, some orders can take a few additional weeks if the piece is being framed, the jersey is being sewn together, or we're waiting on a celebrity signing, we’ll keep you updated if that applies to your order. See our Shipping Policy for full details.</p>
<p>Photos shown are our catalogue images.</p>"
7463324123225,career-jersey-bourque-1of177-cjpch32057,Raymond Bourque Boston Bruins Career Jersey #1 of 177,"<p>This licensed Boston Bruins jersey has been personally autographed by Raymond Bourque and is guaranteed authentic. Every item we sell is sourced directly from the player, from official signings, from exclusive distributors, or from autographs certified by recognized third-party authenticators. This piece ships with a numbered Certificate of Authenticity and a tamper-proof, uniquely coded hologram, backed by our 100% Authenticity Guarantee.</p>
<p><strong>Sizing:</strong> This jersey comes in size L or XL. As a high-end signed collectible, it's intended for display rather than everyday wear. If you have questions about the size before ordering, contact us at info@autographauthentic.com.</p>
<p><strong>Packaging &amp; shipping:</strong> Handling typically takes 1–5 business days, and orders typically ship within 7 business days. As an autographed collectible, some orders can take a few additional weeks if the piece is being framed, the jersey is being sewn together, or we're waiting on a celebrity signing — we’ll keep you updated if that applies to your order. See our Shipping Policy for full details.</p>
<p>Photos shown are our catalogue images.</p>","<p>This licensed Boston Bruins jersey has been personally autographed by Raymond Bourque and is guaranteed authentic. Every item we sell is sourced directly from the player, from official signings, from exclusive distributors, or from autographs certified by recognized third-party authenticators. This piece ships with a numbered Certificate of Authenticity and a tamper-proof, uniquely coded hologram, backed by our 100% Authenticity Guarantee.</p>
<p><strong>Sizing:</strong> This jersey comes in size L or XL. As a high-end signed collectible, it's intended for display rather than everyday wear. If you have questions about the size before ordering, contact us at info@autographauthentic.com.</p>
<p><strong>Packaging &amp; shipping:</strong> Handling typically takes 1 to 5 business days, and orders typically ship within 7 business days. As an autographed collectible, some orders can take a few additional weeks if the piece is being framed, the jersey is being sewn together, or we're waiting on a celebrity signing, we’ll keep you updated if that applies to your order. See our Shipping Policy for full details.</p>
<p>Photos shown are our catalogue images.</p>"
7463324254297,career-jersey-coffey-199of199-cjpch32096,Paul Coffey Edmonton Oilers Career Jersey #199 of 199,"<p>This licensed Edmonton Oilers jersey has been personally autographed by Paul Coffey and is guaranteed authentic. Every item we sell is sourced directly from the player, from official signings, from exclusive distributors, or from autographs certified by recognized third-party authenticators. This piece ships with a numbered Certificate of Authenticity and a tamper-proof, uniquely coded hologram, backed by our 100% Authenticity Guarantee.</p>
<p><strong>Sizing:</strong> This jersey comes in size L or XL. As a high-end signed collectible, it's intended for display rather than everyday wear. If you have questions about the size before ordering, contact us at info@autographauthentic.com.</p>
<p><strong>Packaging &amp; shipping:</strong> Handling typically takes 1–5 business days, and orders typically ship within 7 business days. As an autographed collectible, some orders can take a few additional weeks if the piece is being framed, the jersey is being sewn together, or we're waiting on a celebrity signing — we’ll keep you updated if that applies to your order. See our Shipping Policy for full details.</p>
<p>Photos shown are our catalogue images.</p>","<p>This licensed Edmonton Oilers jersey has been personally autographed by Paul Coffey and is guaranteed authentic. Every item we sell is sourced directly from the player, from official signings, from exclusive distributors, or from autographs certified by recognized third-party authenticators. This piece ships with a numbered Certificate of Authenticity and a tamper-proof, uniquely coded hologram, backed by our 100% Authenticity Guarantee.</p>
<p><strong>Sizing:</strong> This jersey comes in size L or XL. As a high-end signed collectible, it's intended for display rather than everyday wear. If you have questions about the size before ordering, contact us at info@autographauthentic.com.</p>
<p><strong>Packaging &amp; shipping:</strong> Handling typically takes 1 to 5 business days, and orders typically ship within 7 business days. As an autographed collectible, some orders can take a few additional weeks if the piece is being framed, the jersey is being sewn together, or we're waiting on a celebrity signing, we’ll keep you updated if that applies to your order. See our Shipping Policy for full details.</p>
<p>Photos shown are our catalogue images.</p>"
7463324319833,career-jersey-coffey-1of199-01-cjpch30089,Paul Coffey Edmonton Oilers Career Jersey #1 of 199,"<p>This licensed Edmonton Oilers jersey has been personally autographed by Paul Coffey and is guaranteed authentic. Every item we sell is sourced directly from the player, from official signings, from exclusive distributors, or from autographs certified by recognized third-party authenticators. This piece ships with a numbered Certificate of Authenticity and a tamper-proof, uniquely coded hologram, backed by our 100% Authenticity Guarantee.</p>
<p><strong>Sizing:</strong> This jersey comes in size L or XL. As a high-end signed collectible, it's intended for display rather than everyday wear. If you have questions about the size before ordering, contact us at info@autographauthentic.com.</p>
<p><strong>Packaging &amp; shipping:</strong> Handling typically takes 1–5 business days, and orders typically ship within 7 business days. As an autographed collectible, some orders can take a few additional weeks if the piece is being framed, the jersey is being sewn together, or we're waiting on a celebrity signing — we’ll keep you updated if that applies to your order. See our Shipping Policy for full details.</p>
<p>Photos shown are our catalogue images.</p>","<p>This licensed Edmonton Oilers jersey has been personally autographed by Paul Coffey and is guaranteed authentic. Every item we sell is sourced directly from the player, from official signings, from exclusive distributors, or from autographs certified by recognized third-party authenticators. This piece ships with a numbered Certificate of Authenticity and a tamper-proof, uniquely coded hologram, backed by our 100% Authenticity Guarantee.</p>
<p><strong>Sizing:</strong> This jersey comes in size L or XL. As a high-end signed collectible, it's intended for display rather than everyday wear. If you have questions about the size before ordering, contact us at info@autographauthentic.com.</p>
<p><strong>Packaging &amp; shipping:</strong> Handling typically takes 1 to 5 business days, and orders typically ship within 7 business days. As an autographed collectible, some orders can take a few additional weeks if the piece is being framed, the jersey is being sewn together, or we're waiting on a celebrity signing, we’ll keep you updated if that applies to your order. See our Shipping Policy for full details.</p>
<p>Photos shown are our catalogue images.</p>"
7463324450905,career-jersey-gilmour-193of193-01-cjpch30068,Doug Gilmour Career Jersey #193 of 193,"<p>This licensed Toronto Maple Leafs jersey has been personally autographed by Doug Gilmour and is guaranteed authentic. Every item we sell is sourced directly from the player, from official signings, from exclusive distributors, or from autographs certified by recognized third-party authenticators. This piece ships with a numbered Certificate of Authenticity and a tamper-proof, uniquely coded hologram, backed by our 100% Authenticity Guarantee.</p>
<p><strong>Sizing:</strong> This jersey comes in size L or XL. As a high-end signed collectible, it's intended for display rather than everyday wear. If you have questions about the size before ordering, contact us at info@autographauthentic.com.</p>
<p><strong>Packaging &amp; shipping:</strong> Handling typically takes 1–5 business days, and orders typically ship within 7 business days. As an autographed collectible, some orders can take a few additional weeks if the piece is being framed, the jersey is being sewn together, or we're waiting on a celebrity signing — we’ll keep you updated if that applies to your order. See our Shipping Policy for full details.</p>
<p>Photos shown are our catalogue images.</p>","<p>This licensed Toronto Maple Leafs jersey has been personally autographed by Doug Gilmour and is guaranteed authentic. Every item we sell is sourced directly from the player, from official signings, from exclusive distributors, or from autographs certified by recognized third-party authenticators. This piece ships with a numbered Certificate of Authenticity and a tamper-proof, uniquely coded hologram, backed by our 100% Authenticity Guarantee.</p>
<p><strong>Sizing:</strong> This jersey comes in size L or XL. As a high-end signed collectible, it's intended for display rather than everyday wear. If you have questions about the size before ordering, contact us at info@autographauthentic.com.</p>
<p><strong>Packaging &amp; shipping:</strong> Handling typically takes 1 to 5 business days, and orders typically ship within 7 business days. As an autographed collectible, some orders can take a few additional weeks if the piece is being framed, the jersey is being sewn together, or we're waiting on a celebrity signing, we’ll keep you updated if that applies to your order. See our Shipping Policy for full details.</p>
<p>Photos shown are our catalogue images.</p>"
7463324909657,career-jersey-howe-199of199-cjpch32097,Gordie Howe Career Jersey Ltd Ed 199 of 199,"<p>This licensed Detroit Red Wings jersey has been personally autographed by Gordie Howe and is guaranteed authentic. Every item we sell is sourced directly from the player, from official signings, from exclusive distributors, or from autographs certified by recognized third-party authenticators. This piece ships with a numbered Certificate of Authenticity and a tamper-proof, uniquely coded hologram, backed by our 100% Authenticity Guarantee.</p>
<p><strong>Sizing:</strong> This jersey comes in size L or XL. As a high-end signed collectible, it's intended for display rather than everyday wear. If you have questions about the size before ordering, contact us at info@autographauthentic.com.</p>
<p><strong>Packaging &amp; shipping:</strong> Handling typically takes 1–5 business days, and orders typically ship within 7 business days. As an autographed collectible, some orders can take a few additional weeks if the piece is being framed, the jersey is being sewn together, or we're waiting on a celebrity signing — we’ll keep you updated if that applies to your order. See our Shipping Policy for full details.</p>
<p>Photos shown are our catalogue images.</p>","<p>This licensed Detroit Red Wings jersey has been personally autographed by Gordie Howe and is guaranteed authentic. Every item we sell is sourced directly from the player, from official signings, from exclusive distributors, or from autographs certified by recognized third-party authenticators. This piece ships with a numbered Certificate of Authenticity and a tamper-proof, uniquely coded hologram, backed by our 100% Authenticity Guarantee.</p>
<p><strong>Sizing:</strong> This jersey comes in size L or XL. As a high-end signed collectible, it's intended for display rather than everyday wear. If you have questions about the size before ordering, contact us at info@autographauthentic.com.</p>
<p><strong>Packaging &amp; shipping:</strong> Handling typically takes 1 to 5 business days, and orders typically ship within 7 business days. As an autographed collectible, some orders can take a few additional weeks if the piece is being framed, the jersey is being sewn together, or we're waiting on a celebrity signing, we’ll keep you updated if that applies to your order. See our Shipping Policy for full details.</p>
<p>Photos shown are our catalogue images.</p>"
7463325007961,career-jersey-hrichard-1of199-cjpch32066,Henri Richard Career Jersey #1 of 199,"<p>This licensed Montreal Canadiens jersey has been personally autographed by Henri Richard and is guaranteed authentic. Every item we sell is sourced directly from the player, from official signings, from exclusive distributors, or from autographs certified by recognized third-party authenticators. This piece ships with a numbered Certificate of Authenticity and a tamper-proof, uniquely coded hologram, backed by our 100% Authenticity Guarantee.</p>
<p><strong>Sizing:</strong> This jersey comes in size L or XL. As a high-end signed collectible, it's intended for display rather than everyday wear. If you have questions about the size before ordering, contact us at info@autographauthentic.com.</p>
<p><strong>Packaging &amp; shipping:</strong> Handling typically takes 1–5 business days, and orders typically ship within 7 business days. As an autographed collectible, some orders can take a few additional weeks if the piece is being framed, the jersey is being sewn together, or we're waiting on a celebrity signing — we’ll keep you updated if that applies to your order. See our Shipping Policy for full details.</p>
<p>Photos shown are our catalogue images.</p>","<p>This licensed Montreal Canadiens jersey has been personally autographed by Henri Richard and is guaranteed authentic. Every item we sell is sourced directly from the player, from official signings, from exclusive distributors, or from autographs certified by recognized third-party authenticators. This piece ships with a numbered Certificate of Authenticity and a tamper-proof, uniquely coded hologram, backed by our 100% Authenticity Guarantee.</p>
<p><strong>Sizing:</strong> This jersey comes in size L or XL. As a high-end signed collectible, it's intended for display rather than everyday wear. If you have questions about the size before ordering, contact us at info@autographauthentic.com.</p>
<p><strong>Packaging &amp; shipping:</strong> Handling typically takes 1 to 5 business days, and orders typically ship within 7 business days. As an autographed collectible, some orders can take a few additional weeks if the piece is being framed, the jersey is being sewn together, or we're waiting on a celebrity signing, we’ll keep you updated if that applies to your order. See our Shipping Policy for full details.</p>
<p>Photos shown are our catalogue images.</p>"
7463325597785,career-jersey-jarome-iginla-calgary-flames-112of112-cjpch32424,Jarome Iginla Career Jersey #112 of 112,"<p>This licensed Calgary Flames jersey has been personally autographed by Jarome Iginla and is guaranteed authentic. Every item we sell is sourced directly from the player, from official signings, from exclusive distributors, or from autographs certified by recognized third-party authenticators. This piece ships with a numbered Certificate of Authenticity and a tamper-proof, uniquely coded hologram, backed by our 100% Authenticity Guarantee.</p>
<p><strong>Sizing:</strong> This jersey comes in size L or XL. As a high-end signed collectible, it's intended for display rather than everyday wear. If you have questions about the size before ordering, contact us at info@autographauthentic.com.</p>
<p><strong>Packaging &amp; shipping:</strong> Handling typically takes 1–5 business days, and orders typically ship within 7 business days. As an autographed collectible, some orders can take a few additional weeks if the piece is being framed, the jersey is being sewn together, or we're waiting on a celebrity signing — we’ll keep you updated if that applies to your order. See our Shipping Policy for full details.</p>
<p>Photos shown are our catalogue images.</p>","<p>This licensed Calgary Flames jersey has been personally autographed by Jarome Iginla and is guaranteed authentic. Every item we sell is sourced directly from the player, from official signings, from exclusive distributors, or from autographs certified by recognized third-party authenticators. This piece ships with a numbered Certificate of Authenticity and a tamper-proof, uniquely coded hologram, backed by our 100% Authenticity Guarantee.</p>
<p><strong>Sizing:</strong> This jersey comes in size L or XL. As a high-end signed collectible, it's intended for display rather than everyday wear. If you have questions about the size before ordering, contact us at info@autographauthentic.com.</p>
<p><strong>Packaging &amp; shipping:</strong> Handling typically takes 1 to 5 business days, and orders typically ship within 7 business days. As an autographed collectible, some orders can take a few additional weeks if the piece is being framed, the jersey is being sewn together, or we're waiting on a celebrity signing, we’ll keep you updated if that applies to your order. See our Shipping Policy for full details.</p>
<p>Photos shown are our catalogue images.</p>"
7463325663321,career-jersey-jarome-iginla-calgary-flames-1of112-cjpch32422,Jarome Iginla Career Jersey #1 of 112,"<p>This licensed Calgary Flames jersey has been personally autographed by Jarome Iginla and is guaranteed authentic. Every item we sell is sourced directly from the player, from official signings, from exclusive distributors, or from autographs certified by recognized third-party authenticators. This piece ships with a numbered Certificate of Authenticity and a tamper-proof, uniquely coded hologram, backed by our 100% Authenticity Guarantee.</p>
<p><strong>Sizing:</strong> This jersey comes in size L or XL. As a high-end signed collectible, it's intended for display rather than everyday wear. If you have questions about the size before ordering, contact us at info@autographauthentic.com.</p>
<p><strong>Packaging &amp; shipping:</strong> Handling typically takes 1–5 business days, and orders typically ship within 7 business days. As an autographed collectible, some orders can take a few additional weeks if the piece is being framed, the jersey is being sewn together, or we're waiting on a celebrity signing — we’ll keep you updated if that applies to your order. See our Shipping Policy for full details.</p>
<p>Photos shown are our catalogue images.</p>","<p>This licensed Calgary Flames jersey has been personally autographed by Jarome Iginla and is guaranteed authentic. Every item we sell is sourced directly from the player, from official signings, from exclusive distributors, or from autographs certified by recognized third-party authenticators. This piece ships with a numbered Certificate of Authenticity and a tamper-proof, uniquely coded hologram, backed by our 100% Authenticity Guarantee.</p>
<p><strong>Sizing:</strong> This jersey comes in size L or XL. As a high-end signed collectible, it's intended for display rather than everyday wear. If you have questions about the size before ordering, contact us at info@autographauthentic.com.</p>
<p><strong>Packaging &amp; shipping:</strong> Handling typically takes 1 to 5 business days, and orders typically ship within 7 business days. As an autographed collectible, some orders can take a few additional weeks if the piece is being framed, the jersey is being sewn together, or we're waiting on a celebrity signing, we’ll keep you updated if that applies to your order. See our Shipping Policy for full details.</p>
<p>Photos shown are our catalogue images.</p>"
7463325925465,career-jersey-mahovlich-199of199-cjpch32086,Frank Mahovlich Career Jersey #199 of 199,"<p>This licensed Toronto Maple Leafs jersey has been personally autographed by Frank Mahovlich and is guaranteed authentic. Every item we sell is sourced directly from the player, from official signings, from exclusive distributors, or from autographs certified by recognized third-party authenticators. This piece ships with a numbered Certificate of Authenticity and a tamper-proof, uniquely coded hologram, backed by our 100% Authenticity Guarantee.</p>
<p><strong>Sizing:</strong> This jersey comes in size L or XL. As a high-end signed collectible, it's intended for display rather than everyday wear. If you have questions about the size before ordering, contact us at info@autographauthentic.com.</p>
<p><strong>Packaging &amp; shipping:</strong> Handling typically takes 1–5 business days, and orders typically ship within 7 business days. As an autographed collectible, some orders can take a few additional weeks if the piece is being framed, the jersey is being sewn together, or we're waiting on a celebrity signing — we’ll keep you updated if that applies to your order. See our Shipping Policy for full details.</p>
<p>Photos shown are our catalogue images.</p>","<p>This licensed Toronto Maple Leafs jersey has been personally autographed by Frank Mahovlich and is guaranteed authentic. Every item we sell is sourced directly from the player, from official signings, from exclusive distributors, or from autographs certified by recognized third-party authenticators. This piece ships with a numbered Certificate of Authenticity and a tamper-proof, uniquely coded hologram, backed by our 100% Authenticity Guarantee.</p>
<p><strong>Sizing:</strong> This jersey comes in size L or XL. As a high-end signed collectible, it's intended for display rather than everyday wear. If you have questions about the size before ordering, contact us at info@autographauthentic.com.</p>
<p><strong>Packaging &amp; shipping:</strong> Handling typically takes 1 to 5 business days, and orders typically ship within 7 business days. As an autographed collectible, some orders can take a few additional weeks if the piece is being framed, the jersey is being sewn together, or we're waiting on a celebrity signing, we’ll keep you updated if that applies to your order. See our Shipping Policy for full details.</p>
<p>Photos shown are our catalogue images.</p>"
7463326089305,career-jersey-pavel-bure-10of199-cjpch32102,Pavel Bure Career Jersey #10 of 199,"<p>This licensed Vancouver Canucks jersey has been personally autographed by Pavel Bure and is guaranteed authentic. Every item we sell is sourced directly from the player, from official signings, from exclusive distributors, or from autographs certified by recognized third-party authenticators. This piece ships with a numbered Certificate of Authenticity and a tamper-proof, uniquely coded hologram, backed by our 100% Authenticity Guarantee.</p>
<p><strong>Sizing:</strong> This jersey comes in size L or XL. As a high-end signed collectible, it's intended for display rather than everyday wear. If you have questions about the size before ordering, contact us at info@autographauthentic.com.</p>
<p><strong>Packaging &amp; shipping:</strong> Handling typically takes 1–5 business days, and orders typically ship within 7 business days. As an autographed collectible, some orders can take a few additional weeks if the piece is being framed, the jersey is being sewn together, or we're waiting on a celebrity signing — we’ll keep you updated if that applies to your order. See our Shipping Policy for full details.</p>
<p>Photos shown are our catalogue images.</p>","<p>This licensed Vancouver Canucks jersey has been personally autographed by Pavel Bure and is guaranteed authentic. Every item we sell is sourced directly from the player, from official signings, from exclusive distributors, or from autographs certified by recognized third-party authenticators. This piece ships with a numbered Certificate of Authenticity and a tamper-proof, uniquely coded hologram, backed by our 100% Authenticity Guarantee.</p>
<p><strong>Sizing:</strong> This jersey comes in size L or XL. As a high-end signed collectible, it's intended for display rather than everyday wear. If you have questions about the size before ordering, contact us at info@autographauthentic.com.</p>
<p><strong>Packaging &amp; shipping:</strong> Handling typically takes 1 to 5 business days, and orders typically ship within 7 business days. As an autographed collectible, some orders can take a few additional weeks if the piece is being framed, the jersey is being sewn together, or we're waiting on a celebrity signing, we’ll keep you updated if that applies to your order. See our Shipping Policy for full details.</p>
<p>Photos shown are our catalogue images.</p>"
7463326122073,career-jersey-pavel-bure-199of199-cjpch32091,Pavel Bure Career Jersey #199 of 199,"<p>This licensed Vancouver Canucks jersey has been personally autographed by Pavel Bure and is guaranteed authentic. Every item we sell is sourced directly from the player, from official signings, from exclusive distributors, or from autographs certified by recognized third-party authenticators. This piece ships with a numbered Certificate of Authenticity and a tamper-proof, uniquely coded hologram, backed by our 100% Authenticity Guarantee.</p>
<p><strong>Sizing:</strong> This jersey comes in size L or XL. As a high-end signed collectible, it's intended for display rather than everyday wear. If you have questions about the size before ordering, contact us at info@autographauthentic.com.</p>
<p><strong>Packaging &amp; shipping:</strong> Handling typically takes 1–5 business days, and orders typically ship within 7 business days. As an autographed collectible, some orders can take a few additional weeks if the piece is being framed, the jersey is being sewn together, or we're waiting on a celebrity signing — we’ll keep you updated if that applies to your order. See our Shipping Policy for full details.</p>
<p>Photos shown are our catalogue images.</p>","<p>This licensed Vancouver Canucks jersey has been personally autographed by Pavel Bure and is guaranteed authentic. Every item we sell is sourced directly from the player, from official signings, from exclusive distributors, or from autographs certified by recognized third-party authenticators. This piece ships with a numbered Certificate of Authenticity and a tamper-proof, uniquely coded hologram, backed by our 100% Authenticity Guarantee.</p>
<p><strong>Sizing:</strong> This jersey comes in size L or XL. As a high-end signed collectible, it's intended for display rather than everyday wear. If you have questions about the size before ordering, contact us at info@autographauthentic.com.</p>
<p><strong>Packaging &amp; shipping:</strong> Handling typically takes 1 to 5 business days, and orders typically ship within 7 business days. As an autographed collectible, some orders can take a few additional weeks if the piece is being framed, the jersey is being sewn together, or we're waiting on a celebrity signing, we’ll keep you updated if that applies to your order. See our Shipping Policy for full details.</p>
<p>Photos shown are our catalogue images.</p>"
7463326220377,career-jersey-pavel-bure-1of199-cjpch32074,Pavel Bure Career Jersey #1 of 199,"<p>This licensed Vancouver Canucks jersey has been personally autographed by Pavel Bure and is guaranteed authentic. Every item we sell is sourced directly from the player, from official signings, from exclusive distributors, or from autographs certified by recognized third-party authenticators. This piece ships with a numbered Certificate of Authenticity and a tamper-proof, uniquely coded hologram, backed by our 100% Authenticity Guarantee.</p>
<p><strong>Sizing:</strong> This jersey comes in size L or XL. As a high-end signed collectible, it's intended for display rather than everyday wear. If you have questions about the size before ordering, contact us at info@autographauthentic.com.</p>
<p><strong>Packaging &amp; shipping:</strong> Handling typically takes 1–5 business days, and orders typically ship within 7 business days. As an autographed collectible, some orders can take a few additional weeks if the piece is being framed, the jersey is being sewn together, or we're waiting on a celebrity signing — we’ll keep you updated if that applies to your order. See our Shipping Policy for full details.</p>
<p>Photos shown are our catalogue images.</p>","<p>This licensed Vancouver Canucks jersey has been personally autographed by Pavel Bure and is guaranteed authentic. Every item we sell is sourced directly from the player, from official signings, from exclusive distributors, or from autographs certified by recognized third-party authenticators. This piece ships with a numbered Certificate of Authenticity and a tamper-proof, uniquely coded hologram, backed by our 100% Authenticity Guarantee.</p>
<p><strong>Sizing:</strong> This jersey comes in size L or XL. As a high-end signed collectible, it's intended for display rather than everyday wear. If you have questions about the size before ordering, contact us at info@autographauthentic.com.</p>
<p><strong>Packaging &amp; shipping:</strong> Handling typically takes 1 to 5 business days, and orders typically ship within 7 business days. As an autographed collectible, some orders can take a few additional weeks if the piece is being framed, the jersey is being sewn together, or we're waiting on a celebrity signing, we’ll keep you updated if that applies to your order. See our Shipping Policy for full details.</p>
<p>Photos shown are our catalogue images.</p>"
7463326351449,career-jersey-sundin-199of199-cjpch32094,Mats Sundin Toronto Maple Leafs Career Jersey #199 of 199,"<p>This licensed Toronto Maple Leafs jersey has been personally autographed by Mats Sundin and is guaranteed authentic. Every item we sell is sourced directly from the player, from official signings, from exclusive distributors, or from autographs certified by recognized third-party authenticators. This piece ships with a numbered Certificate of Authenticity and a tamper-proof, uniquely coded hologram, backed by our 100% Authenticity Guarantee.</p>
<p><strong>Sizing:</strong> This jersey comes in size L or XL. As a high-end signed collectible, it's intended for display rather than everyday wear. If you have questions about the size before ordering, contact us at info@autographauthentic.com.</p>
<p><strong>Packaging &amp; shipping:</strong> Handling typically takes 1–5 business days, and orders typically ship within 7 business days. As an autographed collectible, some orders can take a few additional weeks if the piece is being framed, the jersey is being sewn together, or we're waiting on a celebrity signing — we’ll keep you updated if that applies to your order. See our Shipping Policy for full details.</p>
<p>Photos shown are our catalogue images.</p>","<p>This licensed Toronto Maple Leafs jersey has been personally autographed by Mats Sundin and is guaranteed authentic. Every item we sell is sourced directly from the player, from official signings, from exclusive distributors, or from autographs certified by recognized third-party authenticators. This piece ships with a numbered Certificate of Authenticity and a tamper-proof, uniquely coded hologram, backed by our 100% Authenticity Guarantee.</p>
<p><strong>Sizing:</strong> This jersey comes in size L or XL. As a high-end signed collectible, it's intended for display rather than everyday wear. If you have questions about the size before ordering, contact us at info@autographauthentic.com.</p>
<p><strong>Packaging &amp; shipping:</strong> Handling typically takes 1 to 5 business days, and orders typically ship within 7 business days. As an autographed collectible, some orders can take a few additional weeks if the piece is being framed, the jersey is being sewn together, or we're waiting on a celebrity signing, we’ll keep you updated if that applies to your order. See our Shipping Policy for full details.</p>
<p>Photos shown are our catalogue images.</p>"
7463326416985,career-jersey-sundin-1of199-cjpch32078,Mats Sundin Toronto Maple Leafs Career Jersey #1 of 199,"<p>This licensed Toronto Maple Leafs jersey has been personally autographed by Mats Sundin and is guaranteed authentic. Every item we sell is sourced directly from the player, from official signings, from exclusive distributors, or from autographs certified by recognized third-party authenticators. This piece ships with a numbered Certificate of Authenticity and a tamper-proof, uniquely coded hologram, backed by our 100% Authenticity Guarantee.</p>
<p><strong>Sizing:</strong> This jersey comes in size L or XL. As a high-end signed collectible, it's intended for display rather than everyday wear. If you have questions about the size before ordering, contact us at info@autographauthentic.com.</p>
<p><strong>Packaging &amp; shipping:</strong> Handling typically takes 1–5 business days, and orders typically ship within 7 business days. As an autographed collectible, some orders can take a few additional weeks if the piece is being framed, the jersey is being sewn together, or we're waiting on a celebrity signing — we’ll keep you updated if that applies to your order. See our Shipping Policy for full details.</p>
<p>Photos shown are our catalogue images.</p>","<p>This licensed Toronto Maple Leafs jersey has been personally autographed by Mats Sundin and is guaranteed authentic. Every item we sell is sourced directly from the player, from official signings, from exclusive distributors, or from autographs certified by recognized third-party authenticators. This piece ships with a numbered Certificate of Authenticity and a tamper-proof, uniquely coded hologram, backed by our 100% Authenticity Guarantee.</p>
<p><strong>Sizing:</strong> This jersey comes in size L or XL. As a high-end signed collectible, it's intended for display rather than everyday wear. If you have questions about the size before ordering, contact us at info@autographauthentic.com.</p>
<p><strong>Packaging &amp; shipping:</strong> Handling typically takes 1 to 5 business days, and orders typically ship within 7 business days. As an autographed collectible, some orders can take a few additional weeks if the piece is being framed, the jersey is being sewn together, or we're waiting on a celebrity signing, we’ll keep you updated if that applies to your order. See our Shipping Policy for full details.</p>
<p>Photos shown are our catalogue images.</p>"
7463326449753,career-jersey-yzerman-1of199-cjpch32079,Steve Yzerman Career Jersey #1 of 199,"<p>This licensed Detroit Red Wings jersey has been personally autographed by Steve Yzerman and is guaranteed authentic. Every item we sell is sourced directly from the player, from official signings, from exclusive distributors, or from autographs certified by recognized third-party authenticators. This piece ships with a numbered Certificate of Authenticity and a tamper-proof, uniquely coded hologram, backed by our 100% Authenticity Guarantee.</p>
<p><strong>Sizing:</strong> This jersey comes in size L or XL. As a high-end signed collectible, it's intended for display rather than everyday wear. If you have questions about the size before ordering, contact us at info@autographauthentic.com.</p>
<p><strong>Packaging &amp; shipping:</strong> Handling typically takes 1–5 business days, and orders typically ship within 7 business days. As an autographed collectible, some orders can take a few additional weeks if the piece is being framed, the jersey is being sewn together, or we're waiting on a celebrity signing — we’ll keep you updated if that applies to your order. See our Shipping Policy for full details.</p>
<p>Photos shown are our catalogue images.</p>","<p>This licensed Detroit Red Wings jersey has been personally autographed by Steve Yzerman and is guaranteed authentic. Every item we sell is sourced directly from the player, from official signings, from exclusive distributors, or from autographs certified by recognized third-party authenticators. This piece ships with a numbered Certificate of Authenticity and a tamper-proof, uniquely coded hologram, backed by our 100% Authenticity Guarantee.</p>
<p><strong>Sizing:</strong> This jersey comes in size L or XL. As a high-end signed collectible, it's intended for display rather than everyday wear. If you have questions about the size before ordering, contact us at info@autographauthentic.com.</p>
<p><strong>Packaging &amp; shipping:</strong> Handling typically takes 1 to 5 business days, and orders typically ship within 7 business days. As an autographed collectible, some orders can take a few additional weeks if the piece is being framed, the jersey is being sewn together, or we're waiting on a celebrity signing, we’ll keep you updated if that applies to your order. See our Shipping Policy for full details.</p>
<p>Photos shown are our catalogue images.</p>"
7464878243929,jersey-mario-lemieux-pittsburgh-penguins-black-mitchell-ness-aaajh33178,Mario Lemieux Signed Penguins Black Mitchell & Ness Jersey,"<p>This licensed Pittsburgh Penguins Black jersey has been personally autographed by Mario Lemieux and is guaranteed authentic. Every item we sell is sourced directly from the player, from official signings, from exclusive distributors, or from autographs certified by recognized third-party authenticators. This piece ships with a numbered Certificate of Authenticity and a tamper-proof, uniquely coded hologram, backed by our 100% Authenticity Guarantee.</p>
<p><strong>Sizing:</strong> This jersey comes in size L or XL. As a high-end signed collectible, it's intended for display rather than everyday wear. If you have questions about the size before ordering, contact us at info@autographauthentic.com.</p>
<p><strong>Packaging &amp; shipping:</strong> Handling typically takes 1–5 business days, and orders typically ship within 7 business days. As an autographed collectible, some orders can take a few additional weeks if the piece is being framed, the jersey is being sewn together, or we're waiting on a celebrity signing — we'll keep you updated if that applies to your order. See our Shipping Policy for full details.</p>
<p>Photos shown are our catalogue images.</p>","<p>This licensed Pittsburgh Penguins Black jersey has been personally autographed by Mario Lemieux and is guaranteed authentic. Every item we sell is sourced directly from the player, from official signings, from exclusive distributors, or from autographs certified by recognized third-party authenticators. This piece ships with a numbered Certificate of Authenticity and a tamper-proof, uniquely coded hologram, backed by our 100% Authenticity Guarantee.</p>
<p><strong>Sizing:</strong> This jersey comes in size L or XL. As a high-end signed collectible, it's intended for display rather than everyday wear. If you have questions about the size before ordering, contact us at info@autographauthentic.com.</p>
<p><strong>Packaging &amp; shipping:</strong> Handling typically takes 1 to 5 business days, and orders typically ship within 7 business days. As an autographed collectible, some orders can take a few additional weeks if the piece is being framed, the jersey is being sewn together, or we're waiting on a celebrity signing, we'll keep you updated if that applies to your order. See our Shipping Policy for full details.</p>
<p>Photos shown are our catalogue images.</p>"
7506443960409,framed-litho-lafleur-10of1010-aapch33079,Guy Lafleur Signed Lithograph #10 of 1010 (24x20),"<p>This autographed Guy Lafleur lithograph is limited to only 1010, hand autographed and museum framed. This is Lafleur's number 10 of the edition, and holds special value matching the iconic #10 on ""The Flower's"" Jersey. A must have for serious Montreal Canadiens or Original Six Hockey fans!  Comes with Hologram and Certificate of Authenticity. This item is 24 x 20 inches.</p><p></p><p>Photos shown are our catalogue images.</p>","<p>This autographed Guy Lafleur lithograph is limited to only 1010, hand autographed and museum framed. This is Lafleur's number 10 of the edition, and holds special value matching the iconic #10 on ""The Flower's"" Jersey. A must have for serious Montreal Canadiens or Original Six Hockey fans! Comes with Hologram and Certificate of Authenticity. This item is 24 x 20 inches.</p><p></p><p>Photos shown are our catalogue images.</p>"
7506444189785,framed-litho-lafleur-1010of1010-aapch33080,Guy Lafleur Signed Lithograph #1010 of 1010 (24x20),"<p>This autographed Guy Lafleur lithograph is limited to only 1010, hand autographed and museum framed. This is the coveted number 1010, and last of the edition. A must have for serious Montreal Canadiens or Original Six Hockey fans!  Comes with Hologram and Certificate of Authenticity. This item is 24 x 20 inches.</p><p></p><p>Photos shown are our catalogue images.</p>","<p>This autographed Guy Lafleur lithograph is limited to only 1010, hand autographed and museum framed. This is the coveted number 1010, and last of the edition. A must have for serious Montreal Canadiens or Original Six Hockey fans! Comes with Hologram and Certificate of Authenticity. This item is 24 x 20 inches.</p><p></p><p>Photos shown are our catalogue images.</p>"
7626599694425,anthony-cirelli-signed-tampa-bay-hockey-white-fntcs-jersey,Anthony Cirelli Signed Tampa Bay Lightning White Jersey,"<p>This licensed Tampa Bay Lightning White jersey has been personally autographed by Anthony Cirelli and is guaranteed authentic. Every item we sell is sourced directly from the player, from official signings, from exclusive distributors, or from autographs certified by recognized third-party authenticators. This piece ships with a numbered Certificate of Authenticity and a tamper-proof, uniquely coded hologram, backed by our 100% Authenticity Guarantee.</p>
<p><strong>Sizing:</strong> This jersey comes in size L or XL. As a high-end signed collectible, it's intended for display rather than everyday wear. If you have questions about the size before ordering, contact us at info@autographauthentic.com.</p>
<p><strong>Packaging &amp; shipping:</strong> Handling typically takes 1–5 business days, and orders typically ship within 7 business days. As an autographed collectible, some orders can take a few additional weeks if the piece is being framed, the jersey is being sewn together, or we're waiting on a celebrity signing — we’ll keep you updated if that applies to your order. See our Shipping Policy for full details.</p>
<p>Photos shown are our catalogue images.</p>","<p>This licensed Tampa Bay Lightning White jersey has been personally autographed by Anthony Cirelli and is guaranteed authentic. Every item we sell is sourced directly from the player, from official signings, from exclusive distributors, or from autographs certified by recognized third-party authenticators. This piece ships with a numbered Certificate of Authenticity and a tamper-proof, uniquely coded hologram, backed by our 100% Authenticity Guarantee.</p>
<p><strong>Sizing:</strong> This jersey comes in size L or XL. As a high-end signed collectible, it's intended for display rather than everyday wear. If you have questions about the size before ordering, contact us at info@autographauthentic.com.</p>
<p><strong>Packaging &amp; shipping:</strong> Handling typically takes 1 to 5 business days, and orders typically ship within 7 business days. As an autographed collectible, some orders can take a few additional weeks if the piece is being framed, the jersey is being sewn together, or we're waiting on a celebrity signing, we’ll keep you updated if that applies to your order. See our Shipping Policy for full details.</p>
<p>Photos shown are our catalogue images.</p>"
7626600185945,aaron-ekblad-florida-autographed-fntcs-jersey,Aaron Ekblad Florida Panthers Autographed Fanatics Jersey,"<p>This licensed Florida Panthers jersey has been personally autographed by Aaron Ekblad and is guaranteed authentic. Every item we sell is sourced directly from the player, from official signings, from exclusive distributors, or from autographs certified by recognized third-party authenticators. This piece ships with a numbered Certificate of Authenticity and a tamper-proof, uniquely coded hologram, backed by our 100% Authenticity Guarantee.</p>
<p><strong>Sizing:</strong> This jersey comes in size L or XL. As a high-end signed collectible, it's intended for display rather than everyday wear. If you have questions about the size before ordering, contact us at info@autographauthentic.com.</p>
<p><strong>Packaging &amp; shipping:</strong> Handling typically takes 1–5 business days, and orders typically ship within 7 business days. As an autographed collectible, some orders can take a few additional weeks if the piece is being framed, the jersey is being sewn together, or we're waiting on a celebrity signing — we’ll keep you updated if that applies to your order. See our Shipping Policy for full details.</p>
<p>Photos shown are our catalogue images.</p>","<p>This licensed Florida Panthers jersey has been personally autographed by Aaron Ekblad and is guaranteed authentic. Every item we sell is sourced directly from the player, from official signings, from exclusive distributors, or from autographs certified by recognized third-party authenticators. This piece ships with a numbered Certificate of Authenticity and a tamper-proof, uniquely coded hologram, backed by our 100% Authenticity Guarantee.</p>
<p><strong>Sizing:</strong> This jersey comes in size L or XL. As a high-end signed collectible, it's intended for display rather than everyday wear. If you have questions about the size before ordering, contact us at info@autographauthentic.com.</p>
<p><strong>Packaging &amp; shipping:</strong> Handling typically takes 1 to 5 business days, and orders typically ship within 7 business days. As an autographed collectible, some orders can take a few additional weeks if the piece is being framed, the jersey is being sewn together, or we're waiting on a celebrity signing, we’ll keep you updated if that applies to your order. See our Shipping Policy for full details.</p>
<p>Photos shown are our catalogue images.</p>"
7626601201753,brad-marchand-autographed-boston-hockey-ads-jersey,Brad Marchand Autographed Boston Bruins Adidas Jersey,"<p>This licensed Boston Bruins jersey has been personally autographed by Brad Marchand and is guaranteed authentic. Every item we sell is sourced directly from the player, from official signings, from exclusive distributors, or from autographs certified by recognized third-party authenticators. This piece ships with a numbered Certificate of Authenticity and a tamper-proof, uniquely coded hologram, backed by our 100% Authenticity Guarantee.</p>
<p><strong>Sizing:</strong> This jersey comes in size L or XL. As a high-end signed collectible, it's intended for display rather than everyday wear. If you have questions about the size before ordering, contact us at info@autographauthentic.com.</p>
<p><strong>Packaging &amp; shipping:</strong> Handling typically takes 1–5 business days, and orders typically ship within 7 business days. As an autographed collectible, some orders can take a few additional weeks if the piece is being framed, the jersey is being sewn together, or we're waiting on a celebrity signing — we’ll keep you updated if that applies to your order. See our Shipping Policy for full details.</p>
<p>Photos shown are our catalogue images.</p>","<p>This licensed Boston Bruins jersey has been personally autographed by Brad Marchand and is guaranteed authentic. Every item we sell is sourced directly from the player, from official signings, from exclusive distributors, or from autographs certified by recognized third-party authenticators. This piece ships with a numbered Certificate of Authenticity and a tamper-proof, uniquely coded hologram, backed by our 100% Authenticity Guarantee.</p>
<p><strong>Sizing:</strong> This jersey comes in size L or XL. As a high-end signed collectible, it's intended for display rather than everyday wear. If you have questions about the size before ordering, contact us at info@autographauthentic.com.</p>
<p><strong>Packaging &amp; shipping:</strong> Handling typically takes 1 to 5 business days, and orders typically ship within 7 business days. As an autographed collectible, some orders can take a few additional weeks if the piece is being framed, the jersey is being sewn together, or we're waiting on a celebrity signing, we’ll keep you updated if that applies to your order. See our Shipping Policy for full details.</p>
<p>Photos shown are our catalogue images.</p>"
7626601627737,artemi-panarin-new-york-autographed-fntcs-jersey,Artemi Panarin New York Rangers Autographed Fanatics Jersey,"<p>This licensed New York Rangers jersey has been personally autographed by Artemi Panarin and is guaranteed authentic. Every item we sell is sourced directly from the player, from official signings, from exclusive distributors, or from autographs certified by recognized third-party authenticators. This piece ships with a numbered Certificate of Authenticity and a tamper-proof, uniquely coded hologram, backed by our 100% Authenticity Guarantee.</p>
<p><strong>Sizing:</strong> This jersey comes in size L or XL. As a high-end signed collectible, it's intended for display rather than everyday wear. If you have questions about the size before ordering, contact us at info@autographauthentic.com.</p>
<p><strong>Packaging &amp; shipping:</strong> Handling typically takes 1–5 business days, and orders typically ship within 7 business days. As an autographed collectible, some orders can take a few additional weeks if the piece is being framed, the jersey is being sewn together, or we're waiting on a celebrity signing — we’ll keep you updated if that applies to your order. See our Shipping Policy for full details.</p>
<p>Photos shown are our catalogue images.</p>","<p>This licensed New York Rangers jersey has been personally autographed by Artemi Panarin and is guaranteed authentic. Every item we sell is sourced directly from the player, from official signings, from exclusive distributors, or from autographs certified by recognized third-party authenticators. This piece ships with a numbered Certificate of Authenticity and a tamper-proof, uniquely coded hologram, backed by our 100% Authenticity Guarantee.</p>
<p><strong>Sizing:</strong> This jersey comes in size L or XL. As a high-end signed collectible, it's intended for display rather than everyday wear. If you have questions about the size before ordering, contact us at info@autographauthentic.com.</p>
<p><strong>Packaging &amp; shipping:</strong> Handling typically takes 1 to 5 business days, and orders typically ship within 7 business days. As an autographed collectible, some orders can take a few additional weeks if the piece is being framed, the jersey is being sewn together, or we're waiting on a celebrity signing, we’ll keep you updated if that applies to your order. See our Shipping Policy for full details.</p>
<p>Photos shown are our catalogue images.</p>"
7626601791577,mika-zibanejad-signed-new-york-hockey-reverse-retro-2-0-ads-jersey,Mika Zibanejad Signed New York Rangers Reverse Retro Jersey,"<p>This licensed New York Rangers jersey has been personally autographed by Mika Zibanejad and is guaranteed authentic. Every item we sell is sourced directly from the player, from official signings, from exclusive distributors, or from autographs certified by recognized third-party authenticators. This piece ships with a numbered Certificate of Authenticity and a tamper-proof, uniquely coded hologram, backed by our 100% Authenticity Guarantee.</p>
<p><strong>Sizing:</strong> This jersey comes in size L or XL. As a high-end signed collectible, it's intended for display rather than everyday wear. If you have questions about the size before ordering, contact us at info@autographauthentic.com.</p>
<p><strong>Packaging &amp; shipping:</strong> Handling typically takes 1–5 business days, and orders typically ship within 7 business days. As an autographed collectible, some orders can take a few additional weeks if the piece is being framed, the jersey is being sewn together, or we're waiting on a celebrity signing — we’ll keep you updated if that applies to your order. See our Shipping Policy for full details.</p>
<p>Photos shown are our catalogue images.</p>","<p>This licensed New York Rangers jersey has been personally autographed by Mika Zibanejad and is guaranteed authentic. Every item we sell is sourced directly from the player, from official signings, from exclusive distributors, or from autographs certified by recognized third-party authenticators. This piece ships with a numbered Certificate of Authenticity and a tamper-proof, uniquely coded hologram, backed by our 100% Authenticity Guarantee.</p>
<p><strong>Sizing:</strong> This jersey comes in size L or XL. As a high-end signed collectible, it's intended for display rather than everyday wear. If you have questions about the size before ordering, contact us at info@autographauthentic.com.</p>
<p><strong>Packaging &amp; shipping:</strong> Handling typically takes 1 to 5 business days, and orders typically ship within 7 business days. As an autographed collectible, some orders can take a few additional weeks if the piece is being framed, the jersey is being sewn together, or we're waiting on a celebrity signing, we’ll keep you updated if that applies to your order. See our Shipping Policy for full details.</p>
<p>Photos shown are our catalogue images.</p>"
7626602446937,sebastian-aho-carolina-autographed-ads-jersey,Sebastian Aho Carolina Hurricanes Autographed Adidas Jersey,"<p>This licensed Carolina Hurricanes jersey has been personally autographed by Sebastian Aho and is guaranteed authentic. Every item we sell is sourced directly from the player, from official signings, from exclusive distributors, or from autographs certified by recognized third-party authenticators. This piece ships with a numbered Certificate of Authenticity and a tamper-proof, uniquely coded hologram, backed by our 100% Authenticity Guarantee.</p>
<p><strong>Sizing:</strong> This jersey comes in size L or XL. As a high-end signed collectible, it's intended for display rather than everyday wear. If you have questions about the size before ordering, contact us at info@autographauthentic.com.</p>
<p><strong>Packaging &amp; shipping:</strong> Handling typically takes 1–5 business days, and orders typically ship within 7 business days. As an autographed collectible, some orders can take a few additional weeks if the piece is being framed, the jersey is being sewn together, or we're waiting on a celebrity signing — we’ll keep you updated if that applies to your order. See our Shipping Policy for full details.</p>
<p>Photos shown are our catalogue images.</p>","<p>This licensed Carolina Hurricanes jersey has been personally autographed by Sebastian Aho and is guaranteed authentic. Every item we sell is sourced directly from the player, from official signings, from exclusive distributors, or from autographs certified by recognized third-party authenticators. This piece ships with a numbered Certificate of Authenticity and a tamper-proof, uniquely coded hologram, backed by our 100% Authenticity Guarantee.</p>
<p><strong>Sizing:</strong> This jersey comes in size L or XL. As a high-end signed collectible, it's intended for display rather than everyday wear. If you have questions about the size before ordering, contact us at info@autographauthentic.com.</p>
<p><strong>Packaging &amp; shipping:</strong> Handling typically takes 1 to 5 business days, and orders typically ship within 7 business days. As an autographed collectible, some orders can take a few additional weeks if the piece is being framed, the jersey is being sewn together, or we're waiting on a celebrity signing, we’ll keep you updated if that applies to your order. See our Shipping Policy for full details.</p>
<p>Photos shown are our catalogue images.</p>"
7626602905689,andrei-svechnikov-carolina-autographed-ads-jersey,Andrei Svechnikov Carolina Hurricanes Autographed Jersey,"<p>This licensed Carolina Hurricanes jersey has been personally autographed by Andrei Svechnikov and is guaranteed authentic. Every item we sell is sourced directly from the player, from official signings, from exclusive distributors, or from autographs certified by recognized third-party authenticators. This piece ships with a numbered Certificate of Authenticity and a tamper-proof, uniquely coded hologram, backed by our 100% Authenticity Guarantee.</p>
<p><strong>Sizing:</strong> This jersey comes in size L or XL. As a high-end signed collectible, it's intended for display rather than everyday wear. If you have questions about the size before ordering, contact us at info@autographauthentic.com.</p>
<p><strong>Packaging &amp; shipping:</strong> Handling typically takes 1–5 business days, and orders typically ship within 7 business days. As an autographed collectible, some orders can take a few additional weeks if the piece is being framed, the jersey is being sewn together, or we're waiting on a celebrity signing — we’ll keep you updated if that applies to your order. See our Shipping Policy for full details.</p>
<p>Photos shown are our catalogue images.</p>","<p>This licensed Carolina Hurricanes jersey has been personally autographed by Andrei Svechnikov and is guaranteed authentic. Every item we sell is sourced directly from the player, from official signings, from exclusive distributors, or from autographs certified by recognized third-party authenticators. This piece ships with a numbered Certificate of Authenticity and a tamper-proof, uniquely coded hologram, backed by our 100% Authenticity Guarantee.</p>
<p><strong>Sizing:</strong> This jersey comes in size L or XL. As a high-end signed collectible, it's intended for display rather than everyday wear. If you have questions about the size before ordering, contact us at info@autographauthentic.com.</p>
<p><strong>Packaging &amp; shipping:</strong> Handling typically takes 1 to 5 business days, and orders typically ship within 7 business days. As an autographed collectible, some orders can take a few additional weeks if the piece is being framed, the jersey is being sewn together, or we're waiting on a celebrity signing, we’ll keep you updated if that applies to your order. See our Shipping Policy for full details.</p>
<p>Photos shown are our catalogue images.</p>"
7626603724889,joe-pavelski-autographed-dallas-hockey-green-fntcs-jersey,Joe Pavelski Autographed Dallas Stars Green Fanatics Jersey,"<p>This licensed Dallas Stars Green jersey has been personally autographed by Joe Pavelski and is guaranteed authentic. Every item we sell is sourced directly from the player, from official signings, from exclusive distributors, or from autographs certified by recognized third-party authenticators. This piece ships with a numbered Certificate of Authenticity and a tamper-proof, uniquely coded hologram, backed by our 100% Authenticity Guarantee.</p>
<p><strong>Sizing:</strong> This jersey comes in size L or XL. As a high-end signed collectible, it's intended for display rather than everyday wear. If you have questions about the size before ordering, contact us at info@autographauthentic.com.</p>
<p><strong>Packaging &amp; shipping:</strong> Handling typically takes 1–5 business days, and orders typically ship within 7 business days. As an autographed collectible, some orders can take a few additional weeks if the piece is being framed, the jersey is being sewn together, or we're waiting on a celebrity signing — we’ll keep you updated if that applies to your order. See our Shipping Policy for full details.</p>
<p>Photos shown are our catalogue images.</p>","<p>This licensed Dallas Stars Green jersey has been personally autographed by Joe Pavelski and is guaranteed authentic. Every item we sell is sourced directly from the player, from official signings, from exclusive distributors, or from autographs certified by recognized third-party authenticators. This piece ships with a numbered Certificate of Authenticity and a tamper-proof, uniquely coded hologram, backed by our 100% Authenticity Guarantee.</p>
<p><strong>Sizing:</strong> This jersey comes in size L or XL. As a high-end signed collectible, it's intended for display rather than everyday wear. If you have questions about the size before ordering, contact us at info@autographauthentic.com.</p>
<p><strong>Packaging &amp; shipping:</strong> Handling typically takes 1 to 5 business days, and orders typically ship within 7 business days. As an autographed collectible, some orders can take a few additional weeks if the piece is being framed, the jersey is being sewn together, or we're waiting on a celebrity signing, we’ll keep you updated if that applies to your order. See our Shipping Policy for full details.</p>
<p>Photos shown are our catalogue images.</p>"
7626603987033,joe-pavelski-autographed-dallas-ads-jersey,Joe Pavelski Autographed Dallas Stars Adidas Jersey,"<p>This licensed Dallas Stars jersey has been personally autographed by Joe Pavelski and is guaranteed authentic. Every item we sell is sourced directly from the player, from official signings, from exclusive distributors, or from autographs certified by recognized third-party authenticators. This piece ships with a numbered Certificate of Authenticity and a tamper-proof, uniquely coded hologram, backed by our 100% Authenticity Guarantee.</p>
<p><strong>Sizing:</strong> This jersey comes in size L or XL. As a high-end signed collectible, it's intended for display rather than everyday wear. If you have questions about the size before ordering, contact us at info@autographauthentic.com.</p>
<p><strong>Packaging &amp; shipping:</strong> Handling typically takes 1–5 business days, and orders typically ship within 7 business days. As an autographed collectible, some orders can take a few additional weeks if the piece is being framed, the jersey is being sewn together, or we're waiting on a celebrity signing — we’ll keep you updated if that applies to your order. See our Shipping Policy for full details.</p>
<p>Photos shown are our catalogue images.</p>","<p>This licensed Dallas Stars jersey has been personally autographed by Joe Pavelski and is guaranteed authentic. Every item we sell is sourced directly from the player, from official signings, from exclusive distributors, or from autographs certified by recognized third-party authenticators. This piece ships with a numbered Certificate of Authenticity and a tamper-proof, uniquely coded hologram, backed by our 100% Authenticity Guarantee.</p>
<p><strong>Sizing:</strong> This jersey comes in size L or XL. As a high-end signed collectible, it's intended for display rather than everyday wear. If you have questions about the size before ordering, contact us at info@autographauthentic.com.</p>
<p><strong>Packaging &amp; shipping:</strong> Handling typically takes 1 to 5 business days, and orders typically ship within 7 business days. As an autographed collectible, some orders can take a few additional weeks if the piece is being framed, the jersey is being sewn together, or we're waiting on a celebrity signing, we’ll keep you updated if that applies to your order. See our Shipping Policy for full details.</p>
<p>Photos shown are our catalogue images.</p>"
7626604970073,kyle-connor-winnipeg-signed-aviator-alt-ads-jersey,Kyle Connor Winnipeg Jets Signed Aviator Alt Adidas Jersey,"<p>This licensed Winnipeg Jets jersey has been personally autographed by Kyle Connor and is guaranteed authentic. Every item we sell is sourced directly from the player, from official signings, from exclusive distributors, or from autographs certified by recognized third-party authenticators. This piece ships with a numbered Certificate of Authenticity and a tamper-proof, uniquely coded hologram, backed by our 100% Authenticity Guarantee.</p>
<p><strong>Sizing:</strong> This jersey comes in size L or XL. As a high-end signed collectible, it's intended for display rather than everyday wear. If you have questions about the size before ordering, contact us at info@autographauthentic.com.</p>
<p><strong>Packaging &amp; shipping:</strong> Handling typically takes 1–5 business days, and orders typically ship within 7 business days. As an autographed collectible, some orders can take a few additional weeks if the piece is being framed, the jersey is being sewn together, or we're waiting on a celebrity signing — we’ll keep you updated if that applies to your order. See our Shipping Policy for full details.</p>
<p>Photos shown are our catalogue images.</p>","<p>This licensed Winnipeg Jets jersey has been personally autographed by Kyle Connor and is guaranteed authentic. Every item we sell is sourced directly from the player, from official signings, from exclusive distributors, or from autographs certified by recognized third-party authenticators. This piece ships with a numbered Certificate of Authenticity and a tamper-proof, uniquely coded hologram, backed by our 100% Authenticity Guarantee.</p>
<p><strong>Sizing:</strong> This jersey comes in size L or XL. As a high-end signed collectible, it's intended for display rather than everyday wear. If you have questions about the size before ordering, contact us at info@autographauthentic.com.</p>
<p><strong>Packaging &amp; shipping:</strong> Handling typically takes 1 to 5 business days, and orders typically ship within 7 business days. As an autographed collectible, some orders can take a few additional weeks if the piece is being framed, the jersey is being sewn together, or we're waiting on a celebrity signing, we’ll keep you updated if that applies to your order. See our Shipping Policy for full details.</p>
<p>Photos shown are our catalogue images.</p>"
7626605953113,filip-forsberg-nashville-autographed-fntcs-jersey,Filip Forsberg Nashville Predators Autographed Jersey,"<p>This licensed Nashville Predators jersey has been personally autographed by Filip Forsberg and is guaranteed authentic. Every item we sell is sourced directly from the player, from official signings, from exclusive distributors, or from autographs certified by recognized third-party authenticators. This piece ships with a numbered Certificate of Authenticity and a tamper-proof, uniquely coded hologram, backed by our 100% Authenticity Guarantee.</p>
<p><strong>Sizing:</strong> This jersey comes in size L or XL. As a high-end signed collectible, it's intended for display rather than everyday wear. If you have questions about the size before ordering, contact us at info@autographauthentic.com.</p>
<p><strong>Packaging &amp; shipping:</strong> Handling typically takes 1–5 business days, and orders typically ship within 7 business days. As an autographed collectible, some orders can take a few additional weeks if the piece is being framed, the jersey is being sewn together, or we're waiting on a celebrity signing — we’ll keep you updated if that applies to your order. See our Shipping Policy for full details.</p>
<p>Photos shown are our catalogue images.</p>","<p>This licensed Nashville Predators jersey has been personally autographed by Filip Forsberg and is guaranteed authentic. Every item we sell is sourced directly from the player, from official signings, from exclusive distributors, or from autographs certified by recognized third-party authenticators. This piece ships with a numbered Certificate of Authenticity and a tamper-proof, uniquely coded hologram, backed by our 100% Authenticity Guarantee.</p>
<p><strong>Sizing:</strong> This jersey comes in size L or XL. As a high-end signed collectible, it's intended for display rather than everyday wear. If you have questions about the size before ordering, contact us at info@autographauthentic.com.</p>
<p><strong>Packaging &amp; shipping:</strong> Handling typically takes 1 to 5 business days, and orders typically ship within 7 business days. As an autographed collectible, some orders can take a few additional weeks if the piece is being framed, the jersey is being sewn together, or we're waiting on a celebrity signing, we’ll keep you updated if that applies to your order. See our Shipping Policy for full details.</p>
<p>Photos shown are our catalogue images.</p>"
7626606182489,roman-josi-nashville-autographed-ads-jersey,Roman Josi Nashville Predators Autographed Adidas Jersey,"<p>This licensed Nashville Predators jersey has been personally autographed by Roman Josi and is guaranteed authentic. Every item we sell is sourced directly from the player, from official signings, from exclusive distributors, or from autographs certified by recognized third-party authenticators. This piece ships with a numbered Certificate of Authenticity and a tamper-proof, uniquely coded hologram, backed by our 100% Authenticity Guarantee.</p>
<p><strong>Sizing:</strong> This jersey comes in size L or XL. As a high-end signed collectible, it's intended for display rather than everyday wear. If you have questions about the size before ordering, contact us at info@autographauthentic.com.</p>
<p><strong>Packaging &amp; shipping:</strong> Handling typically takes 1–5 business days, and orders typically ship within 7 business days. As an autographed collectible, some orders can take a few additional weeks if the piece is being framed, the jersey is being sewn together, or we're waiting on a celebrity signing — we’ll keep you updated if that applies to your order. See our Shipping Policy for full details.</p>
<p>Photos shown are our catalogue images.</p>","<p>This licensed Nashville Predators jersey has been personally autographed by Roman Josi and is guaranteed authentic. Every item we sell is sourced directly from the player, from official signings, from exclusive distributors, or from autographs certified by recognized third-party authenticators. This piece ships with a numbered Certificate of Authenticity and a tamper-proof, uniquely coded hologram, backed by our 100% Authenticity Guarantee.</p>
<p><strong>Sizing:</strong> This jersey comes in size L or XL. As a high-end signed collectible, it's intended for display rather than everyday wear. If you have questions about the size before ordering, contact us at info@autographauthentic.com.</p>
<p><strong>Packaging &amp; shipping:</strong> Handling typically takes 1 to 5 business days, and orders typically ship within 7 business days. As an autographed collectible, some orders can take a few additional weeks if the piece is being framed, the jersey is being sewn together, or we're waiting on a celebrity signing, we’ll keep you updated if that applies to your order. See our Shipping Policy for full details.</p>
<p>Photos shown are our catalogue images.</p>"
7626607460441,nils-hoglander-vancouver-signed-white-ads-jersey,Nils Hoglander Vancouver Canucks Signed White Adidas Jersey,"<p>This licensed Vancouver Canucks White jersey has been personally autographed by Nils Hoglander and is guaranteed authentic. Every item we sell is sourced directly from the player, from official signings, from exclusive distributors, or from autographs certified by recognized third-party authenticators. This piece ships with a numbered Certificate of Authenticity and a tamper-proof, uniquely coded hologram, backed by our 100% Authenticity Guarantee.</p>
<p><strong>Sizing:</strong> This jersey comes in size L or XL. As a high-end signed collectible, it's intended for display rather than everyday wear. If you have questions about the size before ordering, contact us at info@autographauthentic.com.</p>
<p><strong>Packaging &amp; shipping:</strong> Handling typically takes 1–5 business days, and orders typically ship within 7 business days. As an autographed collectible, some orders can take a few additional weeks if the piece is being framed, the jersey is being sewn together, or we're waiting on a celebrity signing — we’ll keep you updated if that applies to your order. See our Shipping Policy for full details.</p>
<p>Photos shown are our catalogue images.</p>","<p>This licensed Vancouver Canucks White jersey has been personally autographed by Nils Hoglander and is guaranteed authentic. Every item we sell is sourced directly from the player, from official signings, from exclusive distributors, or from autographs certified by recognized third-party authenticators. This piece ships with a numbered Certificate of Authenticity and a tamper-proof, uniquely coded hologram, backed by our 100% Authenticity Guarantee.</p>
<p><strong>Sizing:</strong> This jersey comes in size L or XL. As a high-end signed collectible, it's intended for display rather than everyday wear. If you have questions about the size before ordering, contact us at info@autographauthentic.com.</p>
<p><strong>Packaging &amp; shipping:</strong> Handling typically takes 1 to 5 business days, and orders typically ship within 7 business days. As an autographed collectible, some orders can take a few additional weeks if the piece is being framed, the jersey is being sewn together, or we're waiting on a celebrity signing, we’ll keep you updated if that applies to your order. See our Shipping Policy for full details.</p>
<p>Photos shown are our catalogue images.</p>"
7626607689817,drew-doughty-los-angeles-autographed-rbk-jersey,Drew Doughty Los Angeles Kings Autographed Reebok Jersey,"<p>This licensed Los Angeles Kings jersey has been personally autographed by Drew Doughty and is guaranteed authentic. Every item we sell is sourced directly from the player, from official signings, from exclusive distributors, or from autographs certified by recognized third-party authenticators. This piece ships with a numbered Certificate of Authenticity and a tamper-proof, uniquely coded hologram, backed by our 100% Authenticity Guarantee.</p>
<p><strong>Sizing:</strong> This jersey comes in size L or XL. As a high-end signed collectible, it's intended for display rather than everyday wear. If you have questions about the size before ordering, contact us at info@autographauthentic.com.</p>
<p><strong>Packaging &amp; shipping:</strong> Handling typically takes 1–5 business days, and orders typically ship within 7 business days. As an autographed collectible, some orders can take a few additional weeks if the piece is being framed, the jersey is being sewn together, or we're waiting on a celebrity signing — we’ll keep you updated if that applies to your order. See our Shipping Policy for full details.</p>
<p>Photos shown are our catalogue images.</p>","<p>This licensed Los Angeles Kings jersey has been personally autographed by Drew Doughty and is guaranteed authentic. Every item we sell is sourced directly from the player, from official signings, from exclusive distributors, or from autographs certified by recognized third-party authenticators. This piece ships with a numbered Certificate of Authenticity and a tamper-proof, uniquely coded hologram, backed by our 100% Authenticity Guarantee.</p>
<p><strong>Sizing:</strong> This jersey comes in size L or XL. As a high-end signed collectible, it's intended for display rather than everyday wear. If you have questions about the size before ordering, contact us at info@autographauthentic.com.</p>
<p><strong>Packaging &amp; shipping:</strong> Handling typically takes 1 to 5 business days, and orders typically ship within 7 business days. As an autographed collectible, some orders can take a few additional weeks if the piece is being framed, the jersey is being sewn together, or we're waiting on a celebrity signing, we’ll keep you updated if that applies to your order. See our Shipping Policy for full details.</p>
<p>Photos shown are our catalogue images.</p>"
7668530577497,framed-movies-comics-stan-lee-marvel-hulk-number-1-autographed-aaoocc33225,Stan Lee Signed Incredible Hulk #1 Framed Marvel Collectible,"<p>This large framed collectible features The Incredible Hulk. Accompanied by a print of the vintage comic book cover from Incredible Hulk  #1, signed by its legendary creator Stan Lee! Measuring an impressive and eye-catching 38.5 x 28 inches, this comes museum framed with a Certificate of Authenticity and matching hologram.</p><p>Photos shown are our catalogue images.</p>","<p>This large framed collectible features The Incredible Hulk. Accompanied by a print of the vintage comic book cover from Incredible Hulk #1, signed by its legendary creator Stan Lee! Measuring an impressive and eye-catching 38.5 x 28 inches, this comes museum framed with a Certificate of Authenticity and matching hologram.</p><p>Photos shown are our catalogue images.</p>"
7695198093401,jersey-orr-boston-white-adidas-aaajh33212,Bobby Orr Autographed Boston Bruins White Adidas Jersey,"<p>This licensed Boston Bruins White jersey has been personally autographed by Bobby Orr and is guaranteed authentic. Every item we sell is sourced directly from the player, from official signings, from exclusive distributors, or from autographs certified by recognized third-party authenticators. This piece ships with a numbered Certificate of Authenticity and a tamper-proof, uniquely coded hologram, backed by our 100% Authenticity Guarantee.</p>
<p><strong>Sizing:</strong> This jersey comes in size L or XL. As a high-end signed collectible, it's intended for display rather than everyday wear. If you have questions about the size before ordering, contact us at info@autographauthentic.com.</p>
<p><strong>Packaging &amp; shipping:</strong> Handling typically takes 1–5 business days, and orders typically ship within 7 business days. As an autographed collectible, some orders can take a few additional weeks if the piece is being framed, the jersey is being sewn together, or we're waiting on a celebrity signing — we’ll keep you updated if that applies to your order. See our Shipping Policy for full details.</p>
<p>Photos shown are our catalogue images.</p>","<p>This licensed Boston Bruins White jersey has been personally autographed by Bobby Orr and is guaranteed authentic. Every item we sell is sourced directly from the player, from official signings, from exclusive distributors, or from autographs certified by recognized third-party authenticators. This piece ships with a numbered Certificate of Authenticity and a tamper-proof, uniquely coded hologram, backed by our 100% Authenticity Guarantee.</p>
<p><strong>Sizing:</strong> This jersey comes in size L or XL. As a high-end signed collectible, it's intended for display rather than everyday wear. If you have questions about the size before ordering, contact us at info@autographauthentic.com.</p>
<p><strong>Packaging &amp; shipping:</strong> Handling typically takes 1 to 5 business days, and orders typically ship within 7 business days. As an autographed collectible, some orders can take a few additional weeks if the piece is being framed, the jersey is being sewn together, or we're waiting on a celebrity signing, we’ll keep you updated if that applies to your order. See our Shipping Policy for full details.</p>
<p>Photos shown are our catalogue images.</p>"
7707265106009,career-jersey-jarome-iginla-calgary-flames-elite-edition-12-cjcjh33231,Jarome Iginla Calgary Flames Career Jersey Elite Edition,"<p>This licensed Calgary Flames jersey has been personally autographed by Jarome Iginla and is guaranteed authentic. Every item we sell is sourced directly from the player, from official signings, from exclusive distributors, or from autographs certified by recognized third-party authenticators. This piece ships with a numbered Certificate of Authenticity and a tamper-proof, uniquely coded hologram, backed by our 100% Authenticity Guarantee.</p>
<p><strong>Sizing:</strong> This jersey comes in size L or XL. As a high-end signed collectible, it's intended for display rather than everyday wear. If you have questions about the size before ordering, contact us at info@autographauthentic.com.</p>
<p><strong>Packaging &amp; shipping:</strong> Handling typically takes 1–5 business days, and orders typically ship within 7 business days. As an autographed collectible, some orders can take a few additional weeks if the piece is being framed, the jersey is being sewn together, or we're waiting on a celebrity signing — we’ll keep you updated if that applies to your order. See our Shipping Policy for full details.</p>
<p>Photos shown are our catalogue images.</p>","<p>This licensed Calgary Flames jersey has been personally autographed by Jarome Iginla and is guaranteed authentic. Every item we sell is sourced directly from the player, from official signings, from exclusive distributors, or from autographs certified by recognized third-party authenticators. This piece ships with a numbered Certificate of Authenticity and a tamper-proof, uniquely coded hologram, backed by our 100% Authenticity Guarantee.</p>
<p><strong>Sizing:</strong> This jersey comes in size L or XL. As a high-end signed collectible, it's intended for display rather than everyday wear. If you have questions about the size before ordering, contact us at info@autographauthentic.com.</p>
<p><strong>Packaging &amp; shipping:</strong> Handling typically takes 1 to 5 business days, and orders typically ship within 7 business days. As an autographed collectible, some orders can take a few additional weeks if the piece is being framed, the jersey is being sewn together, or we're waiting on a celebrity signing, we’ll keep you updated if that applies to your order. See our Shipping Policy for full details.</p>
<p>Photos shown are our catalogue images.</p>"
7751332003929,jersey-lindros-team-canada-aaajh33218,Eric Lindros Autographed Team Canada Jersey,"<p>This licensed Team Canada jersey has been personally autographed by Eric Lindros and is guaranteed authentic. Every item we sell is sourced directly from the player, from official signings, from exclusive distributors, or from autographs certified by recognized third-party authenticators. This piece ships with a numbered Certificate of Authenticity and a tamper-proof, uniquely coded hologram, backed by our 100% Authenticity Guarantee.</p>
<p><strong>Sizing:</strong> This jersey comes in size L or XL. As a high-end signed collectible, it's intended for display rather than everyday wear. If you have questions about the size before ordering, contact us at info@autographauthentic.com.</p>
<p><strong>Packaging &amp; shipping:</strong> Handling typically takes 1–5 business days, and orders typically ship within 7 business days. As an autographed collectible, some orders can take a few additional weeks if the piece is being framed, the jersey is being sewn together, or we're waiting on a celebrity signing — we’ll keep you updated if that applies to your order. See our Shipping Policy for full details.</p>
<p>Photos shown are our catalogue images.</p>","<p>This licensed Team Canada jersey has been personally autographed by Eric Lindros and is guaranteed authentic. Every item we sell is sourced directly from the player, from official signings, from exclusive distributors, or from autographs certified by recognized third-party authenticators. This piece ships with a numbered Certificate of Authenticity and a tamper-proof, uniquely coded hologram, backed by our 100% Authenticity Guarantee.</p>
<p><strong>Sizing:</strong> This jersey comes in size L or XL. As a high-end signed collectible, it's intended for display rather than everyday wear. If you have questions about the size before ordering, contact us at info@autographauthentic.com.</p>
<p><strong>Packaging &amp; shipping:</strong> Handling typically takes 1 to 5 business days, and orders typically ship within 7 business days. As an autographed collectible, some orders can take a few additional weeks if the piece is being framed, the jersey is being sewn together, or we're waiting on a celebrity signing, we’ll keep you updated if that applies to your order. See our Shipping Policy for full details.</p>
<p>Photos shown are our catalogue images.</p>"
7761577836633,jersey-henri-richard-montreal-white-aaajh33240,Henri Richard Autographed Montreal Canadiens White Jersey,"<p>This licensed Montreal Canadiens White jersey has been personally autographed by Henri Richard and is guaranteed authentic. Every item we sell is sourced directly from the player, from official signings, from exclusive distributors, or from autographs certified by recognized third-party authenticators. This piece ships with a numbered Certificate of Authenticity and a tamper-proof, uniquely coded hologram, backed by our 100% Authenticity Guarantee.</p>
<p><strong>Sizing:</strong> This jersey comes in size L or XL. As a high-end signed collectible, it's intended for display rather than everyday wear. If you have questions about the size before ordering, contact us at info@autographauthentic.com.</p>
<p><strong>Packaging &amp; shipping:</strong> Handling typically takes 1–5 business days, and orders typically ship within 7 business days. As an autographed collectible, some orders can take a few additional weeks if the piece is being framed, the jersey is being sewn together, or we're waiting on a celebrity signing — we’ll keep you updated if that applies to your order. See our Shipping Policy for full details.</p>
<p>Photos shown are our catalogue images.</p>","<p>This licensed Montreal Canadiens White jersey has been personally autographed by Henri Richard and is guaranteed authentic. Every item we sell is sourced directly from the player, from official signings, from exclusive distributors, or from autographs certified by recognized third-party authenticators. This piece ships with a numbered Certificate of Authenticity and a tamper-proof, uniquely coded hologram, backed by our 100% Authenticity Guarantee.</p>
<p><strong>Sizing:</strong> This jersey comes in size L or XL. As a high-end signed collectible, it's intended for display rather than everyday wear. If you have questions about the size before ordering, contact us at info@autographauthentic.com.</p>
<p><strong>Packaging &amp; shipping:</strong> Handling typically takes 1 to 5 business days, and orders typically ship within 7 business days. As an autographed collectible, some orders can take a few additional weeks if the piece is being framed, the jersey is being sewn together, or we're waiting on a celebrity signing, we’ll keep you updated if that applies to your order. See our Shipping Policy for full details.</p>
<p>Photos shown are our catalogue images.</p>"
7774707908697,boxing-glove-mike-tyson-aacmb33254,Mike Tyson Autographed Left-Hand Boxing Glove,"<p>This boxing glove is hand-signed by the one and only “Iron” Mike Tyson—one of the most feared, electrifying, and iconic heavyweight champions in boxing history. Known for his devastating knockout power, unmatched intensity, and explosive rise to the top, Tyson became the youngest heavyweight champion in history and dominated an unforgettable era of the sport. Add the unmistakable signature of a true boxing legend to your collection and own an incredible piece of heavyweight history. Includes a Certificate of Authenticity and matching hologram.</p> <p>Photos shown are our catalogue images. Autograph placement and appearance may vary slightly from the item shown.</p>","<p>This boxing glove is hand-signed by the one and only “Iron” Mike Tyson, one of the most feared, electrifying, and iconic heavyweight champions in boxing history. Known for his devastating knockout power, unmatched intensity, and explosive rise to the top, Tyson became the youngest heavyweight champion in history and dominated an unforgettable era of the sport. Add the unmistakable signature of a true boxing legend to your collection and own an incredible piece of heavyweight history. Includes a Certificate of Authenticity and matching hologram.</p> <p>Photos shown are our catalogue images. Autograph placement and appearance may vary slightly from the item shown.</p>"
7780992680025,framed-dual-jersey-michael-jordan-chicago-bulls-mitchell-ness-aapch33262,Michael Jordan Epic Chicago Bulls Framed Rookie & Jerseys (97x45),"<p>This exceptional piece of memorabilia is the largest framed Michael Jordan dual jersey ever released, featuring six action-packed images that span from his rookie season to his final championship moment, where he famously sank the game-winning shot in Game 6 against the Utah Jazz. The framed display includes Jordan’s autograph on both a 1984-85 Chicago Bulls red rookie jersey and a 1997-98 Bulls red away jersey, each authenticated Mitchell &amp; Ness jerseys signed in black and silver paint pen. The impressive frame measures approximately 97"" x 45"", and his signature has been verified through Upper Deck Authenticated's meticulous Five-Step Process.  In 1984, the Chicago Bulls made a historic decision by drafting a 21-year-old Michael Jordan, who was already one of the most talented collegiate players in the nation. Jordan quickly became the cornerstone of the Bulls franchise, and the rest, as they say, is history. Just three games into his rookie season, Jordan showcased his immense talent, scoring 37 points and delivering a stellar all-around performance against the Milwaukee Bucks. By the end of his rookie year, he led the league in total points with 2,313, averaging 28.2 points, 6.5 rebounds, 5.9 assists, and 2.4 steals per game over 82 games. His remarkable debut earned him an NBA All-Star spot and the 1985 Rookie of the Year award.  Jordan's career with the Bulls spanned 13 seasons, during which he led the team to six NBA championships and was named Finals MVP each time. His individual accolades are unparalleled, with five MVP Awards, ten All-NBA First Team selections, nine All-Defensive First Team honors, and fourteen NBA All-Star appearances, among many others. He also won two Olympic gold medals, including one as part of the legendary 1992 Dream Team. The Chicago Bulls honored his legacy by retiring his iconic number 23 jersey, and in 2009, he was enshrined in the Naismith Basketball Hall of Fame.</p><p>Photos shown are our catalogue images.</p>","<p>This exceptional piece of memorabilia is the largest framed Michael Jordan dual jersey ever released, featuring six action-packed images that span from his rookie season to his final championship moment, where he famously sank the game-winning shot in Game 6 against the Utah Jazz. The framed display includes Jordan’s autograph on both a 1984-85 Chicago Bulls red rookie jersey and a 1997-98 Bulls red away jersey, each authenticated Mitchell &amp; Ness jerseys signed in black and silver paint pen. The impressive frame measures approximately 97"" x 45"", and his signature has been verified through Upper Deck Authenticated's meticulous Five-Step Process. In 1984, the Chicago Bulls made a historic decision by drafting a 21-year-old Michael Jordan, who was already one of the most talented collegiate players in the nation. Jordan quickly became the cornerstone of the Bulls franchise, and the rest, as they say, is history. Just three games into his rookie season, Jordan showcased his immense talent, scoring 37 points and delivering a stellar all-around performance against the Milwaukee Bucks. By the end of his rookie year, he led the league in total points with 2,313, averaging 28.2 points, 6.5 rebounds, 5.9 assists, and 2.4 steals per game over 82 games. His remarkable debut earned him an NBA All-Star spot and the 1985 Rookie of the Year award. Jordan's career with the Bulls spanned 13 seasons, during which he led the team to six NBA championships and was named Finals MVP each time. His individual accolades are unparalleled, with five MVP Awards, ten All-NBA First Team selections, nine All-Defensive First Team honors, and fourteen NBA All-Star appearances, among many others. He also won two Olympic gold medals, including one as part of the legendary 1992 Dream Team. The Chicago Bulls honored his legacy by retiring his iconic number 23 jersey, and in 2009, he was enshrined in the Naismith Basketball Hall of Fame.</p><p>Photos shown are our catalogue images.</p>"
7783925678169,mason-mctavish-signed-anaheim-alt-orange-ads-jersey,Mason McTavish Signed Anaheim Ducks Alt Orange Adidas Jersey,"<p>This licensed Anaheim Ducks jersey has been personally autographed by Mason McTavish and is guaranteed authentic. Every item we sell is sourced directly from the player, from official signings, from exclusive distributors, or from autographs certified by recognized third-party authenticators. This piece ships with a numbered Certificate of Authenticity and a tamper-proof, uniquely coded hologram, backed by our 100% Authenticity Guarantee.</p>
<p><strong>Sizing:</strong> This jersey comes in size L or XL. As a high-end signed collectible, it's intended for display rather than everyday wear. If you have questions about the size before ordering, contact us at info@autographauthentic.com.</p>
<p><strong>Packaging &amp; shipping:</strong> Handling typically takes 1–5 business days, and orders typically ship within 7 business days. As an autographed collectible, some orders can take a few additional weeks if the piece is being framed, the jersey is being sewn together, or we're waiting on a celebrity signing — we’ll keep you updated if that applies to your order. See our Shipping Policy for full details.</p>
<p>Photos shown are our catalogue images.</p>","<p>This licensed Anaheim Ducks jersey has been personally autographed by Mason McTavish and is guaranteed authentic. Every item we sell is sourced directly from the player, from official signings, from exclusive distributors, or from autographs certified by recognized third-party authenticators. This piece ships with a numbered Certificate of Authenticity and a tamper-proof, uniquely coded hologram, backed by our 100% Authenticity Guarantee.</p>
<p><strong>Sizing:</strong> This jersey comes in size L or XL. As a high-end signed collectible, it's intended for display rather than everyday wear. If you have questions about the size before ordering, contact us at info@autographauthentic.com.</p>
<p><strong>Packaging &amp; shipping:</strong> Handling typically takes 1 to 5 business days, and orders typically ship within 7 business days. As an autographed collectible, some orders can take a few additional weeks if the piece is being framed, the jersey is being sewn together, or we're waiting on a celebrity signing, we’ll keep you updated if that applies to your order. See our Shipping Policy for full details.</p>
<p>Photos shown are our catalogue images.</p>"
7783925710937,chris-pronger-autographed-anaheim-fntcs-jersey,Chris Pronger Autographed Anaheim Ducks Fanatics Jersey,"<p>This licensed Anaheim Ducks jersey has been personally autographed by Chris Pronger and is guaranteed authentic. Every item we sell is sourced directly from the player, from official signings, from exclusive distributors, or from autographs certified by recognized third-party authenticators. This piece ships with a numbered Certificate of Authenticity and a tamper-proof, uniquely coded hologram, backed by our 100% Authenticity Guarantee.</p>
<p><strong>Sizing:</strong> This jersey comes in size L or XL. As a high-end signed collectible, it's intended for display rather than everyday wear. If you have questions about the size before ordering, contact us at info@autographauthentic.com.</p>
<p><strong>Packaging &amp; shipping:</strong> Handling typically takes 1–5 business days, and orders typically ship within 7 business days. As an autographed collectible, some orders can take a few additional weeks if the piece is being framed, the jersey is being sewn together, or we're waiting on a celebrity signing — we’ll keep you updated if that applies to your order. See our Shipping Policy for full details.</p>
<p>Photos shown are our catalogue images.</p>","<p>This licensed Anaheim Ducks jersey has been personally autographed by Chris Pronger and is guaranteed authentic. Every item we sell is sourced directly from the player, from official signings, from exclusive distributors, or from autographs certified by recognized third-party authenticators. This piece ships with a numbered Certificate of Authenticity and a tamper-proof, uniquely coded hologram, backed by our 100% Authenticity Guarantee.</p>
<p><strong>Sizing:</strong> This jersey comes in size L or XL. As a high-end signed collectible, it's intended for display rather than everyday wear. If you have questions about the size before ordering, contact us at info@autographauthentic.com.</p>
<p><strong>Packaging &amp; shipping:</strong> Handling typically takes 1 to 5 business days, and orders typically ship within 7 business days. As an autographed collectible, some orders can take a few additional weeks if the piece is being framed, the jersey is being sewn together, or we're waiting on a celebrity signing, we’ll keep you updated if that applies to your order. See our Shipping Policy for full details.</p>
<p>Photos shown are our catalogue images.</p>"
7783925907545,mikko-rantanen-signed-colorado-hockey-rookie-rbk-jersey,Mikko Rantanen Signed Colorado Avalanche Rookie Jersey,"<p>This licensed Colorado Avalanche jersey has been personally autographed by Mikko Rantanen and is guaranteed authentic. Every item we sell is sourced directly from the player, from official signings, from exclusive distributors, or from autographs certified by recognized third-party authenticators. This piece ships with a numbered Certificate of Authenticity and a tamper-proof, uniquely coded hologram, backed by our 100% Authenticity Guarantee.</p>
<p><strong>Sizing:</strong> This jersey comes in size L or XL. As a high-end signed collectible, it's intended for display rather than everyday wear. If you have questions about the size before ordering, contact us at info@autographauthentic.com.</p>
<p><strong>Packaging &amp; shipping:</strong> Handling typically takes 1–5 business days, and orders typically ship within 7 business days. As an autographed collectible, some orders can take a few additional weeks if the piece is being framed, the jersey is being sewn together, or we're waiting on a celebrity signing — we’ll keep you updated if that applies to your order. See our Shipping Policy for full details.</p>
<p>Photos shown are our catalogue images.</p>","<p>This licensed Colorado Avalanche jersey has been personally autographed by Mikko Rantanen and is guaranteed authentic. Every item we sell is sourced directly from the player, from official signings, from exclusive distributors, or from autographs certified by recognized third-party authenticators. This piece ships with a numbered Certificate of Authenticity and a tamper-proof, uniquely coded hologram, backed by our 100% Authenticity Guarantee.</p>
<p><strong>Sizing:</strong> This jersey comes in size L or XL. As a high-end signed collectible, it's intended for display rather than everyday wear. If you have questions about the size before ordering, contact us at info@autographauthentic.com.</p>
<p><strong>Packaging &amp; shipping:</strong> Handling typically takes 1 to 5 business days, and orders typically ship within 7 business days. As an autographed collectible, some orders can take a few additional weeks if the piece is being framed, the jersey is being sewn together, or we're waiting on a celebrity signing, we’ll keep you updated if that applies to your order. See our Shipping Policy for full details.</p>
<p>Photos shown are our catalogue images.</p>"
7783925940313,nathan-mackinnon-colorado-signed-alt-ads-jersey,Nathan MacKinnon Colorado Avalanche Signed Alt Adidas Jersey,"<p>This licensed Colorado Avalanche jersey has been personally autographed by Nathan MacKinnon and is guaranteed authentic. Every item we sell is sourced directly from the player, from official signings, from exclusive distributors, or from autographs certified by recognized third-party authenticators. This piece ships with a numbered Certificate of Authenticity and a tamper-proof, uniquely coded hologram, backed by our 100% Authenticity Guarantee.</p>
<p><strong>Sizing:</strong> This jersey comes in size L or XL. As a high-end signed collectible, it's intended for display rather than everyday wear. If you have questions about the size before ordering, contact us at info@autographauthentic.com.</p>
<p><strong>Packaging &amp; shipping:</strong> Handling typically takes 1–5 business days, and orders typically ship within 7 business days. As an autographed collectible, some orders can take a few additional weeks if the piece is being framed, the jersey is being sewn together, or we're waiting on a celebrity signing — we’ll keep you updated if that applies to your order. See our Shipping Policy for full details.</p>
<p>Photos shown are our catalogue images.</p>","<p>This licensed Colorado Avalanche jersey has been personally autographed by Nathan MacKinnon and is guaranteed authentic. Every item we sell is sourced directly from the player, from official signings, from exclusive distributors, or from autographs certified by recognized third-party authenticators. This piece ships with a numbered Certificate of Authenticity and a tamper-proof, uniquely coded hologram, backed by our 100% Authenticity Guarantee.</p>
<p><strong>Sizing:</strong> This jersey comes in size L or XL. As a high-end signed collectible, it's intended for display rather than everyday wear. If you have questions about the size before ordering, contact us at info@autographauthentic.com.</p>
<p><strong>Packaging &amp; shipping:</strong> Handling typically takes 1 to 5 business days, and orders typically ship within 7 business days. As an autographed collectible, some orders can take a few additional weeks if the piece is being framed, the jersey is being sewn together, or we're waiting on a celebrity signing, we’ll keep you updated if that applies to your order. See our Shipping Policy for full details.</p>
<p>Photos shown are our catalogue images.</p>"
7783926038617,brett-hull-autographed-detroit-hockey-throwback-fntcs-jersey,Brett Hull Autographed Detroit Red Wings Throwback Jersey,"<p>This licensed Detroit Red Wings Throwback jersey has been personally autographed by Brett Hull and is guaranteed authentic. Every item we sell is sourced directly from the player, from official signings, from exclusive distributors, or from autographs certified by recognized third-party authenticators. This piece ships with a numbered Certificate of Authenticity and a tamper-proof, uniquely coded hologram, backed by our 100% Authenticity Guarantee.</p>
<p><strong>Sizing:</strong> This jersey comes in size L or XL. As a high-end signed collectible, it's intended for display rather than everyday wear. If you have questions about the size before ordering, contact us at info@autographauthentic.com.</p>
<p><strong>Packaging &amp; shipping:</strong> Handling typically takes 1–5 business days, and orders typically ship within 7 business days. As an autographed collectible, some orders can take a few additional weeks if the piece is being framed, the jersey is being sewn together, or we're waiting on a celebrity signing — we’ll keep you updated if that applies to your order. See our Shipping Policy for full details.</p>
<p>Photos shown are our catalogue images.</p>","<p>This licensed Detroit Red Wings Throwback jersey has been personally autographed by Brett Hull and is guaranteed authentic. Every item we sell is sourced directly from the player, from official signings, from exclusive distributors, or from autographs certified by recognized third-party authenticators. This piece ships with a numbered Certificate of Authenticity and a tamper-proof, uniquely coded hologram, backed by our 100% Authenticity Guarantee.</p>
<p><strong>Sizing:</strong> This jersey comes in size L or XL. As a high-end signed collectible, it's intended for display rather than everyday wear. If you have questions about the size before ordering, contact us at info@autographauthentic.com.</p>
<p><strong>Packaging &amp; shipping:</strong> Handling typically takes 1 to 5 business days, and orders typically ship within 7 business days. As an autographed collectible, some orders can take a few additional weeks if the piece is being framed, the jersey is being sewn together, or we're waiting on a celebrity signing, we’ll keep you updated if that applies to your order. See our Shipping Policy for full details.</p>
<p>Photos shown are our catalogue images.</p>"
7783926267993,drew-doughty-los-angeles-signed-noted-2016-norris-rbk-jersey,Drew Doughty Los Angeles Kings Signed & Noted 2016 Jersey,"<p>This licensed Los Angeles Kings jersey has been personally autographed by Drew Doughty and is guaranteed authentic. Every item we sell is sourced directly from the player, from official signings, from exclusive distributors, or from autographs certified by recognized third-party authenticators. This piece ships with a numbered Certificate of Authenticity and a tamper-proof, uniquely coded hologram, backed by our 100% Authenticity Guarantee.</p>
<p><strong>Sizing:</strong> This jersey comes in size L or XL. As a high-end signed collectible, it's intended for display rather than everyday wear. If you have questions about the size before ordering, contact us at info@autographauthentic.com.</p>
<p><strong>Packaging &amp; shipping:</strong> Handling typically takes 1–5 business days, and orders typically ship within 7 business days. As an autographed collectible, some orders can take a few additional weeks if the piece is being framed, the jersey is being sewn together, or we're waiting on a celebrity signing — we’ll keep you updated if that applies to your order. See our Shipping Policy for full details.</p>
<p>Photos shown are our catalogue images.</p>","<p>This licensed Los Angeles Kings jersey has been personally autographed by Drew Doughty and is guaranteed authentic. Every item we sell is sourced directly from the player, from official signings, from exclusive distributors, or from autographs certified by recognized third-party authenticators. This piece ships with a numbered Certificate of Authenticity and a tamper-proof, uniquely coded hologram, backed by our 100% Authenticity Guarantee.</p>
<p><strong>Sizing:</strong> This jersey comes in size L or XL. As a high-end signed collectible, it's intended for display rather than everyday wear. If you have questions about the size before ordering, contact us at info@autographauthentic.com.</p>
<p><strong>Packaging &amp; shipping:</strong> Handling typically takes 1 to 5 business days, and orders typically ship within 7 business days. As an autographed collectible, some orders can take a few additional weeks if the piece is being framed, the jersey is being sewn together, or we're waiting on a celebrity signing, we’ll keep you updated if that applies to your order. See our Shipping Policy for full details.</p>
<p>Photos shown are our catalogue images.</p>"
7783926366297,erik-haula-vegas-autographed-fntcs-jersey,Erik Haula Vegas Golden Knights Autographed Fanatics Jersey,"<p>This licensed Vegas Golden Knights jersey has been personally autographed by Erik Haula and is guaranteed authentic. Every item we sell is sourced directly from the player, from official signings, from exclusive distributors, or from autographs certified by recognized third-party authenticators. This piece ships with a numbered Certificate of Authenticity and a tamper-proof, uniquely coded hologram, backed by our 100% Authenticity Guarantee.</p>
<p><strong>Sizing:</strong> This jersey comes in size L or XL. As a high-end signed collectible, it's intended for display rather than everyday wear. If you have questions about the size before ordering, contact us at info@autographauthentic.com.</p>
<p><strong>Packaging &amp; shipping:</strong> Handling typically takes 1–5 business days, and orders typically ship within 7 business days. As an autographed collectible, some orders can take a few additional weeks if the piece is being framed, the jersey is being sewn together, or we're waiting on a celebrity signing — we’ll keep you updated if that applies to your order. See our Shipping Policy for full details.</p>
<p>Photos shown are our catalogue images.</p>","<p>This licensed Vegas Golden Knights jersey has been personally autographed by Erik Haula and is guaranteed authentic. Every item we sell is sourced directly from the player, from official signings, from exclusive distributors, or from autographs certified by recognized third-party authenticators. This piece ships with a numbered Certificate of Authenticity and a tamper-proof, uniquely coded hologram, backed by our 100% Authenticity Guarantee.</p>
<p><strong>Sizing:</strong> This jersey comes in size L or XL. As a high-end signed collectible, it's intended for display rather than everyday wear. If you have questions about the size before ordering, contact us at info@autographauthentic.com.</p>
<p><strong>Packaging &amp; shipping:</strong> Handling typically takes 1 to 5 business days, and orders typically ship within 7 business days. As an autographed collectible, some orders can take a few additional weeks if the piece is being framed, the jersey is being sewn together, or we're waiting on a celebrity signing, we’ll keep you updated if that applies to your order. See our Shipping Policy for full details.</p>
<p>Photos shown are our catalogue images.</p>"
7783926464601,shea-theodore-vegas-autographed-fntcs-jersey,Shea Theodore Vegas Golden Knights Autographed Alt Jersey,"<p>This licensed Vegas Golden Knights jersey has been personally autographed by Shea Theodore and is guaranteed authentic. Every item we sell is sourced directly from the player, from official signings, from exclusive distributors, or from autographs certified by recognized third-party authenticators. This piece ships with a numbered Certificate of Authenticity and a tamper-proof, uniquely coded hologram, backed by our 100% Authenticity Guarantee.</p>
<p><strong>Sizing:</strong> This jersey comes in size L or XL. As a high-end signed collectible, it's intended for display rather than everyday wear. If you have questions about the size before ordering, contact us at info@autographauthentic.com.</p>
<p><strong>Packaging &amp; shipping:</strong> Handling typically takes 1–5 business days, and orders typically ship within 7 business days. As an autographed collectible, some orders can take a few additional weeks if the piece is being framed, the jersey is being sewn together, or we're waiting on a celebrity signing — we’ll keep you updated if that applies to your order. See our Shipping Policy for full details.</p>
<p>Photos shown are our catalogue images.</p>","<p>This licensed Vegas Golden Knights jersey has been personally autographed by Shea Theodore and is guaranteed authentic. Every item we sell is sourced directly from the player, from official signings, from exclusive distributors, or from autographs certified by recognized third-party authenticators. This piece ships with a numbered Certificate of Authenticity and a tamper-proof, uniquely coded hologram, backed by our 100% Authenticity Guarantee.</p>
<p><strong>Sizing:</strong> This jersey comes in size L or XL. As a high-end signed collectible, it's intended for display rather than everyday wear. If you have questions about the size before ordering, contact us at info@autographauthentic.com.</p>
<p><strong>Packaging &amp; shipping:</strong> Handling typically takes 1 to 5 business days, and orders typically ship within 7 business days. As an autographed collectible, some orders can take a few additional weeks if the piece is being framed, the jersey is being sewn together, or we're waiting on a celebrity signing, we’ll keep you updated if that applies to your order. See our Shipping Policy for full details.</p>
<p>Photos shown are our catalogue images.</p>"
7783926595673,dominik-hasek-ottawa-autographed-fntcs-jersey,Dominik Hasek Ottawa Senators Autographed Fanatics Jersey,"<p>This licensed Ottawa Senators jersey has been personally autographed by Dominik Hasek and is guaranteed authentic. Every item we sell is sourced directly from the player, from official signings, from exclusive distributors, or from autographs certified by recognized third-party authenticators. This piece ships with a numbered Certificate of Authenticity and a tamper-proof, uniquely coded hologram, backed by our 100% Authenticity Guarantee.</p>
<p><strong>Sizing:</strong> This jersey comes in size L or XL. As a high-end signed collectible, it's intended for display rather than everyday wear. If you have questions about the size before ordering, contact us at info@autographauthentic.com.</p>
<p><strong>Packaging &amp; shipping:</strong> Handling typically takes 1–5 business days, and orders typically ship within 7 business days. As an autographed collectible, some orders can take a few additional weeks if the piece is being framed, the jersey is being sewn together, or we're waiting on a celebrity signing — we’ll keep you updated if that applies to your order. See our Shipping Policy for full details.</p>
<p>Photos shown are our catalogue images.</p>","<p>This licensed Ottawa Senators jersey has been personally autographed by Dominik Hasek and is guaranteed authentic. Every item we sell is sourced directly from the player, from official signings, from exclusive distributors, or from autographs certified by recognized third-party authenticators. This piece ships with a numbered Certificate of Authenticity and a tamper-proof, uniquely coded hologram, backed by our 100% Authenticity Guarantee.</p>
<p><strong>Sizing:</strong> This jersey comes in size L or XL. As a high-end signed collectible, it's intended for display rather than everyday wear. If you have questions about the size before ordering, contact us at info@autographauthentic.com.</p>
<p><strong>Packaging &amp; shipping:</strong> Handling typically takes 1 to 5 business days, and orders typically ship within 7 business days. As an autographed collectible, some orders can take a few additional weeks if the piece is being framed, the jersey is being sewn together, or we're waiting on a celebrity signing, we’ll keep you updated if that applies to your order. See our Shipping Policy for full details.</p>
<p>Photos shown are our catalogue images.</p>"
7783926661209,brady-tkachuk-signed-ottawa-hockey-rookie-fntcs-jersey,Brady Tkachuk Signed Ottawa Senators Rookie Fanatics Jersey,"<p>This licensed Ottawa Senators jersey has been personally autographed by Brady Tkachuk and is guaranteed authentic. Every item we sell is sourced directly from the player, from official signings, from exclusive distributors, or from autographs certified by recognized third-party authenticators. This piece ships with a numbered Certificate of Authenticity and a tamper-proof, uniquely coded hologram, backed by our 100% Authenticity Guarantee.</p>
<p><strong>Sizing:</strong> This jersey comes in size L or XL. As a high-end signed collectible, it's intended for display rather than everyday wear. If you have questions about the size before ordering, contact us at info@autographauthentic.com.</p>
<p><strong>Packaging &amp; shipping:</strong> Handling typically takes 1–5 business days, and orders typically ship within 7 business days. As an autographed collectible, some orders can take a few additional weeks if the piece is being framed, the jersey is being sewn together, or we're waiting on a celebrity signing — we’ll keep you updated if that applies to your order. See our Shipping Policy for full details.</p>
<p>Photos shown are our catalogue images.</p>","<p>This licensed Ottawa Senators jersey has been personally autographed by Brady Tkachuk and is guaranteed authentic. Every item we sell is sourced directly from the player, from official signings, from exclusive distributors, or from autographs certified by recognized third-party authenticators. This piece ships with a numbered Certificate of Authenticity and a tamper-proof, uniquely coded hologram, backed by our 100% Authenticity Guarantee.</p>
<p><strong>Sizing:</strong> This jersey comes in size L or XL. As a high-end signed collectible, it's intended for display rather than everyday wear. If you have questions about the size before ordering, contact us at info@autographauthentic.com.</p>
<p><strong>Packaging &amp; shipping:</strong> Handling typically takes 1 to 5 business days, and orders typically ship within 7 business days. As an autographed collectible, some orders can take a few additional weeks if the piece is being framed, the jersey is being sewn together, or we're waiting on a celebrity signing, we’ll keep you updated if that applies to your order. See our Shipping Policy for full details.</p>
<p>Photos shown are our catalogue images.</p>"
7783926726745,erik-karlsson-san-jose-autographed-ads-jersey,Erik Karlsson San Jose Sharks Autographed Adidas Jersey,"<p>This licensed San Jose Sharks jersey has been personally autographed by Erik Karlsson and is guaranteed authentic. Every item we sell is sourced directly from the player, from official signings, from exclusive distributors, or from autographs certified by recognized third-party authenticators. This piece ships with a numbered Certificate of Authenticity and a tamper-proof, uniquely coded hologram, backed by our 100% Authenticity Guarantee.</p>
<p><strong>Sizing:</strong> This jersey comes in size L or XL. As a high-end signed collectible, it's intended for display rather than everyday wear. If you have questions about the size before ordering, contact us at info@autographauthentic.com.</p>
<p><strong>Packaging &amp; shipping:</strong> Handling typically takes 1–5 business days, and orders typically ship within 7 business days. As an autographed collectible, some orders can take a few additional weeks if the piece is being framed, the jersey is being sewn together, or we're waiting on a celebrity signing — we’ll keep you updated if that applies to your order. See our Shipping Policy for full details.</p>
<p>Photos shown are our catalogue images.</p>","<p>This licensed San Jose Sharks jersey has been personally autographed by Erik Karlsson and is guaranteed authentic. Every item we sell is sourced directly from the player, from official signings, from exclusive distributors, or from autographs certified by recognized third-party authenticators. This piece ships with a numbered Certificate of Authenticity and a tamper-proof, uniquely coded hologram, backed by our 100% Authenticity Guarantee.</p>
<p><strong>Sizing:</strong> This jersey comes in size L or XL. As a high-end signed collectible, it's intended for display rather than everyday wear. If you have questions about the size before ordering, contact us at info@autographauthentic.com.</p>
<p><strong>Packaging &amp; shipping:</strong> Handling typically takes 1 to 5 business days, and orders typically ship within 7 business days. As an autographed collectible, some orders can take a few additional weeks if the piece is being framed, the jersey is being sewn together, or we're waiting on a celebrity signing, we’ll keep you updated if that applies to your order. See our Shipping Policy for full details.</p>
<p>Photos shown are our catalogue images.</p>"
7783926825049,jeremy-roenick-san-jose-signed-last-game-rbk-jersey,Jeremy Roenick San Jose Sharks Signed Last Game Jersey,"<p>This licensed San Jose Sharks jersey has been personally autographed by Jeremy Roenick and is guaranteed authentic. Every item we sell is sourced directly from the player, from official signings, from exclusive distributors, or from autographs certified by recognized third-party authenticators. This piece ships with a numbered Certificate of Authenticity and a tamper-proof, uniquely coded hologram, backed by our 100% Authenticity Guarantee.</p>
<p><strong>Sizing:</strong> This jersey comes in size L or XL. As a high-end signed collectible, it's intended for display rather than everyday wear. If you have questions about the size before ordering, contact us at info@autographauthentic.com.</p>
<p><strong>Packaging &amp; shipping:</strong> Handling typically takes 1–5 business days, and orders typically ship within 7 business days. As an autographed collectible, some orders can take a few additional weeks if the piece is being framed, the jersey is being sewn together, or we're waiting on a celebrity signing — we’ll keep you updated if that applies to your order. See our Shipping Policy for full details.</p>
<p>Photos shown are our catalogue images.</p>","<p>This licensed San Jose Sharks jersey has been personally autographed by Jeremy Roenick and is guaranteed authentic. Every item we sell is sourced directly from the player, from official signings, from exclusive distributors, or from autographs certified by recognized third-party authenticators. This piece ships with a numbered Certificate of Authenticity and a tamper-proof, uniquely coded hologram, backed by our 100% Authenticity Guarantee.</p>
<p><strong>Sizing:</strong> This jersey comes in size L or XL. As a high-end signed collectible, it's intended for display rather than everyday wear. If you have questions about the size before ordering, contact us at info@autographauthentic.com.</p>
<p><strong>Packaging &amp; shipping:</strong> Handling typically takes 1 to 5 business days, and orders typically ship within 7 business days. As an autographed collectible, some orders can take a few additional weeks if the piece is being framed, the jersey is being sewn together, or we're waiting on a celebrity signing, we’ll keep you updated if that applies to your order. See our Shipping Policy for full details.</p>
<p>Photos shown are our catalogue images.</p>"
7783926890585,teemu-selanne-san-jose-autographed-rbk-jersey,Teemu Selanne San Jose Sharks Autographed Reebok Jersey,"<p>This licensed San Jose Sharks jersey has been personally autographed by Teemu Selanne and is guaranteed authentic. Every item we sell is sourced directly from the player, from official signings, from exclusive distributors, or from autographs certified by recognized third-party authenticators. This piece ships with a numbered Certificate of Authenticity and a tamper-proof, uniquely coded hologram, backed by our 100% Authenticity Guarantee.</p>
<p><strong>Sizing:</strong> This jersey comes in size L or XL. As a high-end signed collectible, it's intended for display rather than everyday wear. If you have questions about the size before ordering, contact us at info@autographauthentic.com.</p>
<p><strong>Packaging &amp; shipping:</strong> Handling typically takes 1–5 business days, and orders typically ship within 7 business days. As an autographed collectible, some orders can take a few additional weeks if the piece is being framed, the jersey is being sewn together, or we're waiting on a celebrity signing — we’ll keep you updated if that applies to your order. See our Shipping Policy for full details.</p>
<p>Photos shown are our catalogue images.</p>","<p>This licensed San Jose Sharks jersey has been personally autographed by Teemu Selanne and is guaranteed authentic. Every item we sell is sourced directly from the player, from official signings, from exclusive distributors, or from autographs certified by recognized third-party authenticators. This piece ships with a numbered Certificate of Authenticity and a tamper-proof, uniquely coded hologram, backed by our 100% Authenticity Guarantee.</p>
<p><strong>Sizing:</strong> This jersey comes in size L or XL. As a high-end signed collectible, it's intended for display rather than everyday wear. If you have questions about the size before ordering, contact us at info@autographauthentic.com.</p>
<p><strong>Packaging &amp; shipping:</strong> Handling typically takes 1 to 5 business days, and orders typically ship within 7 business days. As an autographed collectible, some orders can take a few additional weeks if the piece is being framed, the jersey is being sewn together, or we're waiting on a celebrity signing, we’ll keep you updated if that applies to your order. See our Shipping Policy for full details.</p>
<p>Photos shown are our catalogue images.</p>"
7783927054425,doug-gilmour-signed-st-louis-hockey-retro-fntcs-jersey,Doug Gilmour Signed St. Louis Blues Retro Fanatics Jersey,"<p>This licensed St. Louis Blues jersey has been personally autographed by Doug Gilmour and is guaranteed authentic. Every item we sell is sourced directly from the player, from official signings, from exclusive distributors, or from autographs certified by recognized third-party authenticators. This piece ships with a numbered Certificate of Authenticity and a tamper-proof, uniquely coded hologram, backed by our 100% Authenticity Guarantee.</p>
<p><strong>Sizing:</strong> This jersey comes in size L or XL. As a high-end signed collectible, it's intended for display rather than everyday wear. If you have questions about the size before ordering, contact us at info@autographauthentic.com.</p>
<p><strong>Packaging &amp; shipping:</strong> Handling typically takes 1–5 business days, and orders typically ship within 7 business days. As an autographed collectible, some orders can take a few additional weeks if the piece is being framed, the jersey is being sewn together, or we're waiting on a celebrity signing — we’ll keep you updated if that applies to your order. See our Shipping Policy for full details.</p>
<p>Photos shown are our catalogue images.</p>","<p>This licensed St. Louis Blues jersey has been personally autographed by Doug Gilmour and is guaranteed authentic. Every item we sell is sourced directly from the player, from official signings, from exclusive distributors, or from autographs certified by recognized third-party authenticators. This piece ships with a numbered Certificate of Authenticity and a tamper-proof, uniquely coded hologram, backed by our 100% Authenticity Guarantee.</p>
<p><strong>Sizing:</strong> This jersey comes in size L or XL. As a high-end signed collectible, it's intended for display rather than everyday wear. If you have questions about the size before ordering, contact us at info@autographauthentic.com.</p>
<p><strong>Packaging &amp; shipping:</strong> Handling typically takes 1 to 5 business days, and orders typically ship within 7 business days. As an autographed collectible, some orders can take a few additional weeks if the piece is being framed, the jersey is being sewn together, or we're waiting on a celebrity signing, we’ll keep you updated if that applies to your order. See our Shipping Policy for full details.</p>
<p>Photos shown are our catalogue images.</p>"
7783927152729,grant-fuhr-signed-st-louis-hockey-diagonal-throwback-fntcs-jersey,Grant Fuhr Signed St. Louis Blues Diagonal Throwback Jersey,"<p>This licensed St. Louis Blues jersey has been personally autographed by Grant Fuhr and is guaranteed authentic. Every item we sell is sourced directly from the player, from official signings, from exclusive distributors, or from autographs certified by recognized third-party authenticators. This piece ships with a numbered Certificate of Authenticity and a tamper-proof, uniquely coded hologram, backed by our 100% Authenticity Guarantee.</p>
<p><strong>Sizing:</strong> This jersey comes in size L or XL. As a high-end signed collectible, it's intended for display rather than everyday wear. If you have questions about the size before ordering, contact us at info@autographauthentic.com.</p>
<p><strong>Packaging &amp; shipping:</strong> Handling typically takes 1–5 business days, and orders typically ship within 7 business days. As an autographed collectible, some orders can take a few additional weeks if the piece is being framed, the jersey is being sewn together, or we're waiting on a celebrity signing — we’ll keep you updated if that applies to your order. See our Shipping Policy for full details.</p>
<p>Photos shown are our catalogue images.</p>","<p>This licensed St. Louis Blues jersey has been personally autographed by Grant Fuhr and is guaranteed authentic. Every item we sell is sourced directly from the player, from official signings, from exclusive distributors, or from autographs certified by recognized third-party authenticators. This piece ships with a numbered Certificate of Authenticity and a tamper-proof, uniquely coded hologram, backed by our 100% Authenticity Guarantee.</p>
<p><strong>Sizing:</strong> This jersey comes in size L or XL. As a high-end signed collectible, it's intended for display rather than everyday wear. If you have questions about the size before ordering, contact us at info@autographauthentic.com.</p>
<p><strong>Packaging &amp; shipping:</strong> Handling typically takes 1 to 5 business days, and orders typically ship within 7 business days. As an autographed collectible, some orders can take a few additional weeks if the piece is being framed, the jersey is being sewn together, or we're waiting on a celebrity signing, we’ll keep you updated if that applies to your order. See our Shipping Policy for full details.</p>
<p>Photos shown are our catalogue images.</p>"
7783927316569,steven-stamkos-signed-tampa-bay-hockey-2021-stanley-cup-ads-jersey,Steven Stamkos Signed Lightning 2021 Stanley Cup Jersey,"<p>This licensed Tampa Bay Lightning jersey has been personally autographed by Steven Stamkos and is guaranteed authentic. Every item we sell is sourced directly from the player, from official signings, from exclusive distributors, or from autographs certified by recognized third-party authenticators. This piece ships with a numbered Certificate of Authenticity and a tamper-proof, uniquely coded hologram, backed by our 100% Authenticity Guarantee.</p>
<p><strong>Sizing:</strong> This jersey comes in size L or XL. As a high-end signed collectible, it's intended for display rather than everyday wear. If you have questions about the size before ordering, contact us at info@autographauthentic.com.</p>
<p><strong>Packaging &amp; shipping:</strong> Handling typically takes 1–5 business days, and orders typically ship within 7 business days. As an autographed collectible, some orders can take a few additional weeks if the piece is being framed, the jersey is being sewn together, or we're waiting on a celebrity signing — we’ll keep you updated if that applies to your order. See our Shipping Policy for full details.</p>
<p>Photos shown are our catalogue images.</p>","<p>This licensed Tampa Bay Lightning jersey has been personally autographed by Steven Stamkos and is guaranteed authentic. Every item we sell is sourced directly from the player, from official signings, from exclusive distributors, or from autographs certified by recognized third-party authenticators. This piece ships with a numbered Certificate of Authenticity and a tamper-proof, uniquely coded hologram, backed by our 100% Authenticity Guarantee.</p>
<p><strong>Sizing:</strong> This jersey comes in size L or XL. As a high-end signed collectible, it's intended for display rather than everyday wear. If you have questions about the size before ordering, contact us at info@autographauthentic.com.</p>
<p><strong>Packaging &amp; shipping:</strong> Handling typically takes 1 to 5 business days, and orders typically ship within 7 business days. As an autographed collectible, some orders can take a few additional weeks if the piece is being framed, the jersey is being sewn together, or we're waiting on a celebrity signing, we’ll keep you updated if that applies to your order. See our Shipping Policy for full details.</p>
<p>Photos shown are our catalogue images.</p>"
7783927545945,morgan-rielly-toronto-autographed-ads-jersey,Morgan Rielly Toronto Maple Leafs Autographed Adidas Jersey,"<p>This licensed Toronto Maple Leafs jersey has been personally autographed by Morgan Rielly and is guaranteed authentic. Every item we sell is sourced directly from the player, from official signings, from exclusive distributors, or from autographs certified by recognized third-party authenticators. This piece ships with a numbered Certificate of Authenticity and a tamper-proof, uniquely coded hologram, backed by our 100% Authenticity Guarantee.</p>
<p><strong>Sizing:</strong> This jersey comes in size L or XL. As a high-end signed collectible, it's intended for display rather than everyday wear. If you have questions about the size before ordering, contact us at info@autographauthentic.com.</p>
<p><strong>Packaging &amp; shipping:</strong> Handling typically takes 1–5 business days, and orders typically ship within 7 business days. As an autographed collectible, some orders can take a few additional weeks if the piece is being framed, the jersey is being sewn together, or we're waiting on a celebrity signing — we’ll keep you updated if that applies to your order. See our Shipping Policy for full details.</p>
<p>Photos shown are our catalogue images.</p>","<p>This licensed Toronto Maple Leafs jersey has been personally autographed by Morgan Rielly and is guaranteed authentic. Every item we sell is sourced directly from the player, from official signings, from exclusive distributors, or from autographs certified by recognized third-party authenticators. This piece ships with a numbered Certificate of Authenticity and a tamper-proof, uniquely coded hologram, backed by our 100% Authenticity Guarantee.</p>
<p><strong>Sizing:</strong> This jersey comes in size L or XL. As a high-end signed collectible, it's intended for display rather than everyday wear. If you have questions about the size before ordering, contact us at info@autographauthentic.com.</p>
<p><strong>Packaging &amp; shipping:</strong> Handling typically takes 1 to 5 business days, and orders typically ship within 7 business days. As an autographed collectible, some orders can take a few additional weeks if the piece is being framed, the jersey is being sewn together, or we're waiting on a celebrity signing, we’ll keep you updated if that applies to your order. See our Shipping Policy for full details.</p>
<p>Photos shown are our catalogue images.</p>"
7783927742553,kyle-connor-winnipeg-signed-white-fntcs-jersey,Kyle Connor Winnipeg Jets Signed White Fanatics Jersey,"<p>This licensed Winnipeg Jets White jersey has been personally autographed by Kyle Connor and is guaranteed authentic. Every item we sell is sourced directly from the player, from official signings, from exclusive distributors, or from autographs certified by recognized third-party authenticators. This piece ships with a numbered Certificate of Authenticity and a tamper-proof, uniquely coded hologram, backed by our 100% Authenticity Guarantee.</p>
<p><strong>Sizing:</strong> This jersey comes in size L or XL. As a high-end signed collectible, it's intended for display rather than everyday wear. If you have questions about the size before ordering, contact us at info@autographauthentic.com.</p>
<p><strong>Packaging &amp; shipping:</strong> Handling typically takes 1–5 business days, and orders typically ship within 7 business days. As an autographed collectible, some orders can take a few additional weeks if the piece is being framed, the jersey is being sewn together, or we're waiting on a celebrity signing — we’ll keep you updated if that applies to your order. See our Shipping Policy for full details.</p>
<p>Photos shown are our catalogue images.</p>","<p>This licensed Winnipeg Jets White jersey has been personally autographed by Kyle Connor and is guaranteed authentic. Every item we sell is sourced directly from the player, from official signings, from exclusive distributors, or from autographs certified by recognized third-party authenticators. This piece ships with a numbered Certificate of Authenticity and a tamper-proof, uniquely coded hologram, backed by our 100% Authenticity Guarantee.</p>
<p><strong>Sizing:</strong> This jersey comes in size L or XL. As a high-end signed collectible, it's intended for display rather than everyday wear. If you have questions about the size before ordering, contact us at info@autographauthentic.com.</p>
<p><strong>Packaging &amp; shipping:</strong> Handling typically takes 1 to 5 business days, and orders typically ship within 7 business days. As an autographed collectible, some orders can take a few additional weeks if the piece is being framed, the jersey is being sewn together, or we're waiting on a celebrity signing, we’ll keep you updated if that applies to your order. See our Shipping Policy for full details.</p>
<p>Photos shown are our catalogue images.</p>"
7783931150425,charles-oakley-signed-new-york-knicks-m-n-jersey,Charles Oakley Signed New York Knicks Mitchell & Ness Jersey,"<p>This licensed New York Knicks jersey has been personally autographed by Charles Oakley and is guaranteed authentic. Every item we sell is sourced directly from the player, from official signings, from exclusive distributors, or from autographs certified by recognized third-party authenticators. This piece ships with a numbered Certificate of Authenticity and a tamper-proof, uniquely coded hologram, backed by our 100% Authenticity Guarantee.</p>
<p><strong>Sizing:</strong> This jersey comes in size L or XL. As a high-end signed collectible, it's intended for display rather than everyday wear. If you have questions about the size before ordering, contact us at info@autographauthentic.com.</p>
<p><strong>Packaging &amp; shipping:</strong> Handling typically takes 1–5 business days, and orders typically ship within 7 business days. As an autographed collectible, some orders can take a few additional weeks if the piece is being framed, the jersey is being sewn together, or we're waiting on a celebrity signing — we’ll keep you updated if that applies to your order. See our Shipping Policy for full details.</p>
<p>Photos shown are our catalogue images.</p>","<p>This licensed New York Knicks jersey has been personally autographed by Charles Oakley and is guaranteed authentic. Every item we sell is sourced directly from the player, from official signings, from exclusive distributors, or from autographs certified by recognized third-party authenticators. This piece ships with a numbered Certificate of Authenticity and a tamper-proof, uniquely coded hologram, backed by our 100% Authenticity Guarantee.</p>
<p><strong>Sizing:</strong> This jersey comes in size L or XL. As a high-end signed collectible, it's intended for display rather than everyday wear. If you have questions about the size before ordering, contact us at info@autographauthentic.com.</p>
<p><strong>Packaging &amp; shipping:</strong> Handling typically takes 1 to 5 business days, and orders typically ship within 7 business days. As an autographed collectible, some orders can take a few additional weeks if the piece is being framed, the jersey is being sewn together, or we're waiting on a celebrity signing, we’ll keep you updated if that applies to your order. See our Shipping Policy for full details.</p>
<p>Photos shown are our catalogue images.</p>"
7795180830809,drew-doughty-guelph-storm-autographed-chl-hockey-jersey,Drew Doughty Guelph Storm Autographed CHL Hockey Jersey,"<p>This licensed Guelph Storm jersey has been personally autographed by Drew Doughty and is guaranteed authentic. Every item we sell is sourced directly from the player, from official signings, from exclusive distributors, or from autographs certified by recognized third-party authenticators. This piece ships with a numbered Certificate of Authenticity and a tamper-proof, uniquely coded hologram, backed by our 100% Authenticity Guarantee.</p>
<p><strong>Sizing:</strong> This jersey comes in size L or XL. As a high-end signed collectible, it's intended for display rather than everyday wear. If you have questions about the size before ordering, contact us at info@autographauthentic.com.</p>
<p><strong>Packaging &amp; shipping:</strong> Handling typically takes 1–5 business days, and orders typically ship within 7 business days. As an autographed collectible, some orders can take a few additional weeks if the piece is being framed, the jersey is being sewn together, or we're waiting on a celebrity signing — we’ll keep you updated if that applies to your order. See our Shipping Policy for full details.</p>
<p>Photos shown are our catalogue images.</p>","<p>This licensed Guelph Storm jersey has been personally autographed by Drew Doughty and is guaranteed authentic. Every item we sell is sourced directly from the player, from official signings, from exclusive distributors, or from autographs certified by recognized third-party authenticators. This piece ships with a numbered Certificate of Authenticity and a tamper-proof, uniquely coded hologram, backed by our 100% Authenticity Guarantee.</p>
<p><strong>Sizing:</strong> This jersey comes in size L or XL. As a high-end signed collectible, it's intended for display rather than everyday wear. If you have questions about the size before ordering, contact us at info@autographauthentic.com.</p>
<p><strong>Packaging &amp; shipping:</strong> Handling typically takes 1 to 5 business days, and orders typically ship within 7 business days. As an autographed collectible, some orders can take a few additional weeks if the piece is being framed, the jersey is being sewn together, or we're waiting on a celebrity signing, we’ll keep you updated if that applies to your order. See our Shipping Policy for full details.</p>
<p>Photos shown are our catalogue images.</p>"
7795180896345,mason-mctavish-anaheim-signed-dated-1st-goal-ads-jersey-37,Mason McTavish Anaheim Ducks Signed 1st Goal Adidas Jersey /37,"<p>This licensed Anaheim Ducks jersey has been personally autographed by Mason McTavish and is guaranteed authentic. Every item we sell is sourced directly from the player, from official signings, from exclusive distributors, or from autographs certified by recognized third-party authenticators. This piece ships with a numbered Certificate of Authenticity and a tamper-proof, uniquely coded hologram, backed by our 100% Authenticity Guarantee.</p>
<p><strong>Sizing:</strong> This jersey comes in size L or XL. As a high-end signed collectible, it's intended for display rather than everyday wear. If you have questions about the size before ordering, contact us at info@autographauthentic.com.</p>
<p><strong>Packaging &amp; shipping:</strong> Handling typically takes 1–5 business days, and orders typically ship within 7 business days. As an autographed collectible, some orders can take a few additional weeks if the piece is being framed, the jersey is being sewn together, or we're waiting on a celebrity signing — we’ll keep you updated if that applies to your order. See our Shipping Policy for full details.</p>
<p>Photos shown are our catalogue images.</p>","<p>This licensed Anaheim Ducks jersey has been personally autographed by Mason McTavish and is guaranteed authentic. Every item we sell is sourced directly from the player, from official signings, from exclusive distributors, or from autographs certified by recognized third-party authenticators. This piece ships with a numbered Certificate of Authenticity and a tamper-proof, uniquely coded hologram, backed by our 100% Authenticity Guarantee.</p>
<p><strong>Sizing:</strong> This jersey comes in size L or XL. As a high-end signed collectible, it's intended for display rather than everyday wear. If you have questions about the size before ordering, contact us at info@autographauthentic.com.</p>
<p><strong>Packaging &amp; shipping:</strong> Handling typically takes 1 to 5 business days, and orders typically ship within 7 business days. As an autographed collectible, some orders can take a few additional weeks if the piece is being framed, the jersey is being sewn together, or we're waiting on a celebrity signing, we’ll keep you updated if that applies to your order. See our Shipping Policy for full details.</p>
<p>Photos shown are our catalogue images.</p>"
7795181191257,john-gibson-anaheim-mighty-ducks-signed-alt-retro-ads-jersey,John Gibson Anaheim Mighty Ducks Signed Alt Retro Jersey,"<p>This licensed Anaheim Mighty Ducks jersey has been personally autographed by John Gibson and is guaranteed authentic. Every item we sell is sourced directly from the player, from official signings, from exclusive distributors, or from autographs certified by recognized third-party authenticators. This piece ships with a numbered Certificate of Authenticity and a tamper-proof, uniquely coded hologram, backed by our 100% Authenticity Guarantee.</p>
<p><strong>Sizing:</strong> This jersey comes in size L or XL. As a high-end signed collectible, it's intended for display rather than everyday wear. If you have questions about the size before ordering, contact us at info@autographauthentic.com.</p>
<p><strong>Packaging &amp; shipping:</strong> Handling typically takes 1–5 business days, and orders typically ship within 7 business days. As an autographed collectible, some orders can take a few additional weeks if the piece is being framed, the jersey is being sewn together, or we're waiting on a celebrity signing — we’ll keep you updated if that applies to your order. See our Shipping Policy for full details.</p>
<p>Photos shown are our catalogue images.</p>","<p>This licensed Anaheim Mighty Ducks jersey has been personally autographed by John Gibson and is guaranteed authentic. Every item we sell is sourced directly from the player, from official signings, from exclusive distributors, or from autographs certified by recognized third-party authenticators. This piece ships with a numbered Certificate of Authenticity and a tamper-proof, uniquely coded hologram, backed by our 100% Authenticity Guarantee.</p>
<p><strong>Sizing:</strong> This jersey comes in size L or XL. As a high-end signed collectible, it's intended for display rather than everyday wear. If you have questions about the size before ordering, contact us at info@autographauthentic.com.</p>
<p><strong>Packaging &amp; shipping:</strong> Handling typically takes 1 to 5 business days, and orders typically ship within 7 business days. As an autographed collectible, some orders can take a few additional weeks if the piece is being framed, the jersey is being sewn together, or we're waiting on a celebrity signing, we’ll keep you updated if that applies to your order. See our Shipping Policy for full details.</p>
<p>Photos shown are our catalogue images.</p>"
7795182534745,ryan-miller-buffalo-autographed-rbk-jersey,Ryan Miller Buffalo Sabres Autographed Reebok Jersey,"<p>This licensed Buffalo Sabres jersey has been personally autographed by Ryan Miller and is guaranteed authentic. Every item we sell is sourced directly from the player, from official signings, from exclusive distributors, or from autographs certified by recognized third-party authenticators. This piece ships with a numbered Certificate of Authenticity and a tamper-proof, uniquely coded hologram, backed by our 100% Authenticity Guarantee.</p>
<p><strong>Sizing:</strong> This jersey comes in size L or XL. As a high-end signed collectible, it's intended for display rather than everyday wear. If you have questions about the size before ordering, contact us at info@autographauthentic.com.</p>
<p><strong>Packaging &amp; shipping:</strong> Handling typically takes 1–5 business days, and orders typically ship within 7 business days. As an autographed collectible, some orders can take a few additional weeks if the piece is being framed, the jersey is being sewn together, or we're waiting on a celebrity signing — we’ll keep you updated if that applies to your order. See our Shipping Policy for full details.</p>
<p>Photos shown are our catalogue images.</p>","<p>This licensed Buffalo Sabres jersey has been personally autographed by Ryan Miller and is guaranteed authentic. Every item we sell is sourced directly from the player, from official signings, from exclusive distributors, or from autographs certified by recognized third-party authenticators. This piece ships with a numbered Certificate of Authenticity and a tamper-proof, uniquely coded hologram, backed by our 100% Authenticity Guarantee.</p>
<p><strong>Sizing:</strong> This jersey comes in size L or XL. As a high-end signed collectible, it's intended for display rather than everyday wear. If you have questions about the size before ordering, contact us at info@autographauthentic.com.</p>
<p><strong>Packaging &amp; shipping:</strong> Handling typically takes 1 to 5 business days, and orders typically ship within 7 business days. As an autographed collectible, some orders can take a few additional weeks if the piece is being framed, the jersey is being sewn together, or we're waiting on a celebrity signing, we’ll keep you updated if that applies to your order. See our Shipping Policy for full details.</p>
<p>Photos shown are our catalogue images.</p>"
7795183157337,mikko-rantanen-signed-colorado-hockey-reverse-retro-2-0-ads-jersey,Mikko Rantanen Signed Colorado Avalanche Reverse Jersey,"<p>This licensed Colorado Avalanche jersey has been personally autographed by Mikko Rantanen and is guaranteed authentic. Every item we sell is sourced directly from the player, from official signings, from exclusive distributors, or from autographs certified by recognized third-party authenticators. This piece ships with a numbered Certificate of Authenticity and a tamper-proof, uniquely coded hologram, backed by our 100% Authenticity Guarantee.</p>
<p><strong>Sizing:</strong> This jersey comes in size L or XL. As a high-end signed collectible, it's intended for display rather than everyday wear. If you have questions about the size before ordering, contact us at info@autographauthentic.com.</p>
<p><strong>Packaging &amp; shipping:</strong> Handling typically takes 1–5 business days, and orders typically ship within 7 business days. As an autographed collectible, some orders can take a few additional weeks if the piece is being framed, the jersey is being sewn together, or we're waiting on a celebrity signing — we’ll keep you updated if that applies to your order. See our Shipping Policy for full details.</p>
<p>Photos shown are our catalogue images.</p>","<p>This licensed Colorado Avalanche jersey has been personally autographed by Mikko Rantanen and is guaranteed authentic. Every item we sell is sourced directly from the player, from official signings, from exclusive distributors, or from autographs certified by recognized third-party authenticators. This piece ships with a numbered Certificate of Authenticity and a tamper-proof, uniquely coded hologram, backed by our 100% Authenticity Guarantee.</p>
<p><strong>Sizing:</strong> This jersey comes in size L or XL. As a high-end signed collectible, it's intended for display rather than everyday wear. If you have questions about the size before ordering, contact us at info@autographauthentic.com.</p>
<p><strong>Packaging &amp; shipping:</strong> Handling typically takes 1 to 5 business days, and orders typically ship within 7 business days. As an autographed collectible, some orders can take a few additional weeks if the piece is being framed, the jersey is being sewn together, or we're waiting on a celebrity signing, we’ll keep you updated if that applies to your order. See our Shipping Policy for full details.</p>
<p>Photos shown are our catalogue images.</p>"
7795183452249,kris-versteeg-chicago-autographed-fntcs-jersey,Kris Versteeg Chicago Blackhawks Autographed Fanatics Jersey,"<p>This licensed Chicago Blackhawks jersey has been personally autographed by Kris Versteeg and is guaranteed authentic. Every item we sell is sourced directly from the player, from official signings, from exclusive distributors, or from autographs certified by recognized third-party authenticators. This piece ships with a numbered Certificate of Authenticity and a tamper-proof, uniquely coded hologram, backed by our 100% Authenticity Guarantee.</p>
<p><strong>Sizing:</strong> This jersey comes in size L or XL. As a high-end signed collectible, it's intended for display rather than everyday wear. If you have questions about the size before ordering, contact us at info@autographauthentic.com.</p>
<p><strong>Packaging &amp; shipping:</strong> Handling typically takes 1–5 business days, and orders typically ship within 7 business days. As an autographed collectible, some orders can take a few additional weeks if the piece is being framed, the jersey is being sewn together, or we're waiting on a celebrity signing — we’ll keep you updated if that applies to your order. See our Shipping Policy for full details.</p>
<p>Photos shown are our catalogue images.</p>","<p>This licensed Chicago Blackhawks jersey has been personally autographed by Kris Versteeg and is guaranteed authentic. Every item we sell is sourced directly from the player, from official signings, from exclusive distributors, or from autographs certified by recognized third-party authenticators. This piece ships with a numbered Certificate of Authenticity and a tamper-proof, uniquely coded hologram, backed by our 100% Authenticity Guarantee.</p>
<p><strong>Sizing:</strong> This jersey comes in size L or XL. As a high-end signed collectible, it's intended for display rather than everyday wear. If you have questions about the size before ordering, contact us at info@autographauthentic.com.</p>
<p><strong>Packaging &amp; shipping:</strong> Handling typically takes 1 to 5 business days, and orders typically ship within 7 business days. As an autographed collectible, some orders can take a few additional weeks if the piece is being framed, the jersey is being sewn together, or we're waiting on a celebrity signing, we’ll keep you updated if that applies to your order. See our Shipping Policy for full details.</p>
<p>Photos shown are our catalogue images.</p>"
7795184828505,mark-giordano-calgary-signed-2019-norris-ads-jersey,Mark Giordano Calgary Flames Signed 2019 Norris Jersey,"<p>This licensed Calgary Flames jersey has been personally autographed by Mark Giordano and is guaranteed authentic. Every item we sell is sourced directly from the player, from official signings, from exclusive distributors, or from autographs certified by recognized third-party authenticators. This piece ships with a numbered Certificate of Authenticity and a tamper-proof, uniquely coded hologram, backed by our 100% Authenticity Guarantee.</p>
<p><strong>Sizing:</strong> This jersey comes in size L or XL. As a high-end signed collectible, it's intended for display rather than everyday wear. If you have questions about the size before ordering, contact us at info@autographauthentic.com.</p>
<p><strong>Packaging &amp; shipping:</strong> Handling typically takes 1–5 business days, and orders typically ship within 7 business days. As an autographed collectible, some orders can take a few additional weeks if the piece is being framed, the jersey is being sewn together, or we're waiting on a celebrity signing — we’ll keep you updated if that applies to your order. See our Shipping Policy for full details.</p>
<p>Photos shown are our catalogue images.</p>","<p>This licensed Calgary Flames jersey has been personally autographed by Mark Giordano and is guaranteed authentic. Every item we sell is sourced directly from the player, from official signings, from exclusive distributors, or from autographs certified by recognized third-party authenticators. This piece ships with a numbered Certificate of Authenticity and a tamper-proof, uniquely coded hologram, backed by our 100% Authenticity Guarantee.</p>
<p><strong>Sizing:</strong> This jersey comes in size L or XL. As a high-end signed collectible, it's intended for display rather than everyday wear. If you have questions about the size before ordering, contact us at info@autographauthentic.com.</p>
<p><strong>Packaging &amp; shipping:</strong> Handling typically takes 1 to 5 business days, and orders typically ship within 7 business days. As an autographed collectible, some orders can take a few additional weeks if the piece is being framed, the jersey is being sewn together, or we're waiting on a celebrity signing, we’ll keep you updated if that applies to your order. See our Shipping Policy for full details.</p>
<p>Photos shown are our catalogue images.</p>"
7795185090649,matthew-tkachuk-calgary-signed-black-logo-ads-jersey,Matthew Tkachuk Calgary Flames Signed Black Logo Jersey,"<p>This licensed Calgary Flames Black jersey has been personally autographed by Matthew Tkachuk and is guaranteed authentic. Every item we sell is sourced directly from the player, from official signings, from exclusive distributors, or from autographs certified by recognized third-party authenticators. This piece ships with a numbered Certificate of Authenticity and a tamper-proof, uniquely coded hologram, backed by our 100% Authenticity Guarantee.</p>
<p><strong>Sizing:</strong> This jersey comes in size L or XL. As a high-end signed collectible, it's intended for display rather than everyday wear. If you have questions about the size before ordering, contact us at info@autographauthentic.com.</p>
<p><strong>Packaging &amp; shipping:</strong> Handling typically takes 1–5 business days, and orders typically ship within 7 business days. As an autographed collectible, some orders can take a few additional weeks if the piece is being framed, the jersey is being sewn together, or we're waiting on a celebrity signing — we’ll keep you updated if that applies to your order. See our Shipping Policy for full details.</p>
<p>Photos shown are our catalogue images.</p>","<p>This licensed Calgary Flames Black jersey has been personally autographed by Matthew Tkachuk and is guaranteed authentic. Every item we sell is sourced directly from the player, from official signings, from exclusive distributors, or from autographs certified by recognized third-party authenticators. This piece ships with a numbered Certificate of Authenticity and a tamper-proof, uniquely coded hologram, backed by our 100% Authenticity Guarantee.</p>
<p><strong>Sizing:</strong> This jersey comes in size L or XL. As a high-end signed collectible, it's intended for display rather than everyday wear. If you have questions about the size before ordering, contact us at info@autographauthentic.com.</p>
<p><strong>Packaging &amp; shipping:</strong> Handling typically takes 1 to 5 business days, and orders typically ship within 7 business days. As an autographed collectible, some orders can take a few additional weeks if the piece is being framed, the jersey is being sewn together, or we're waiting on a celebrity signing, we’ll keep you updated if that applies to your order. See our Shipping Policy for full details.</p>
<p>Photos shown are our catalogue images.</p>"
7795185320025,sam-bennett-calgary-autographed-fntcs-jersey,Sam Bennett Calgary Flames Autographed Fanatics Jersey,"<p>This licensed Calgary Flames jersey has been personally autographed by Sam Bennett and is guaranteed authentic. Every item we sell is sourced directly from the player, from official signings, from exclusive distributors, or from autographs certified by recognized third-party authenticators. This piece ships with a numbered Certificate of Authenticity and a tamper-proof, uniquely coded hologram, backed by our 100% Authenticity Guarantee.</p>
<p><strong>Sizing:</strong> This jersey comes in size L or XL. As a high-end signed collectible, it's intended for display rather than everyday wear. If you have questions about the size before ordering, contact us at info@autographauthentic.com.</p>
<p><strong>Packaging &amp; shipping:</strong> Handling typically takes 1–5 business days, and orders typically ship within 7 business days. As an autographed collectible, some orders can take a few additional weeks if the piece is being framed, the jersey is being sewn together, or we're waiting on a celebrity signing — we’ll keep you updated if that applies to your order. See our Shipping Policy for full details.</p>
<p>Photos shown are our catalogue images.</p>","<p>This licensed Calgary Flames jersey has been personally autographed by Sam Bennett and is guaranteed authentic. Every item we sell is sourced directly from the player, from official signings, from exclusive distributors, or from autographs certified by recognized third-party authenticators. This piece ships with a numbered Certificate of Authenticity and a tamper-proof, uniquely coded hologram, backed by our 100% Authenticity Guarantee.</p>
<p><strong>Sizing:</strong> This jersey comes in size L or XL. As a high-end signed collectible, it's intended for display rather than everyday wear. If you have questions about the size before ordering, contact us at info@autographauthentic.com.</p>
<p><strong>Packaging &amp; shipping:</strong> Handling typically takes 1 to 5 business days, and orders typically ship within 7 business days. As an autographed collectible, some orders can take a few additional weeks if the piece is being framed, the jersey is being sewn together, or we're waiting on a celebrity signing, we’ll keep you updated if that applies to your order. See our Shipping Policy for full details.</p>
<p>Photos shown are our catalogue images.</p>"
7795185811545,brett-hull-autographed-calgary-hockey-red-fntcs-jersey,Brett Hull Autographed Calgary Flames Red Fanatics Jersey,"<p>This licensed Calgary Flames Red jersey has been personally autographed by Brett Hull and is guaranteed authentic. Every item we sell is sourced directly from the player, from official signings, from exclusive distributors, or from autographs certified by recognized third-party authenticators. This piece ships with a numbered Certificate of Authenticity and a tamper-proof, uniquely coded hologram, backed by our 100% Authenticity Guarantee.</p>
<p><strong>Sizing:</strong> This jersey comes in size L or XL. As a high-end signed collectible, it's intended for display rather than everyday wear. If you have questions about the size before ordering, contact us at info@autographauthentic.com.</p>
<p><strong>Packaging &amp; shipping:</strong> Handling typically takes 1–5 business days, and orders typically ship within 7 business days. As an autographed collectible, some orders can take a few additional weeks if the piece is being framed, the jersey is being sewn together, or we're waiting on a celebrity signing — we’ll keep you updated if that applies to your order. See our Shipping Policy for full details.</p>
<p>Photos shown are our catalogue images.</p>","<p>This licensed Calgary Flames Red jersey has been personally autographed by Brett Hull and is guaranteed authentic. Every item we sell is sourced directly from the player, from official signings, from exclusive distributors, or from autographs certified by recognized third-party authenticators. This piece ships with a numbered Certificate of Authenticity and a tamper-proof, uniquely coded hologram, backed by our 100% Authenticity Guarantee.</p>
<p><strong>Sizing:</strong> This jersey comes in size L or XL. As a high-end signed collectible, it's intended for display rather than everyday wear. If you have questions about the size before ordering, contact us at info@autographauthentic.com.</p>
<p><strong>Packaging &amp; shipping:</strong> Handling typically takes 1 to 5 business days, and orders typically ship within 7 business days. As an autographed collectible, some orders can take a few additional weeks if the piece is being framed, the jersey is being sewn together, or we're waiting on a celebrity signing, we’ll keep you updated if that applies to your order. See our Shipping Policy for full details.</p>
<p>Photos shown are our catalogue images.</p>"
7795186499673,dion-phaneuf-calgary-autographed-fntcs-jersey,Dion Phaneuf Calgary Flames Autographed Fanatics Jersey,"<p>This licensed Calgary Flames jersey has been personally autographed by Dion Phaneuf and is guaranteed authentic. Every item we sell is sourced directly from the player, from official signings, from exclusive distributors, or from autographs certified by recognized third-party authenticators. This piece ships with a numbered Certificate of Authenticity and a tamper-proof, uniquely coded hologram, backed by our 100% Authenticity Guarantee.</p>
<p><strong>Sizing:</strong> This jersey comes in size L or XL. As a high-end signed collectible, it's intended for display rather than everyday wear. If you have questions about the size before ordering, contact us at info@autographauthentic.com.</p>
<p><strong>Packaging &amp; shipping:</strong> Handling typically takes 1–5 business days, and orders typically ship within 7 business days. As an autographed collectible, some orders can take a few additional weeks if the piece is being framed, the jersey is being sewn together, or we're waiting on a celebrity signing — we’ll keep you updated if that applies to your order. See our Shipping Policy for full details.</p>
<p>Photos shown are our catalogue images.</p>","<p>This licensed Calgary Flames jersey has been personally autographed by Dion Phaneuf and is guaranteed authentic. Every item we sell is sourced directly from the player, from official signings, from exclusive distributors, or from autographs certified by recognized third-party authenticators. This piece ships with a numbered Certificate of Authenticity and a tamper-proof, uniquely coded hologram, backed by our 100% Authenticity Guarantee.</p>
<p><strong>Sizing:</strong> This jersey comes in size L or XL. As a high-end signed collectible, it's intended for display rather than everyday wear. If you have questions about the size before ordering, contact us at info@autographauthentic.com.</p>
<p><strong>Packaging &amp; shipping:</strong> Handling typically takes 1 to 5 business days, and orders typically ship within 7 business days. As an autographed collectible, some orders can take a few additional weeks if the piece is being framed, the jersey is being sewn together, or we're waiting on a celebrity signing, we’ll keep you updated if that applies to your order. See our Shipping Policy for full details.</p>
<p>Photos shown are our catalogue images.</p>"
7795186892889,mark-recchi-autographed-carolina-fntcs-jersey,Mark Recchi Autographed Carolina Hurricanes Fanatics Jersey,"<p>This licensed Carolina Hurricanes jersey has been personally autographed by Mark Recchi and is guaranteed authentic. Every item we sell is sourced directly from the player, from official signings, from exclusive distributors, or from autographs certified by recognized third-party authenticators. This piece ships with a numbered Certificate of Authenticity and a tamper-proof, uniquely coded hologram, backed by our 100% Authenticity Guarantee.</p>
<p><strong>Sizing:</strong> This jersey comes in size L or XL. As a high-end signed collectible, it's intended for display rather than everyday wear. If you have questions about the size before ordering, contact us at info@autographauthentic.com.</p>
<p><strong>Packaging &amp; shipping:</strong> Handling typically takes 1–5 business days, and orders typically ship within 7 business days. As an autographed collectible, some orders can take a few additional weeks if the piece is being framed, the jersey is being sewn together, or we're waiting on a celebrity signing — we’ll keep you updated if that applies to your order. See our Shipping Policy for full details.</p>
<p>Photos shown are our catalogue images.</p>","<p>This licensed Carolina Hurricanes jersey has been personally autographed by Mark Recchi and is guaranteed authentic. Every item we sell is sourced directly from the player, from official signings, from exclusive distributors, or from autographs certified by recognized third-party authenticators. This piece ships with a numbered Certificate of Authenticity and a tamper-proof, uniquely coded hologram, backed by our 100% Authenticity Guarantee.</p>
<p><strong>Sizing:</strong> This jersey comes in size L or XL. As a high-end signed collectible, it's intended for display rather than everyday wear. If you have questions about the size before ordering, contact us at info@autographauthentic.com.</p>
<p><strong>Packaging &amp; shipping:</strong> Handling typically takes 1 to 5 business days, and orders typically ship within 7 business days. As an autographed collectible, some orders can take a few additional weeks if the piece is being framed, the jersey is being sewn together, or we're waiting on a celebrity signing, we’ll keep you updated if that applies to your order. See our Shipping Policy for full details.</p>
<p>Photos shown are our catalogue images.</p>"
7795187187801,frederik-andersen-autographed-carolina-hockey-ads-jersey,Frederik Andersen Autographed Carolina Hurricanes Jersey,"<p>This licensed Carolina Hurricanes jersey has been personally autographed by Frederik Andersen and is guaranteed authentic. Every item we sell is sourced directly from the player, from official signings, from exclusive distributors, or from autographs certified by recognized third-party authenticators. This piece ships with a numbered Certificate of Authenticity and a tamper-proof, uniquely coded hologram, backed by our 100% Authenticity Guarantee.</p>
<p><strong>Sizing:</strong> This jersey comes in size L or XL. As a high-end signed collectible, it's intended for display rather than everyday wear. If you have questions about the size before ordering, contact us at info@autographauthentic.com.</p>
<p><strong>Packaging &amp; shipping:</strong> Handling typically takes 1–5 business days, and orders typically ship within 7 business days. As an autographed collectible, some orders can take a few additional weeks if the piece is being framed, the jersey is being sewn together, or we're waiting on a celebrity signing — we’ll keep you updated if that applies to your order. See our Shipping Policy for full details.</p>
<p>Photos shown are our catalogue images.</p>","<p>This licensed Carolina Hurricanes jersey has been personally autographed by Frederik Andersen and is guaranteed authentic. Every item we sell is sourced directly from the player, from official signings, from exclusive distributors, or from autographs certified by recognized third-party authenticators. This piece ships with a numbered Certificate of Authenticity and a tamper-proof, uniquely coded hologram, backed by our 100% Authenticity Guarantee.</p>
<p><strong>Sizing:</strong> This jersey comes in size L or XL. As a high-end signed collectible, it's intended for display rather than everyday wear. If you have questions about the size before ordering, contact us at info@autographauthentic.com.</p>
<p><strong>Packaging &amp; shipping:</strong> Handling typically takes 1 to 5 business days, and orders typically ship within 7 business days. As an autographed collectible, some orders can take a few additional weeks if the piece is being framed, the jersey is being sewn together, or we're waiting on a celebrity signing, we’ll keep you updated if that applies to your order. See our Shipping Policy for full details.</p>
<p>Photos shown are our catalogue images.</p>"
7795188367449,andrew-ference-edmonton-autographed-fntcs-jersey,Andrew Ference Edmonton Oilers Autographed Fanatics Jersey,"<p>This licensed Edmonton Oilers jersey has been personally autographed by Andrew Ference and is guaranteed authentic. Every item we sell is sourced directly from the player, from official signings, from exclusive distributors, or from autographs certified by recognized third-party authenticators. This piece ships with a numbered Certificate of Authenticity and a tamper-proof, uniquely coded hologram, backed by our 100% Authenticity Guarantee.</p>
<p><strong>Sizing:</strong> This jersey comes in size L or XL. As a high-end signed collectible, it's intended for display rather than everyday wear. If you have questions about the size before ordering, contact us at info@autographauthentic.com.</p>
<p><strong>Packaging &amp; shipping:</strong> Handling typically takes 1–5 business days, and orders typically ship within 7 business days. As an autographed collectible, some orders can take a few additional weeks if the piece is being framed, the jersey is being sewn together, or we're waiting on a celebrity signing — we’ll keep you updated if that applies to your order. See our Shipping Policy for full details.</p>
<p>Photos shown are our catalogue images.</p>","<p>This licensed Edmonton Oilers jersey has been personally autographed by Andrew Ference and is guaranteed authentic. Every item we sell is sourced directly from the player, from official signings, from exclusive distributors, or from autographs certified by recognized third-party authenticators. This piece ships with a numbered Certificate of Authenticity and a tamper-proof, uniquely coded hologram, backed by our 100% Authenticity Guarantee.</p>
<p><strong>Sizing:</strong> This jersey comes in size L or XL. As a high-end signed collectible, it's intended for display rather than everyday wear. If you have questions about the size before ordering, contact us at info@autographauthentic.com.</p>
<p><strong>Packaging &amp; shipping:</strong> Handling typically takes 1 to 5 business days, and orders typically ship within 7 business days. As an autographed collectible, some orders can take a few additional weeks if the piece is being framed, the jersey is being sewn together, or we're waiting on a celebrity signing, we’ll keep you updated if that applies to your order. See our Shipping Policy for full details.</p>
<p>Photos shown are our catalogue images.</p>"
7795188760665,taylor-hall-edmonton-autographed-fntcs-jersey,Taylor Hall Edmonton Oilers Autographed Fanatics Jersey,"<p>This licensed Edmonton Oilers jersey has been personally autographed by Taylor Hall and is guaranteed authentic. Every item we sell is sourced directly from the player, from official signings, from exclusive distributors, or from autographs certified by recognized third-party authenticators. This piece ships with a numbered Certificate of Authenticity and a tamper-proof, uniquely coded hologram, backed by our 100% Authenticity Guarantee.</p>
<p><strong>Sizing:</strong> This jersey comes in size L or XL. As a high-end signed collectible, it's intended for display rather than everyday wear. If you have questions about the size before ordering, contact us at info@autographauthentic.com.</p>
<p><strong>Packaging &amp; shipping:</strong> Handling typically takes 1–5 business days, and orders typically ship within 7 business days. As an autographed collectible, some orders can take a few additional weeks if the piece is being framed, the jersey is being sewn together, or we're waiting on a celebrity signing — we’ll keep you updated if that applies to your order. See our Shipping Policy for full details.</p>
<p>Photos shown are our catalogue images.</p>","<p>This licensed Edmonton Oilers jersey has been personally autographed by Taylor Hall and is guaranteed authentic. Every item we sell is sourced directly from the player, from official signings, from exclusive distributors, or from autographs certified by recognized third-party authenticators. This piece ships with a numbered Certificate of Authenticity and a tamper-proof, uniquely coded hologram, backed by our 100% Authenticity Guarantee.</p>
<p><strong>Sizing:</strong> This jersey comes in size L or XL. As a high-end signed collectible, it's intended for display rather than everyday wear. If you have questions about the size before ordering, contact us at info@autographauthentic.com.</p>
<p><strong>Packaging &amp; shipping:</strong> Handling typically takes 1 to 5 business days, and orders typically ship within 7 business days. As an autographed collectible, some orders can take a few additional weeks if the piece is being framed, the jersey is being sewn together, or we're waiting on a celebrity signing, we’ll keep you updated if that applies to your order. See our Shipping Policy for full details.</p>
<p>Photos shown are our catalogue images.</p>"
7795190628441,dominique-wilkins-signed-atlanta-style-basketball-jersey,Dominique Wilkins Signed Atlanta Style Basketball Jersey,"<p>This licensed autographed jersey has been personally autographed by Dominique Wilkins and is guaranteed authentic. Every item we sell is sourced directly from the player, from official signings, from exclusive distributors, or from autographs certified by recognized third-party authenticators. This piece ships with a numbered Certificate of Authenticity and a tamper-proof, uniquely coded hologram, backed by our 100% Authenticity Guarantee.</p>
<p><strong>Sizing:</strong> This jersey comes in size L or XL. As a high-end signed collectible, it's intended for display rather than everyday wear. If you have questions about the size before ordering, contact us at info@autographauthentic.com.</p>
<p><strong>Packaging &amp; shipping:</strong> Handling typically takes 1–5 business days, and orders typically ship within 7 business days. As an autographed collectible, some orders can take a few additional weeks if the piece is being framed, the jersey is being sewn together, or we're waiting on a celebrity signing — we’ll keep you updated if that applies to your order. See our Shipping Policy for full details.</p>
<p>Photos shown are our catalogue images.</p>","<p>This licensed autographed jersey has been personally autographed by Dominique Wilkins and is guaranteed authentic. Every item we sell is sourced directly from the player, from official signings, from exclusive distributors, or from autographs certified by recognized third-party authenticators. This piece ships with a numbered Certificate of Authenticity and a tamper-proof, uniquely coded hologram, backed by our 100% Authenticity Guarantee.</p>
<p><strong>Sizing:</strong> This jersey comes in size L or XL. As a high-end signed collectible, it's intended for display rather than everyday wear. If you have questions about the size before ordering, contact us at info@autographauthentic.com.</p>
<p><strong>Packaging &amp; shipping:</strong> Handling typically takes 1 to 5 business days, and orders typically ship within 7 business days. As an autographed collectible, some orders can take a few additional weeks if the piece is being framed, the jersey is being sewn together, or we're waiting on a celebrity signing, we’ll keep you updated if that applies to your order. See our Shipping Policy for full details.</p>
<p>Photos shown are our catalogue images.</p>"
7806221221977,framed-11x14-hull-howe-16-aacmh33240,Gordie Howe & Bobby Hull Signed 11x14 Framed Photo /16,"<p>Celebrate a historic moment in  hockey history with this limited edition signed 11x14 photograph featuring Bobby Hull and Gordie Howe, two of the greatest players together as All Stars. Limited to just 16 pieces, this rare collectible commemorates the 1964 All-Star game, Hull in #16 and Howe in #9, an incredible addition to any serious collection. Display it proudly as a tribute to the legendary careers of Hull and Howe and their contributions to hockey’s legacy. This item comes with a Autograph Authentic hologram and matching Certificate of Authenticity.</p><p>Photos shown are our catalogue images.</p>","<p>Celebrate a historic moment in hockey history with this limited edition signed 11x14 photograph featuring Bobby Hull and Gordie Howe, two of the greatest players together as All Stars. Limited to just 16 pieces, this rare collectible commemorates the 1964 All-Star game, Hull in #16 and Howe in #9, an incredible addition to any serious collection. Display it proudly as a tribute to the legendary careers of Hull and Howe and their contributions to hockey’s legacy. This item comes with a Autograph Authentic hologram and matching Certificate of Authenticity.</p><p>Photos shown are our catalogue images.</p>"
7806221418585,framed-11x14-hull-howe-1of16-aacmh33241,Gordie Howe & Bobby Hull Signed 11x14 Framed Photo #1 of 16,"<p>Celebrate a historic moment in  hockey history with this limited edition signed 11x14 photograph featuring Bobby Hull and Gordie Howe, two of the greatest players together as All Stars. Limited to just 16 pieces, this is the #1 of the edition! This rare collectible commemorates the 1964 All-Star game, Hull in #16 and Howe in #9, an incredible addition to any serious collection. Display it proudly as a tribute to the legendary careers of Hull and Howe and their contributions to hockey’s legacy. This item comes with a Autograph Authentic hologram and matching Certificate of Authenticity.</p><p>Photos shown are our catalogue images.</p>","<p>Celebrate a historic moment in hockey history with this limited edition signed 11x14 photograph featuring Bobby Hull and Gordie Howe, two of the greatest players together as All Stars. Limited to just 16 pieces, this is the #1 of the edition! This rare collectible commemorates the 1964 All-Star game, Hull in #16 and Howe in #9, an incredible addition to any serious collection. Display it proudly as a tribute to the legendary careers of Hull and Howe and their contributions to hockey’s legacy. This item comes with a Autograph Authentic hologram and matching Certificate of Authenticity.</p><p>Photos shown are our catalogue images.</p>"
7806221549657,framed-11x14-hull-howe-9of16-aacmh33242,Gordie Howe & Bobby Hull Signed 11x14 Framed Photo #9 of 16,"<p>Celebrate a historic moment in  hockey history with this limited edition signed 11x14 photograph featuring Bobby Hull and Gordie Howe, two of the greatest players together as All Stars. Limited to just 16 pieces, this is the Howe's #9 of the edition! This rare collectible commemorates the 1964 All-Star game, Hull in #16 and Howe in #9, an incredible addition to any serious collection. Display it proudly as a tribute to the legendary careers of Hull and Howe and their contributions to hockey’s legacy. This item comes with a Autograph Authentic hologram and matching Certificate of Authenticity.</p><p>Photos shown are our catalogue images.</p>","<p>Celebrate a historic moment in hockey history with this limited edition signed 11x14 photograph featuring Bobby Hull and Gordie Howe, two of the greatest players together as All Stars. Limited to just 16 pieces, this is the Howe's #9 of the edition! This rare collectible commemorates the 1964 All-Star game, Hull in #16 and Howe in #9, an incredible addition to any serious collection. Display it proudly as a tribute to the legendary careers of Hull and Howe and their contributions to hockey’s legacy. This item comes with a Autograph Authentic hologram and matching Certificate of Authenticity.</p><p>Photos shown are our catalogue images.</p>"
7806221680729,framed-11x14-hull-howe-16of16-aacmh33255,Gordie Howe & Bobby Hull Signed 11x14 Framed Photo #16 of 16,"<p>Celebrate a historic moment in  hockey history with this limited edition signed 11x14 photograph featuring Bobby Hull and Gordie Howe, two of the greatest players together as All Stars. Limited to just 16 pieces, this is Hull's #16 and last of the edition! This rare collectible commemorates the 1964 All-Star game, Hull in #16 and Howe in #9, an incredible addition to any serious collection. Display it proudly as a tribute to the legendary careers of Hull and Howe and their contributions to hockey’s legacy. This item comes with a Autograph Authentic hologram and matching Certificate of Authenticity.</p><p>Photos shown are our catalogue images.</p>","<p>Celebrate a historic moment in hockey history with this limited edition signed 11x14 photograph featuring Bobby Hull and Gordie Howe, two of the greatest players together as All Stars. Limited to just 16 pieces, this is Hull's #16 and last of the edition! This rare collectible commemorates the 1964 All-Star game, Hull in #16 and Howe in #9, an incredible addition to any serious collection. Display it proudly as a tribute to the legendary careers of Hull and Howe and their contributions to hockey’s legacy. This item comes with a Autograph Authentic hologram and matching Certificate of Authenticity.</p><p>Photos shown are our catalogue images.</p>"
7806221811801,framed-16x20-hull-howe-16-aacmh33243,Gordie Howe & Bobby Hull Signed 16x20 Limited Edition Framed,"<p>Celebrate a historic moment in  hockey history with this limited edition signed 16x20 photograph featuring Bobby Hull and Gordie Howe, two of the greatest players together as All Stars. Limited to just 16 pieces, this rare collectible commemorates the 1964 All-Star game, Hull in #16 and Howe in #9, an incredible addition to any serious collection. Display it proudly as a tribute to the legendary careers of Hull and Howe and their contributions to hockey’s legacy. This item comes with a Autograph Authentic hologram and matching Certificate of Authenticity.</p><p>Photos shown are our catalogue images.</p>","<p>Celebrate a historic moment in hockey history with this limited edition signed 16x20 photograph featuring Bobby Hull and Gordie Howe, two of the greatest players together as All Stars. Limited to just 16 pieces, this rare collectible commemorates the 1964 All-Star game, Hull in #16 and Howe in #9, an incredible addition to any serious collection. Display it proudly as a tribute to the legendary careers of Hull and Howe and their contributions to hockey’s legacy. This item comes with a Autograph Authentic hologram and matching Certificate of Authenticity.</p><p>Photos shown are our catalogue images.</p>"
7806221942873,framed-16x20-hull-howe-1of16-aacmh33244,Gordie Howe & Bobby Hull Signed 16x20 Framed #1 of 16,"<p>Celebrate a historic moment in  hockey history with this limited edition signed 16x20 photograph featuring Bobby Hull and Gordie Howe, two of the greatest players together as All Stars. Limited to just 16 pieces, this is the #1 of the edition! This rare collectible commemorates the 1964 All-Star game, Hull in #16 and Howe in #9, an incredible addition to any serious collection. Display it proudly as a tribute to the legendary careers of Hull and Howe and their contributions to hockey’s legacy. This item comes with a Autograph Authentic hologram and matching Certificate of Authenticity.</p><p>Photos shown are our catalogue images.</p>","<p>Celebrate a historic moment in hockey history with this limited edition signed 16x20 photograph featuring Bobby Hull and Gordie Howe, two of the greatest players together as All Stars. Limited to just 16 pieces, this is the #1 of the edition! This rare collectible commemorates the 1964 All-Star game, Hull in #16 and Howe in #9, an incredible addition to any serious collection. Display it proudly as a tribute to the legendary careers of Hull and Howe and their contributions to hockey’s legacy. This item comes with a Autograph Authentic hologram and matching Certificate of Authenticity.</p><p>Photos shown are our catalogue images.</p>"
7806222172249,framed-16x20-hull-howe-16of16-aacmh33256,Gordie Howe & Bobby Hull Signed 16x20 Framed #16 of 16,"<p>Celebrate a historic moment in  hockey history with this limited edition signed 16x20 photograph featuring Bobby Hull and Gordie Howe, two of the greatest players together as All Stars. Limited to just 16 pieces, this is Hull's #16 and last of the edition! This rare collectible commemorates the 1964 All-Star game, Hull in #16 and Howe in #9, an incredible addition to any serious collection. Display it proudly as a tribute to the legendary careers of Hull and Howe and their contributions to hockey’s legacy. This item comes with a Autograph Authentic hologram and matching Certificate of Authenticity.</p><p>Photos shown are our catalogue images.</p>","<p>Celebrate a historic moment in hockey history with this limited edition signed 16x20 photograph featuring Bobby Hull and Gordie Howe, two of the greatest players together as All Stars. Limited to just 16 pieces, this is Hull's #16 and last of the edition! This rare collectible commemorates the 1964 All-Star game, Hull in #16 and Howe in #9, an incredible addition to any serious collection. Display it proudly as a tribute to the legendary careers of Hull and Howe and their contributions to hockey’s legacy. This item comes with a Autograph Authentic hologram and matching Certificate of Authenticity.</p><p>Photos shown are our catalogue images.</p>"
7810195390553,jersey-keon-blue-toronto-maple-leafs-reverse-retro-aaajh33305,Dave Keon Autographed Toronto Maple Leafs Reverse Jersey,"<p>This licensed Toronto Maple Leafs jersey has been personally autographed by Dave Keon and is guaranteed authentic. Every item we sell is sourced directly from the player, from official signings, from exclusive distributors, or from autographs certified by recognized third-party authenticators. This piece ships with a numbered Certificate of Authenticity and a tamper-proof, uniquely coded hologram, backed by our 100% Authenticity Guarantee.</p>
<p><strong>Sizing:</strong> This jersey comes in size L or XL. As a high-end signed collectible, it's intended for display rather than everyday wear. If you have questions about the size before ordering, contact us at info@autographauthentic.com.</p>
<p><strong>Packaging &amp; shipping:</strong> Handling typically takes 1–5 business days, and orders typically ship within 7 business days. As an autographed collectible, some orders can take a few additional weeks if the piece is being framed, the jersey is being sewn together, or we're waiting on a celebrity signing — we’ll keep you updated if that applies to your order. See our Shipping Policy for full details.</p>
<p>Photos shown are our catalogue images.</p>","<p>This licensed Toronto Maple Leafs jersey has been personally autographed by Dave Keon and is guaranteed authentic. Every item we sell is sourced directly from the player, from official signings, from exclusive distributors, or from autographs certified by recognized third-party authenticators. This piece ships with a numbered Certificate of Authenticity and a tamper-proof, uniquely coded hologram, backed by our 100% Authenticity Guarantee.</p>
<p><strong>Sizing:</strong> This jersey comes in size L or XL. As a high-end signed collectible, it's intended for display rather than everyday wear. If you have questions about the size before ordering, contact us at info@autographauthentic.com.</p>
<p><strong>Packaging &amp; shipping:</strong> Handling typically takes 1 to 5 business days, and orders typically ship within 7 business days. As an autographed collectible, some orders can take a few additional weeks if the piece is being framed, the jersey is being sewn together, or we're waiting on a celebrity signing, we’ll keep you updated if that applies to your order. See our Shipping Policy for full details.</p>
<p>Photos shown are our catalogue images.</p>"
7810195423321,jersey-mahovlich-blue-toronto-maple-leafs-reverse-retro-aaajh33300,Frank Mahovlich Autographed Toronto Maple Leafs Jersey,"<p>This licensed Toronto Maple Leafs jersey has been personally autographed by Frank Mahovlich and is guaranteed authentic. Every item we sell is sourced directly from the player, from official signings, from exclusive distributors, or from autographs certified by recognized third-party authenticators. This piece ships with a numbered Certificate of Authenticity and a tamper-proof, uniquely coded hologram, backed by our 100% Authenticity Guarantee.</p>
<p><strong>Sizing:</strong> This jersey comes in size L or XL. As a high-end signed collectible, it's intended for display rather than everyday wear. If you have questions about the size before ordering, contact us at info@autographauthentic.com.</p>
<p><strong>Packaging &amp; shipping:</strong> Handling typically takes 1–5 business days, and orders typically ship within 7 business days. As an autographed collectible, some orders can take a few additional weeks if the piece is being framed, the jersey is being sewn together, or we're waiting on a celebrity signing — we’ll keep you updated if that applies to your order. See our Shipping Policy for full details.</p>
<p>Photos shown are our catalogue images.</p>","<p>This licensed Toronto Maple Leafs jersey has been personally autographed by Frank Mahovlich and is guaranteed authentic. Every item we sell is sourced directly from the player, from official signings, from exclusive distributors, or from autographs certified by recognized third-party authenticators. This piece ships with a numbered Certificate of Authenticity and a tamper-proof, uniquely coded hologram, backed by our 100% Authenticity Guarantee.</p>
<p><strong>Sizing:</strong> This jersey comes in size L or XL. As a high-end signed collectible, it's intended for display rather than everyday wear. If you have questions about the size before ordering, contact us at info@autographauthentic.com.</p>
<p><strong>Packaging &amp; shipping:</strong> Handling typically takes 1 to 5 business days, and orders typically ship within 7 business days. As an autographed collectible, some orders can take a few additional weeks if the piece is being framed, the jersey is being sewn together, or we're waiting on a celebrity signing, we’ll keep you updated if that applies to your order. See our Shipping Policy for full details.</p>
<p>Photos shown are our catalogue images.</p>"
7810195456089,jersey-bower-blue-toronto-maple-leafs-reverse-retro-aaajh33297,Johnny Bower Autographed Toronto Maple Leafs Reverse Jersey,"<p>This licensed Toronto Maple Leafs jersey has been personally autographed by Johnny Bower and is guaranteed authentic. Every item we sell is sourced directly from the player, from official signings, from exclusive distributors, or from autographs certified by recognized third-party authenticators. This piece ships with a numbered Certificate of Authenticity and a tamper-proof, uniquely coded hologram, backed by our 100% Authenticity Guarantee.</p>
<p><strong>Sizing:</strong> This jersey comes in size L or XL. As a high-end signed collectible, it's intended for display rather than everyday wear. If you have questions about the size before ordering, contact us at info@autographauthentic.com.</p>
<p><strong>Packaging &amp; shipping:</strong> Handling typically takes 1–5 business days, and orders typically ship within 7 business days. As an autographed collectible, some orders can take a few additional weeks if the piece is being framed, the jersey is being sewn together, or we're waiting on a celebrity signing — we’ll keep you updated if that applies to your order. See our Shipping Policy for full details.</p>
<p>Photos shown are our catalogue images.</p>","<p>This licensed Toronto Maple Leafs jersey has been personally autographed by Johnny Bower and is guaranteed authentic. Every item we sell is sourced directly from the player, from official signings, from exclusive distributors, or from autographs certified by recognized third-party authenticators. This piece ships with a numbered Certificate of Authenticity and a tamper-proof, uniquely coded hologram, backed by our 100% Authenticity Guarantee.</p>
<p><strong>Sizing:</strong> This jersey comes in size L or XL. As a high-end signed collectible, it's intended for display rather than everyday wear. If you have questions about the size before ordering, contact us at info@autographauthentic.com.</p>
<p><strong>Packaging &amp; shipping:</strong> Handling typically takes 1 to 5 business days, and orders typically ship within 7 business days. As an autographed collectible, some orders can take a few additional weeks if the piece is being framed, the jersey is being sewn together, or we're waiting on a celebrity signing, we’ll keep you updated if that applies to your order. See our Shipping Policy for full details.</p>
<p>Photos shown are our catalogue images.</p>"
7812321345625,rick-nash-columbus-hockey-autographed-rbk-jersey,Rick Nash Columbus Blue Jackets Autographed Reebok Jersey,"<p>This licensed Columbus Blue Jackets jersey has been personally autographed by Rick Nash and is guaranteed authentic. Every item we sell is sourced directly from the player, from official signings, from exclusive distributors, or from autographs certified by recognized third-party authenticators. This piece ships with a numbered Certificate of Authenticity and a tamper-proof, uniquely coded hologram, backed by our 100% Authenticity Guarantee.</p>
<p><strong>Sizing:</strong> This jersey comes in size L or XL. As a high-end signed collectible, it's intended for display rather than everyday wear. If you have questions about the size before ordering, contact us at info@autographauthentic.com.</p>
<p><strong>Packaging &amp; shipping:</strong> Handling typically takes 1–5 business days, and orders typically ship within 7 business days. As an autographed collectible, some orders can take a few additional weeks if the piece is being framed, the jersey is being sewn together, or we're waiting on a celebrity signing — we’ll keep you updated if that applies to your order. See our Shipping Policy for full details.</p>
<p>Photos shown are our catalogue images.</p>","<p>This licensed Columbus Blue Jackets jersey has been personally autographed by Rick Nash and is guaranteed authentic. Every item we sell is sourced directly from the player, from official signings, from exclusive distributors, or from autographs certified by recognized third-party authenticators. This piece ships with a numbered Certificate of Authenticity and a tamper-proof, uniquely coded hologram, backed by our 100% Authenticity Guarantee.</p>
<p><strong>Sizing:</strong> This jersey comes in size L or XL. As a high-end signed collectible, it's intended for display rather than everyday wear. If you have questions about the size before ordering, contact us at info@autographauthentic.com.</p>
<p><strong>Packaging &amp; shipping:</strong> Handling typically takes 1 to 5 business days, and orders typically ship within 7 business days. As an autographed collectible, some orders can take a few additional weeks if the piece is being framed, the jersey is being sewn together, or we're waiting on a celebrity signing, we’ll keep you updated if that applies to your order. See our Shipping Policy for full details.</p>
<p>Photos shown are our catalogue images.</p>"
7818811375705,jersey-lindros-team-canada-inscribed-hhof-aaajh33219,Eric Lindros Signed & Inscribed Team Canada Jersey,"<p>This licensed Team Canada jersey has been personally autographed by Eric Lindros and is guaranteed authentic. Every item we sell is sourced directly from the player, from official signings, from exclusive distributors, or from autographs certified by recognized third-party authenticators. This piece ships with a numbered Certificate of Authenticity and a tamper-proof, uniquely coded hologram, backed by our 100% Authenticity Guarantee.</p>
<p><strong>Sizing:</strong> This jersey comes in size L or XL. As a high-end signed collectible, it's intended for display rather than everyday wear. If you have questions about the size before ordering, contact us at info@autographauthentic.com.</p>
<p><strong>Packaging &amp; shipping:</strong> Handling typically takes 1–5 business days, and orders typically ship within 7 business days. As an autographed collectible, some orders can take a few additional weeks if the piece is being framed, the jersey is being sewn together, or we're waiting on a celebrity signing — we’ll keep you updated if that applies to your order. See our Shipping Policy for full details.</p>
<p>Photos shown are our catalogue images.</p>","<p>This licensed Team Canada jersey has been personally autographed by Eric Lindros and is guaranteed authentic. Every item we sell is sourced directly from the player, from official signings, from exclusive distributors, or from autographs certified by recognized third-party authenticators. This piece ships with a numbered Certificate of Authenticity and a tamper-proof, uniquely coded hologram, backed by our 100% Authenticity Guarantee.</p>
<p><strong>Sizing:</strong> This jersey comes in size L or XL. As a high-end signed collectible, it's intended for display rather than everyday wear. If you have questions about the size before ordering, contact us at info@autographauthentic.com.</p>
<p><strong>Packaging &amp; shipping:</strong> Handling typically takes 1 to 5 business days, and orders typically ship within 7 business days. As an autographed collectible, some orders can take a few additional weeks if the piece is being framed, the jersey is being sewn together, or we're waiting on a celebrity signing, we’ll keep you updated if that applies to your order. See our Shipping Policy for full details.</p>
<p>Photos shown are our catalogue images.</p>"
7818811441241,jersey-gretzky-los-angeles-kings-black-mitchell-ness-throwback-aaajh33186,Wayne Gretzky Signed Kings Throwback Jersey M&N 1992-93,"<p>This licensed Los Angeles Kings Throwback jersey has been personally autographed by Wayne Gretzky and is guaranteed authentic. Every item we sell is sourced directly from the player, from official signings, from exclusive distributors, or from autographs certified by recognized third-party authenticators. This piece ships with a numbered Certificate of Authenticity and a tamper-proof, uniquely coded hologram, backed by our 100% Authenticity Guarantee.</p>
<p><strong>Sizing:</strong> This jersey comes in size L or XL. As a high-end signed collectible, it's intended for display rather than everyday wear. If you have questions about the size before ordering, contact us at info@autographauthentic.com.</p>
<p><strong>Packaging &amp; shipping:</strong> Handling typically takes 1–5 business days, and orders typically ship within 7 business days. As an autographed collectible, some orders can take a few additional weeks if the piece is being framed, the jersey is being sewn together, or we're waiting on a celebrity signing — we’ll keep you updated if that applies to your order. See our Shipping Policy for full details.</p>
<p>Photos shown are our catalogue images.</p>","<p>This licensed Los Angeles Kings Throwback jersey has been personally autographed by Wayne Gretzky and is guaranteed authentic. Every item we sell is sourced directly from the player, from official signings, from exclusive distributors, or from autographs certified by recognized third-party authenticators. This piece ships with a numbered Certificate of Authenticity and a tamper-proof, uniquely coded hologram, backed by our 100% Authenticity Guarantee.</p>
<p><strong>Sizing:</strong> This jersey comes in size L or XL. As a high-end signed collectible, it's intended for display rather than everyday wear. If you have questions about the size before ordering, contact us at info@autographauthentic.com.</p>
<p><strong>Packaging &amp; shipping:</strong> Handling typically takes 1 to 5 business days, and orders typically ship within 7 business days. As an autographed collectible, some orders can take a few additional weeks if the piece is being framed, the jersey is being sewn together, or we're waiting on a celebrity signing, we’ll keep you updated if that applies to your order. See our Shipping Policy for full details.</p>
<p>Photos shown are our catalogue images.</p>"
7818811474009,jersey-eddie-shack-blue-toronto-maple-leafs-aaajh33264,Eddie Shack Autographed Toronto Maple Leafs Blue Jersey,"<p>This licensed Toronto Maple Leafs Blue jersey has been personally autographed by Eddie Shack and is guaranteed authentic. Every item we sell is sourced directly from the player, from official signings, from exclusive distributors, or from autographs certified by recognized third-party authenticators. This piece ships with a numbered Certificate of Authenticity and a tamper-proof, uniquely coded hologram, backed by our 100% Authenticity Guarantee.</p>
<p><strong>Sizing:</strong> This jersey comes in size L or XL. As a high-end signed collectible, it's intended for display rather than everyday wear. If you have questions about the size before ordering, contact us at info@autographauthentic.com.</p>
<p><strong>Packaging &amp; shipping:</strong> Handling typically takes 1–5 business days, and orders typically ship within 7 business days. As an autographed collectible, some orders can take a few additional weeks if the piece is being framed, the jersey is being sewn together, or we're waiting on a celebrity signing — we’ll keep you updated if that applies to your order. See our Shipping Policy for full details.</p>
<p>Photos shown are our catalogue images.</p>","<p>This licensed Toronto Maple Leafs Blue jersey has been personally autographed by Eddie Shack and is guaranteed authentic. Every item we sell is sourced directly from the player, from official signings, from exclusive distributors, or from autographs certified by recognized third-party authenticators. This piece ships with a numbered Certificate of Authenticity and a tamper-proof, uniquely coded hologram, backed by our 100% Authenticity Guarantee.</p>
<p><strong>Sizing:</strong> This jersey comes in size L or XL. As a high-end signed collectible, it's intended for display rather than everyday wear. If you have questions about the size before ordering, contact us at info@autographauthentic.com.</p>
<p><strong>Packaging &amp; shipping:</strong> Handling typically takes 1 to 5 business days, and orders typically ship within 7 business days. As an autographed collectible, some orders can take a few additional weeks if the piece is being framed, the jersey is being sewn together, or we're waiting on a celebrity signing, we’ll keep you updated if that applies to your order. See our Shipping Policy for full details.</p>
<p>Photos shown are our catalogue images.</p>"
7818811637849,jersey-bobby-orr-chicago-white-1of4-aaajh33293,Bobby Orr Autographed Chicago Blackhawks White Jersey /4,"<p>This licensed Chicago Blackhawks White jersey has been personally autographed by Bobby Orr and is guaranteed authentic. Every item we sell is sourced directly from the player, from official signings, from exclusive distributors, or from autographs certified by recognized third-party authenticators. This piece ships with a numbered Certificate of Authenticity and a tamper-proof, uniquely coded hologram, backed by our 100% Authenticity Guarantee.</p>
<p><strong>Sizing:</strong> This jersey comes in size L or XL. As a high-end signed collectible, it's intended for display rather than everyday wear. If you have questions about the size before ordering, contact us at info@autographauthentic.com.</p>
<p><strong>Packaging &amp; shipping:</strong> Handling typically takes 1–5 business days, and orders typically ship within 7 business days. As an autographed collectible, some orders can take a few additional weeks if the piece is being framed, the jersey is being sewn together, or we're waiting on a celebrity signing — we’ll keep you updated if that applies to your order. See our Shipping Policy for full details.</p>
<p>Photos shown are our catalogue images.</p>","<p>This licensed Chicago Blackhawks White jersey has been personally autographed by Bobby Orr and is guaranteed authentic. Every item we sell is sourced directly from the player, from official signings, from exclusive distributors, or from autographs certified by recognized third-party authenticators. This piece ships with a numbered Certificate of Authenticity and a tamper-proof, uniquely coded hologram, backed by our 100% Authenticity Guarantee.</p>
<p><strong>Sizing:</strong> This jersey comes in size L or XL. As a high-end signed collectible, it's intended for display rather than everyday wear. If you have questions about the size before ordering, contact us at info@autographauthentic.com.</p>
<p><strong>Packaging &amp; shipping:</strong> Handling typically takes 1 to 5 business days, and orders typically ship within 7 business days. As an autographed collectible, some orders can take a few additional weeks if the piece is being framed, the jersey is being sewn together, or we're waiting on a celebrity signing, we’ll keep you updated if that applies to your order. See our Shipping Policy for full details.</p>
<p>Photos shown are our catalogue images.</p>"
7818811670617,jersey-bobby-orr-chicago-blackhawks-white-aaajh33266,Bobby Orr Autographed Chicago Blackhawks White Jersey,"<p>This licensed Chicago Blackhawks White jersey has been personally autographed by Bobby Orr and is guaranteed authentic. Every item we sell is sourced directly from the player, from official signings, from exclusive distributors, or from autographs certified by recognized third-party authenticators. This piece ships with a numbered Certificate of Authenticity and a tamper-proof, uniquely coded hologram, backed by our 100% Authenticity Guarantee.</p>
<p><strong>Sizing:</strong> This jersey comes in size L or XL. As a high-end signed collectible, it's intended for display rather than everyday wear. If you have questions about the size before ordering, contact us at info@autographauthentic.com.</p>
<p><strong>Packaging &amp; shipping:</strong> Handling typically takes 1–5 business days, and orders typically ship within 7 business days. As an autographed collectible, some orders can take a few additional weeks if the piece is being framed, the jersey is being sewn together, or we're waiting on a celebrity signing — we’ll keep you updated if that applies to your order. See our Shipping Policy for full details.</p>
<p>Photos shown are our catalogue images.</p>","<p>This licensed Chicago Blackhawks White jersey has been personally autographed by Bobby Orr and is guaranteed authentic. Every item we sell is sourced directly from the player, from official signings, from exclusive distributors, or from autographs certified by recognized third-party authenticators. This piece ships with a numbered Certificate of Authenticity and a tamper-proof, uniquely coded hologram, backed by our 100% Authenticity Guarantee.</p>
<p><strong>Sizing:</strong> This jersey comes in size L or XL. As a high-end signed collectible, it's intended for display rather than everyday wear. If you have questions about the size before ordering, contact us at info@autographauthentic.com.</p>
<p><strong>Packaging &amp; shipping:</strong> Handling typically takes 1 to 5 business days, and orders typically ship within 7 business days. As an autographed collectible, some orders can take a few additional weeks if the piece is being framed, the jersey is being sewn together, or we're waiting on a celebrity signing, we’ll keep you updated if that applies to your order. See our Shipping Policy for full details.</p>
<p>Photos shown are our catalogue images.</p>"
7818811703385,jersey-allan-stanley-blue-toronto-maple-leafs-aaajh33265,Allan Stanley Autographed Toronto Maple Leafs Blue Jersey,"<p>This licensed Toronto Maple Leafs Blue jersey has been personally autographed by Allan Stanley and is guaranteed authentic. Every item we sell is sourced directly from the player, from official signings, from exclusive distributors, or from autographs certified by recognized third-party authenticators. This piece ships with a numbered Certificate of Authenticity and a tamper-proof, uniquely coded hologram, backed by our 100% Authenticity Guarantee.</p>
<p><strong>Sizing:</strong> This jersey comes in size L or XL. As a high-end signed collectible, it's intended for display rather than everyday wear. If you have questions about the size before ordering, contact us at info@autographauthentic.com.</p>
<p><strong>Packaging &amp; shipping:</strong> Handling typically takes 1–5 business days, and orders typically ship within 7 business days. As an autographed collectible, some orders can take a few additional weeks if the piece is being framed, the jersey is being sewn together, or we're waiting on a celebrity signing — we’ll keep you updated if that applies to your order. See our Shipping Policy for full details.</p>
<p>Photos shown are our catalogue images.</p>","<p>This licensed Toronto Maple Leafs Blue jersey has been personally autographed by Allan Stanley and is guaranteed authentic. Every item we sell is sourced directly from the player, from official signings, from exclusive distributors, or from autographs certified by recognized third-party authenticators. This piece ships with a numbered Certificate of Authenticity and a tamper-proof, uniquely coded hologram, backed by our 100% Authenticity Guarantee.</p>
<p><strong>Sizing:</strong> This jersey comes in size L or XL. As a high-end signed collectible, it's intended for display rather than everyday wear. If you have questions about the size before ordering, contact us at info@autographauthentic.com.</p>
<p><strong>Packaging &amp; shipping:</strong> Handling typically takes 1 to 5 business days, and orders typically ship within 7 business days. As an autographed collectible, some orders can take a few additional weeks if the piece is being framed, the jersey is being sewn together, or we're waiting on a celebrity signing, we’ll keep you updated if that applies to your order. See our Shipping Policy for full details.</p>
<p>Photos shown are our catalogue images.</p>"
7818812588121,career-jersey-sakic-1of199-cjpch32076,Joe Sakic Career Jersey #1 of 199,"<p>This licensed Colorado Avalanche jersey has been personally autographed by Joe Sakic and is guaranteed authentic. Every item we sell is sourced directly from the player, from official signings, from exclusive distributors, or from autographs certified by recognized third-party authenticators. This piece ships with a numbered Certificate of Authenticity and a tamper-proof, uniquely coded hologram, backed by our 100% Authenticity Guarantee.</p>
<p><strong>Sizing:</strong> This jersey comes in size L or XL. As a high-end signed collectible, it's intended for display rather than everyday wear. If you have questions about the size before ordering, contact us at info@autographauthentic.com.</p>
<p><strong>Packaging &amp; shipping:</strong> Handling typically takes 1–5 business days, and orders typically ship within 7 business days. As an autographed collectible, some orders can take a few additional weeks if the piece is being framed, the jersey is being sewn together, or we're waiting on a celebrity signing — we’ll keep you updated if that applies to your order. See our Shipping Policy for full details.</p>
<p>Photos shown are our catalogue images.</p>","<p>This licensed Colorado Avalanche jersey has been personally autographed by Joe Sakic and is guaranteed authentic. Every item we sell is sourced directly from the player, from official signings, from exclusive distributors, or from autographs certified by recognized third-party authenticators. This piece ships with a numbered Certificate of Authenticity and a tamper-proof, uniquely coded hologram, backed by our 100% Authenticity Guarantee.</p>
<p><strong>Sizing:</strong> This jersey comes in size L or XL. As a high-end signed collectible, it's intended for display rather than everyday wear. If you have questions about the size before ordering, contact us at info@autographauthentic.com.</p>
<p><strong>Packaging &amp; shipping:</strong> Handling typically takes 1 to 5 business days, and orders typically ship within 7 business days. As an autographed collectible, some orders can take a few additional weeks if the piece is being framed, the jersey is being sewn together, or we're waiting on a celebrity signing, we’ll keep you updated if that applies to your order. See our Shipping Policy for full details.</p>
<p>Photos shown are our catalogue images.</p>"
7818812686425,career-jersey-sakic-19of199-01-cjpch30077,Joe Sakic Career Jersey #19 of 199,"<p>This licensed Colorado Avalanche jersey has been personally autographed by Joe Sakic and is guaranteed authentic. Every item we sell is sourced directly from the player, from official signings, from exclusive distributors, or from autographs certified by recognized third-party authenticators. This piece ships with a numbered Certificate of Authenticity and a tamper-proof, uniquely coded hologram, backed by our 100% Authenticity Guarantee.</p>
<p><strong>Sizing:</strong> This jersey comes in size L or XL. As a high-end signed collectible, it's intended for display rather than everyday wear. If you have questions about the size before ordering, contact us at info@autographauthentic.com.</p>
<p><strong>Packaging &amp; shipping:</strong> Handling typically takes 1–5 business days, and orders typically ship within 7 business days. As an autographed collectible, some orders can take a few additional weeks if the piece is being framed, the jersey is being sewn together, or we're waiting on a celebrity signing — we’ll keep you updated if that applies to your order. See our Shipping Policy for full details.</p>
<p>Photos shown are our catalogue images.</p>","<p>This licensed Colorado Avalanche jersey has been personally autographed by Joe Sakic and is guaranteed authentic. Every item we sell is sourced directly from the player, from official signings, from exclusive distributors, or from autographs certified by recognized third-party authenticators. This piece ships with a numbered Certificate of Authenticity and a tamper-proof, uniquely coded hologram, backed by our 100% Authenticity Guarantee.</p>
<p><strong>Sizing:</strong> This jersey comes in size L or XL. As a high-end signed collectible, it's intended for display rather than everyday wear. If you have questions about the size before ordering, contact us at info@autographauthentic.com.</p>
<p><strong>Packaging &amp; shipping:</strong> Handling typically takes 1 to 5 business days, and orders typically ship within 7 business days. As an autographed collectible, some orders can take a few additional weeks if the piece is being framed, the jersey is being sewn together, or we're waiting on a celebrity signing, we’ll keep you updated if that applies to your order. See our Shipping Policy for full details.</p>
<p>Photos shown are our catalogue images.</p>"
7818812719193,career-jersey-sakic-199of199-cjpch32092,Joe Sakic Career Jersey #199 of 199,"<p>This licensed Colorado Avalanche jersey has been personally autographed by Joe Sakic and is guaranteed authentic. Every item we sell is sourced directly from the player, from official signings, from exclusive distributors, or from autographs certified by recognized third-party authenticators. This piece ships with a numbered Certificate of Authenticity and a tamper-proof, uniquely coded hologram, backed by our 100% Authenticity Guarantee.</p>
<p><strong>Sizing:</strong> This jersey comes in size L or XL. As a high-end signed collectible, it's intended for display rather than everyday wear. If you have questions about the size before ordering, contact us at info@autographauthentic.com.</p>
<p><strong>Packaging &amp; shipping:</strong> Handling typically takes 1–5 business days, and orders typically ship within 7 business days. As an autographed collectible, some orders can take a few additional weeks if the piece is being framed, the jersey is being sewn together, or we're waiting on a celebrity signing — we’ll keep you updated if that applies to your order. See our Shipping Policy for full details.</p>
<p>Photos shown are our catalogue images.</p>","<p>This licensed Colorado Avalanche jersey has been personally autographed by Joe Sakic and is guaranteed authentic. Every item we sell is sourced directly from the player, from official signings, from exclusive distributors, or from autographs certified by recognized third-party authenticators. This piece ships with a numbered Certificate of Authenticity and a tamper-proof, uniquely coded hologram, backed by our 100% Authenticity Guarantee.</p>
<p><strong>Sizing:</strong> This jersey comes in size L or XL. As a high-end signed collectible, it's intended for display rather than everyday wear. If you have questions about the size before ordering, contact us at info@autographauthentic.com.</p>
<p><strong>Packaging &amp; shipping:</strong> Handling typically takes 1 to 5 business days, and orders typically ship within 7 business days. As an autographed collectible, some orders can take a few additional weeks if the piece is being framed, the jersey is being sewn together, or we're waiting on a celebrity signing, we’ll keep you updated if that applies to your order. See our Shipping Policy for full details.</p>
<p>Photos shown are our catalogue images.</p>"
7818812784729,career-jersey-cournoyer-199of199-cjpch32082,Yvan Cournoyer Montreal Canadiens Career Jersey #199 of 199,"<p>This licensed Montreal Canadiens jersey has been personally autographed by Yvan Cournoyer and is guaranteed authentic. Every item we sell is sourced directly from the player, from official signings, from exclusive distributors, or from autographs certified by recognized third-party authenticators. This piece ships with a numbered Certificate of Authenticity and a tamper-proof, uniquely coded hologram, backed by our 100% Authenticity Guarantee.</p>
<p><strong>Sizing:</strong> This jersey comes in size L or XL. As a high-end signed collectible, it's intended for display rather than everyday wear. If you have questions about the size before ordering, contact us at info@autographauthentic.com.</p>
<p><strong>Packaging &amp; shipping:</strong> Handling typically takes 1–5 business days, and orders typically ship within 7 business days. As an autographed collectible, some orders can take a few additional weeks if the piece is being framed, the jersey is being sewn together, or we're waiting on a celebrity signing — we’ll keep you updated if that applies to your order. See our Shipping Policy for full details.</p>
<p>Photos shown are our catalogue images.</p>","<p>This licensed Montreal Canadiens jersey has been personally autographed by Yvan Cournoyer and is guaranteed authentic. Every item we sell is sourced directly from the player, from official signings, from exclusive distributors, or from autographs certified by recognized third-party authenticators. This piece ships with a numbered Certificate of Authenticity and a tamper-proof, uniquely coded hologram, backed by our 100% Authenticity Guarantee.</p>
<p><strong>Sizing:</strong> This jersey comes in size L or XL. As a high-end signed collectible, it's intended for display rather than everyday wear. If you have questions about the size before ordering, contact us at info@autographauthentic.com.</p>
<p><strong>Packaging &amp; shipping:</strong> Handling typically takes 1 to 5 business days, and orders typically ship within 7 business days. As an autographed collectible, some orders can take a few additional weeks if the piece is being framed, the jersey is being sewn together, or we're waiting on a celebrity signing, we’ll keep you updated if that applies to your order. See our Shipping Policy for full details.</p>
<p>Photos shown are our catalogue images.</p>"
7818923409497,jersey-selanne-winnipeg-jets-heritage-classic-aaajh33286,Teemu Selanne Autographed Winnipeg Jets Heritage Jersey,"<p>This licensed Winnipeg Jets jersey has been personally autographed by Teemu Selanne and is guaranteed authentic. Every item we sell is sourced directly from the player, from official signings, from exclusive distributors, or from autographs certified by recognized third-party authenticators. This piece ships with a numbered Certificate of Authenticity and a tamper-proof, uniquely coded hologram, backed by our 100% Authenticity Guarantee.</p>
<p><strong>Sizing:</strong> This jersey comes in size L or XL. As a high-end signed collectible, it's intended for display rather than everyday wear. If you have questions about the size before ordering, contact us at info@autographauthentic.com.</p>
<p><strong>Packaging &amp; shipping:</strong> Handling typically takes 1–5 business days, and orders typically ship within 7 business days. As an autographed collectible, some orders can take a few additional weeks if the piece is being framed, the jersey is being sewn together, or we're waiting on a celebrity signing — we’ll keep you updated if that applies to your order. See our Shipping Policy for full details.</p>
<p>Photos shown are our catalogue images.</p>","<p>This licensed Winnipeg Jets jersey has been personally autographed by Teemu Selanne and is guaranteed authentic. Every item we sell is sourced directly from the player, from official signings, from exclusive distributors, or from autographs certified by recognized third-party authenticators. This piece ships with a numbered Certificate of Authenticity and a tamper-proof, uniquely coded hologram, backed by our 100% Authenticity Guarantee.</p>
<p><strong>Sizing:</strong> This jersey comes in size L or XL. As a high-end signed collectible, it's intended for display rather than everyday wear. If you have questions about the size before ordering, contact us at info@autographauthentic.com.</p>
<p><strong>Packaging &amp; shipping:</strong> Handling typically takes 1 to 5 business days, and orders typically ship within 7 business days. As an autographed collectible, some orders can take a few additional weeks if the piece is being framed, the jersey is being sewn together, or we're waiting on a celebrity signing, we’ll keep you updated if that applies to your order. See our Shipping Policy for full details.</p>
<p>Photos shown are our catalogue images.</p>"
7818923442265,jersey-hull-blue-winnipeg-jets-heritage-classic-aaajh33285,Bobby Hull Autographed Winnipeg Jets Heritage Classic Jersey,"<p>This licensed Winnipeg Jets jersey has been personally autographed by Bobby Hull and is guaranteed authentic. Every item we sell is sourced directly from the player, from official signings, from exclusive distributors, or from autographs certified by recognized third-party authenticators. This piece ships with a numbered Certificate of Authenticity and a tamper-proof, uniquely coded hologram, backed by our 100% Authenticity Guarantee.</p>
<p><strong>Sizing:</strong> This jersey comes in size L or XL. As a high-end signed collectible, it's intended for display rather than everyday wear. If you have questions about the size before ordering, contact us at info@autographauthentic.com.</p>
<p><strong>Packaging &amp; shipping:</strong> Handling typically takes 1–5 business days, and orders typically ship within 7 business days. As an autographed collectible, some orders can take a few additional weeks if the piece is being framed, the jersey is being sewn together, or we're waiting on a celebrity signing — we’ll keep you updated if that applies to your order. See our Shipping Policy for full details.</p>
<p>Photos shown are our catalogue images.</p>","<p>This licensed Winnipeg Jets jersey has been personally autographed by Bobby Hull and is guaranteed authentic. Every item we sell is sourced directly from the player, from official signings, from exclusive distributors, or from autographs certified by recognized third-party authenticators. This piece ships with a numbered Certificate of Authenticity and a tamper-proof, uniquely coded hologram, backed by our 100% Authenticity Guarantee.</p>
<p><strong>Sizing:</strong> This jersey comes in size L or XL. As a high-end signed collectible, it's intended for display rather than everyday wear. If you have questions about the size before ordering, contact us at info@autographauthentic.com.</p>
<p><strong>Packaging &amp; shipping:</strong> Handling typically takes 1 to 5 business days, and orders typically ship within 7 business days. As an autographed collectible, some orders can take a few additional weeks if the piece is being framed, the jersey is being sewn together, or we're waiting on a celebrity signing, we’ll keep you updated if that applies to your order. See our Shipping Policy for full details.</p>
<p>Photos shown are our catalogue images.</p>"
7928719769689,framed-2photo-tv-sons-of-anarchy-ron-perlman-ak47-autographed-aaoocm33348,Ron Perlman Signed Sons of Anarchy - Clay Morrow AK-47 Display,"<p>Celebrate the legacy of Sons of Anarchy with this Ron Perlman autographed framed display, featuring the ruthless and iconic Clay Morrow. A must-have for fans of the hit series and collectors of television memorabilia. </p><p> <br>•This professionally framed display includes: <br>•A striking black-and-white portrait of Clay Morrow, captured in a dramatic moment with his Sons of Anarchy vest and motorcycle in the background. <br>•A personally signed photograph of Ron Perlman, featuring him in character as Clay Morrow, wielding an AK-47, a signature image of the series' intense action and drama. </p><p>Product Details: <br>•Hand-signed by Ron Perlman (Clay Morrow in Sons of Anarchy) <br>•High-quality dual-photo display, capturing the raw intensity of the series <br>•Custom-framed with UV-protected acrylic glass for long-lasting preservation <br>•Includes Certificate of Authenticity (COA) </p><p>Frame Size: Approximately 38"" x 28"" </p><p> This limited-edition signed piece is a powerful tribute to one of Sons of Anarchy’s most unforgettable characters. A must-have for any fan of the show, Ron Perlman, or outlaw biker culture. </p><p> Limited availability. Secure yours today.       </p><p>Photos shown are our catalogue images.</p>","<p>Celebrate the legacy of Sons of Anarchy with this Ron Perlman autographed framed display, featuring the ruthless and iconic Clay Morrow. A must-have for fans of the hit series and collectors of television memorabilia. </p><p> <br>•This professionally framed display includes: <br>•A striking black-and-white portrait of Clay Morrow, captured in a dramatic moment with his Sons of Anarchy vest and motorcycle in the background. <br>•A personally signed photograph of Ron Perlman, featuring him in character as Clay Morrow, wielding an AK-47, a signature image of the series' intense action and drama. </p><p>Product Details: <br>•Hand-signed by Ron Perlman (Clay Morrow in Sons of Anarchy) <br>•High-quality dual-photo display, capturing the raw intensity of the series <br>•Custom-framed with UV-protected acrylic glass for long-lasting preservation <br>•Includes Certificate of Authenticity (COA) </p><p>Frame Size: Approximately 38"" x 28"" </p><p> This limited-edition signed piece is a powerful tribute to one of Sons of Anarchy’s most unforgettable characters. A must-have for any fan of the show, Ron Perlman, or outlaw biker culture. </p><p> Limited availability. Secure yours today. </p><p>Photos shown are our catalogue images.</p>"
7930866761817,career-jersey-hull-winnipeg-jets-blue-alternate-ltd-ed-9-cjcjh33354,Bobby Hull Winnipeg Jets Career Jersey,"<p>This licensed Winnipeg Jets jersey has been personally autographed by Bobby Hull and is guaranteed authentic. Every item we sell is sourced directly from the player, from official signings, from exclusive distributors, or from autographs certified by recognized third-party authenticators. This piece ships with a numbered Certificate of Authenticity and a tamper-proof, uniquely coded hologram, backed by our 100% Authenticity Guarantee.</p>
<p><strong>Sizing:</strong> This jersey comes in size L or XL. As a high-end signed collectible, it's intended for display rather than everyday wear. If you have questions about the size before ordering, contact us at info@autographauthentic.com.</p>
<p><strong>Packaging &amp; shipping:</strong> Handling typically takes 1–5 business days, and orders typically ship within 7 business days. As an autographed collectible, some orders can take a few additional weeks if the piece is being framed, the jersey is being sewn together, or we're waiting on a celebrity signing — we’ll keep you updated if that applies to your order. See our Shipping Policy for full details.</p>
<p>Photos shown are our catalogue images.</p>","<p>This licensed Winnipeg Jets jersey has been personally autographed by Bobby Hull and is guaranteed authentic. Every item we sell is sourced directly from the player, from official signings, from exclusive distributors, or from autographs certified by recognized third-party authenticators. This piece ships with a numbered Certificate of Authenticity and a tamper-proof, uniquely coded hologram, backed by our 100% Authenticity Guarantee.</p>
<p><strong>Sizing:</strong> This jersey comes in size L or XL. As a high-end signed collectible, it's intended for display rather than everyday wear. If you have questions about the size before ordering, contact us at info@autographauthentic.com.</p>
<p><strong>Packaging &amp; shipping:</strong> Handling typically takes 1 to 5 business days, and orders typically ship within 7 business days. As an autographed collectible, some orders can take a few additional weeks if the piece is being framed, the jersey is being sewn together, or we're waiting on a celebrity signing, we’ll keep you updated if that applies to your order. See our Shipping Policy for full details.</p>
<p>Photos shown are our catalogue images.</p>"
7930866860121,career-jersey-hull-winnipeg-jets-blue-alternate-ltd-ed-1of9-cjcjh33355,Bobby Hull Winnipeg Jets Blue Alternate Career Jersey #1 of 9,"<p>This licensed Winnipeg Jets Blue jersey has been personally autographed by Bobby Hull and is guaranteed authentic. Every item we sell is sourced directly from the player, from official signings, from exclusive distributors, or from autographs certified by recognized third-party authenticators. This piece ships with a numbered Certificate of Authenticity and a tamper-proof, uniquely coded hologram, backed by our 100% Authenticity Guarantee.</p>
<p><strong>Sizing:</strong> This jersey comes in size L or XL. As a high-end signed collectible, it's intended for display rather than everyday wear. If you have questions about the size before ordering, contact us at info@autographauthentic.com.</p>
<p><strong>Packaging &amp; shipping:</strong> Handling typically takes 1–5 business days, and orders typically ship within 7 business days. As an autographed collectible, some orders can take a few additional weeks if the piece is being framed, the jersey is being sewn together, or we're waiting on a celebrity signing — we’ll keep you updated if that applies to your order. See our Shipping Policy for full details.</p>
<p>Photos shown are our catalogue images.</p>","<p>This licensed Winnipeg Jets Blue jersey has been personally autographed by Bobby Hull and is guaranteed authentic. Every item we sell is sourced directly from the player, from official signings, from exclusive distributors, or from autographs certified by recognized third-party authenticators. This piece ships with a numbered Certificate of Authenticity and a tamper-proof, uniquely coded hologram, backed by our 100% Authenticity Guarantee.</p>
<p><strong>Sizing:</strong> This jersey comes in size L or XL. As a high-end signed collectible, it's intended for display rather than everyday wear. If you have questions about the size before ordering, contact us at info@autographauthentic.com.</p>
<p><strong>Packaging &amp; shipping:</strong> Handling typically takes 1 to 5 business days, and orders typically ship within 7 business days. As an autographed collectible, some orders can take a few additional weeks if the piece is being framed, the jersey is being sewn together, or we're waiting on a celebrity signing, we’ll keep you updated if that applies to your order. See our Shipping Policy for full details.</p>
<p>Photos shown are our catalogue images.</p>"
7932156280921,framed-2photo-movies-xmen-patrick-stewart-autographed-aaoocm33357,Patrick Stewart Signed X-Men Professor Charles Display (38.5x28),"<p>Bring the world of the X-Men to life with this stunning framed display featuring Patrick Stewart’s portrayal of Professor Charles Xavier. This professionally crafted collectible showcases the legendary leader of the X-Men and is a must-have for any Marvel fan. </p><p> This framed display includes: <br>•A high-quality print featuring X-Men’s most iconic characters, including Wolverine, Mystique, Magneto, and Professor X. <br>•A personally autographed photo of Patrick Stewart as Professor X, adding authenticity and collector’s value. </p><p>Product Details: <br>•Hand-signed by Patrick Stewart (Professor X in the X-Men film series). <br>•Custom-framed for a sleek, high-end presentation. <br>•UV-protected acrylic glass for long-lasting preservation. <br>•Includes a Certificate of Authenticity (COA) for verification. </p><p>Frame Size: 38"" x 28"" </p><p>A must-have for X-Men fans and Marvel collectors, this signed display is the perfect addition to any collection. Limited availability – secure yours today!</p><p>Photos shown are our catalogue images.</p>","<p>Bring the world of the X-Men to life with this stunning framed display featuring Patrick Stewart’s portrayal of Professor Charles Xavier. This professionally crafted collectible showcases the legendary leader of the X-Men and is a must-have for any Marvel fan. </p><p> This framed display includes: <br>•A high-quality print featuring X-Men’s most iconic characters, including Wolverine, Mystique, Magneto, and Professor X. <br>•A personally autographed photo of Patrick Stewart as Professor X, adding authenticity and collector’s value. </p><p>Product Details: <br>•Hand-signed by Patrick Stewart (Professor X in the X-Men film series). <br>•Custom-framed for a sleek, high-end presentation. <br>•UV-protected acrylic glass for long-lasting preservation. <br>•Includes a Certificate of Authenticity (COA) for verification. </p><p>Frame Size: 38"" x 28"" </p><p>A must-have for X-Men fans and Marvel collectors, this signed display is the perfect addition to any collection. Limited availability, secure yours today!</p><p>Photos shown are our catalogue images.</p>"
7937804828761,career-jersey-lafleur-the-flower-red-edition-10-cjcjh33360,Guy Lafleur Montreal Canadiens Career Jersey - Red Edition /10,"<p>This licensed Montreal Canadiens jersey has been personally autographed by Guy Lafleur and is guaranteed authentic. Every item we sell is sourced directly from the player, from official signings, from exclusive distributors, or from autographs certified by recognized third-party authenticators. This piece ships with a numbered Certificate of Authenticity and a tamper-proof, uniquely coded hologram, backed by our 100% Authenticity Guarantee.</p>
<p><strong>Sizing:</strong> This jersey comes in size L or XL. As a high-end signed collectible, it's intended for display rather than everyday wear. If you have questions about the size before ordering, contact us at info@autographauthentic.com.</p>
<p><strong>Packaging &amp; shipping:</strong> Handling typically takes 1–5 business days, and orders typically ship within 7 business days. As an autographed collectible, some orders can take a few additional weeks if the piece is being framed, the jersey is being sewn together, or we're waiting on a celebrity signing — we’ll keep you updated if that applies to your order. See our Shipping Policy for full details.</p>
<p>Photos shown are our catalogue images.</p>","<p>This licensed Montreal Canadiens jersey has been personally autographed by Guy Lafleur and is guaranteed authentic. Every item we sell is sourced directly from the player, from official signings, from exclusive distributors, or from autographs certified by recognized third-party authenticators. This piece ships with a numbered Certificate of Authenticity and a tamper-proof, uniquely coded hologram, backed by our 100% Authenticity Guarantee.</p>
<p><strong>Sizing:</strong> This jersey comes in size L or XL. As a high-end signed collectible, it's intended for display rather than everyday wear. If you have questions about the size before ordering, contact us at info@autographauthentic.com.</p>
<p><strong>Packaging &amp; shipping:</strong> Handling typically takes 1 to 5 business days, and orders typically ship within 7 business days. As an autographed collectible, some orders can take a few additional weeks if the piece is being framed, the jersey is being sewn together, or we're waiting on a celebrity signing, we’ll keep you updated if that applies to your order. See our Shipping Policy for full details.</p>
<p>Photos shown are our catalogue images.</p>"
7937805058137,collectors-crate-series-career-jerseys-30-aacmh33358,Collector's Crate Mystery Box /30,"<p>Step into the heart of hockey greatness with the Collector’s Crate – Career Jersey Edition, an ultra-limited release celebrating the legends of the ice. With only 30 crates available, each one is a tribute to the icons who shaped the game – from Bobby Orr to Wayne Gretzky, Mario Lemieux to Guy Lafleur, and more. Whether you're a seasoned collector or new to the world of autographed memorabilia, this series offers a thrilling mystery and serious value.</p>
<p>Each crate is guaranteed to include **4 premium collectibles**, with **at least two autographed items** – including **one signed Career Jersey**. These jerseys are more than just rare autographed pieces – they’re tribute editions, adorned with full career stats, milestones, and authentic player signatures. Housed in an exclusive **Collector’s Crate box**, these are the kind of finds that rarely hit the market.</p>
<ul>
<li>
<strong>Legends Inside, look for signed stat-jerseys featured in this powerful series:</strong>
<ul>
<li>Wayne Gretzky</li>
<li>Bobby Orr</li>
<li>Guy Lafleur</li>
<li>Mario Lemieux</li>
<li>Doug Gilmour</li>
<li>Bobby Hull </li>
</ul>
</li>
<li>
<strong>Guaranteed Autographs!</strong>
<ul>
<li>Each crate includes at least two signed items</li>
<li>Including one autographed career jersey. </li>
</ul>
</li>
<li>
<strong>Collector’s Quality.</strong>
<ul>
<li>Jerseys and memorabilia come with Certificates of Authenticity and tamper-proof holograms. </li>
</ul>
</li>
<li>
<strong>Mystery Format!</strong>
<ul>
<li>All crates are sealed</li>
<li>The excitement is real, and every unboxing is a one-of-a-kind experience. <br>
</li>
</ul>
</li>
</ul>
<p><em>All Sales Final: As a mystery box product, no returns or exchanges are permitted.</em></p>
<p>Only 30 of these Career Jersey Collector’s Crates exist – don’t miss your shot to own a historic lineup of hockey greatness in one unforgettable box.</p>
<p>Photos shown are our catalogue images.</p>","<p>Step into the heart of hockey greatness with the Collector’s Crate, Career Jersey Edition, an ultra-limited release celebrating the legends of the ice. With only 30 crates available, each one is a tribute to the icons who shaped the game, from Bobby Orr to Wayne Gretzky, Mario Lemieux to Guy Lafleur, and more. Whether you're a seasoned collector or new to the world of autographed memorabilia, this series offers a thrilling mystery and serious value.</p>
<p>Each crate is guaranteed to include <strong>4 premium collectibles</strong>, with <strong>at least two autographed items</strong>, including <strong>one signed Career Jersey</strong>. These jerseys are more than just rare autographed pieces, they’re tribute editions, adorned with full career stats, milestones, and authentic player signatures. Housed in an exclusive <strong>Collector’s Crate box</strong>, these are the kind of finds that rarely hit the market.</p>
<ul>
<li>
<strong>Legends Inside, look for signed stat-jerseys featured in this powerful series:</strong>
<ul>
<li>Wayne Gretzky</li>
<li>Bobby Orr</li>
<li>Guy Lafleur</li>
<li>Mario Lemieux</li>
<li>Doug Gilmour</li>
<li>Bobby Hull </li>
</ul>
</li>
<li>
<strong>Guaranteed Autographs!</strong>
<ul>
<li>Each crate includes at least two signed items</li>
<li>Including one autographed career jersey. </li>
</ul>
</li>
<li>
<strong>Collector’s Quality.</strong>
<ul>
<li>Jerseys and memorabilia come with Certificates of Authenticity and tamper-proof holograms. </li>
</ul>
</li>
<li>
<strong>Mystery Format!</strong>
<ul>
<li>All crates are sealed</li>
<li>The excitement is real, and every unboxing is a one-of-a-kind experience. <br>
</li>
</ul>
</li>
</ul>
<p><em>All Sales Final: As a mystery box product, no returns or exchanges are permitted.</em></p>
<p>Only 30 of these Career Jersey Collector’s Crates exist, don’t miss your shot to own a historic lineup of hockey greatness in one unforgettable box.</p>
<p>Photos shown are our catalogue images.</p>"
7937806270553,career-jersey-lafleur-the-flower-white-edition-10-cjcjh33359,Guy Lafleur Montreal Canadiens Career Jersey - White /10,"<p>This licensed Montreal Canadiens jersey has been personally autographed by Guy Lafleur and is guaranteed authentic. Every item we sell is sourced directly from the player, from official signings, from exclusive distributors, or from autographs certified by recognized third-party authenticators. This piece ships with a numbered Certificate of Authenticity and a tamper-proof, uniquely coded hologram, backed by our 100% Authenticity Guarantee.</p>
<p><strong>Sizing:</strong> This jersey comes in size L or XL. As a high-end signed collectible, it's intended for display rather than everyday wear. If you have questions about the size before ordering, contact us at info@autographauthentic.com.</p>
<p><strong>Packaging &amp; shipping:</strong> Handling typically takes 1–5 business days, and orders typically ship within 7 business days. As an autographed collectible, some orders can take a few additional weeks if the piece is being framed, the jersey is being sewn together, or we're waiting on a celebrity signing — we’ll keep you updated if that applies to your order. See our Shipping Policy for full details.</p>
<p>Photos shown are our catalogue images.</p>","<p>This licensed Montreal Canadiens jersey has been personally autographed by Guy Lafleur and is guaranteed authentic. Every item we sell is sourced directly from the player, from official signings, from exclusive distributors, or from autographs certified by recognized third-party authenticators. This piece ships with a numbered Certificate of Authenticity and a tamper-proof, uniquely coded hologram, backed by our 100% Authenticity Guarantee.</p>
<p><strong>Sizing:</strong> This jersey comes in size L or XL. As a high-end signed collectible, it's intended for display rather than everyday wear. If you have questions about the size before ordering, contact us at info@autographauthentic.com.</p>
<p><strong>Packaging &amp; shipping:</strong> Handling typically takes 1 to 5 business days, and orders typically ship within 7 business days. As an autographed collectible, some orders can take a few additional weeks if the piece is being framed, the jersey is being sewn together, or we're waiting on a celebrity signing, we’ll keep you updated if that applies to your order. See our Shipping Policy for full details.</p>
<p>Photos shown are our catalogue images.</p>"
7944235417689,jersey-ovechkin-washington-capitals-white-goal-edition-8-aaajh33373,Alexander Ovechkin Signed Washington Capitals White Jersey,"<p>This licensed Washington Capitals White jersey has been personally autographed by Alexander Ovechkin and is guaranteed authentic. Every item we sell is sourced directly from the player, from official signings, from exclusive distributors, or from autographs certified by recognized third-party authenticators. This piece ships with a numbered Certificate of Authenticity and a tamper-proof, uniquely coded hologram, backed by our 100% Authenticity Guarantee.</p>
<p><strong>Sizing:</strong> This jersey comes in size L or XL. As a high-end signed collectible, it's intended for display rather than everyday wear. If you have questions about the size before ordering, contact us at info@autographauthentic.com.</p>
<p><strong>Packaging &amp; shipping:</strong> Handling typically takes 1–5 business days, and orders typically ship within 7 business days. As an autographed collectible, some orders can take a few additional weeks if the piece is being framed, the jersey is being sewn together, or we're waiting on a celebrity signing — we’ll keep you updated if that applies to your order. See our Shipping Policy for full details.</p>
<p>Photos shown are our catalogue images.</p>","<p>This licensed Washington Capitals White jersey has been personally autographed by Alexander Ovechkin and is guaranteed authentic. Every item we sell is sourced directly from the player, from official signings, from exclusive distributors, or from autographs certified by recognized third-party authenticators. This piece ships with a numbered Certificate of Authenticity and a tamper-proof, uniquely coded hologram, backed by our 100% Authenticity Guarantee.</p>
<p><strong>Sizing:</strong> This jersey comes in size L or XL. As a high-end signed collectible, it's intended for display rather than everyday wear. If you have questions about the size before ordering, contact us at info@autographauthentic.com.</p>
<p><strong>Packaging &amp; shipping:</strong> Handling typically takes 1 to 5 business days, and orders typically ship within 7 business days. As an autographed collectible, some orders can take a few additional weeks if the piece is being framed, the jersey is being sewn together, or we're waiting on a celebrity signing, we’ll keep you updated if that applies to your order. See our Shipping Policy for full details.</p>
<p>Photos shown are our catalogue images.</p>"
7944235450457,jersey-ovechkin-washington-capitals-red-goal-edition-8-aaajh33376,Alexander Ovechkin Signed Washington Capitals Red Jersey,"<p>This licensed Washington Capitals Red jersey has been personally autographed by Alexander Ovechkin and is guaranteed authentic. Every item we sell is sourced directly from the player, from official signings, from exclusive distributors, or from autographs certified by recognized third-party authenticators. This piece ships with a numbered Certificate of Authenticity and a tamper-proof, uniquely coded hologram, backed by our 100% Authenticity Guarantee.</p>
<p><strong>Sizing:</strong> This jersey comes in size L or XL. As a high-end signed collectible, it's intended for display rather than everyday wear. If you have questions about the size before ordering, contact us at info@autographauthentic.com.</p>
<p><strong>Packaging &amp; shipping:</strong> Handling typically takes 1–5 business days, and orders typically ship within 7 business days. As an autographed collectible, some orders can take a few additional weeks if the piece is being framed, the jersey is being sewn together, or we're waiting on a celebrity signing — we’ll keep you updated if that applies to your order. See our Shipping Policy for full details.</p>
<p>Photos shown are our catalogue images.</p>","<p>This licensed Washington Capitals Red jersey has been personally autographed by Alexander Ovechkin and is guaranteed authentic. Every item we sell is sourced directly from the player, from official signings, from exclusive distributors, or from autographs certified by recognized third-party authenticators. This piece ships with a numbered Certificate of Authenticity and a tamper-proof, uniquely coded hologram, backed by our 100% Authenticity Guarantee.</p>
<p><strong>Sizing:</strong> This jersey comes in size L or XL. As a high-end signed collectible, it's intended for display rather than everyday wear. If you have questions about the size before ordering, contact us at info@autographauthentic.com.</p>
<p><strong>Packaging &amp; shipping:</strong> Handling typically takes 1 to 5 business days, and orders typically ship within 7 business days. As an autographed collectible, some orders can take a few additional weeks if the piece is being framed, the jersey is being sewn together, or we're waiting on a celebrity signing, we’ll keep you updated if that applies to your order. See our Shipping Policy for full details.</p>
<p>Photos shown are our catalogue images.</p>"
7950288486489,joe-daley-autographed-winnipeg-hockey-fntcs-throwback-jersey,Joe Daley Autographed Winnipeg Jets Fanatics Jersey,"<p>This licensed Winnipeg Jets jersey has been personally autographed by Joe Daley and is guaranteed authentic. Every item we sell is sourced directly from the player, from official signings, from exclusive distributors, or from autographs certified by recognized third-party authenticators. This piece ships with a numbered Certificate of Authenticity and a tamper-proof, uniquely coded hologram, backed by our 100% Authenticity Guarantee.</p>
<p><strong>Sizing:</strong> This jersey comes in size L or XL. As a high-end signed collectible, it's intended for display rather than everyday wear. If you have questions about the size before ordering, contact us at info@autographauthentic.com.</p>
<p><strong>Packaging &amp; shipping:</strong> Handling typically takes 1–5 business days, and orders typically ship within 7 business days. As an autographed collectible, some orders can take a few additional weeks if the piece is being framed, the jersey is being sewn together, or we're waiting on a celebrity signing — we’ll keep you updated if that applies to your order. See our Shipping Policy for full details.</p>
<p>Photos shown are our catalogue images.</p>","<p>This licensed Winnipeg Jets jersey has been personally autographed by Joe Daley and is guaranteed authentic. Every item we sell is sourced directly from the player, from official signings, from exclusive distributors, or from autographs certified by recognized third-party authenticators. This piece ships with a numbered Certificate of Authenticity and a tamper-proof, uniquely coded hologram, backed by our 100% Authenticity Guarantee.</p>
<p><strong>Sizing:</strong> This jersey comes in size L or XL. As a high-end signed collectible, it's intended for display rather than everyday wear. If you have questions about the size before ordering, contact us at info@autographauthentic.com.</p>
<p><strong>Packaging &amp; shipping:</strong> Handling typically takes 1 to 5 business days, and orders typically ship within 7 business days. As an autographed collectible, some orders can take a few additional weeks if the piece is being framed, the jersey is being sewn together, or we're waiting on a celebrity signing, we’ll keep you updated if that applies to your order. See our Shipping Policy for full details.</p>
<p>Photos shown are our catalogue images.</p>"
7950288715865,cole-perfetti-signed-winnipeg-hockey-white-ads-jersey,Cole Perfetti Signed Winnipeg Jets White Adidas Jersey,"<p>This licensed Winnipeg Jets White jersey has been personally autographed by Cole Perfetti and is guaranteed authentic. Every item we sell is sourced directly from the player, from official signings, from exclusive distributors, or from autographs certified by recognized third-party authenticators. This piece ships with a numbered Certificate of Authenticity and a tamper-proof, uniquely coded hologram, backed by our 100% Authenticity Guarantee.</p>
<p><strong>Sizing:</strong> This jersey comes in size L or XL. As a high-end signed collectible, it's intended for display rather than everyday wear. If you have questions about the size before ordering, contact us at info@autographauthentic.com.</p>
<p><strong>Packaging &amp; shipping:</strong> Handling typically takes 1–5 business days, and orders typically ship within 7 business days. As an autographed collectible, some orders can take a few additional weeks if the piece is being framed, the jersey is being sewn together, or we're waiting on a celebrity signing — we’ll keep you updated if that applies to your order. See our Shipping Policy for full details.</p>
<p>Photos shown are our catalogue images.</p>","<p>This licensed Winnipeg Jets White jersey has been personally autographed by Cole Perfetti and is guaranteed authentic. Every item we sell is sourced directly from the player, from official signings, from exclusive distributors, or from autographs certified by recognized third-party authenticators. This piece ships with a numbered Certificate of Authenticity and a tamper-proof, uniquely coded hologram, backed by our 100% Authenticity Guarantee.</p>
<p><strong>Sizing:</strong> This jersey comes in size L or XL. As a high-end signed collectible, it's intended for display rather than everyday wear. If you have questions about the size before ordering, contact us at info@autographauthentic.com.</p>
<p><strong>Packaging &amp; shipping:</strong> Handling typically takes 1 to 5 business days, and orders typically ship within 7 business days. As an autographed collectible, some orders can take a few additional weeks if the piece is being framed, the jersey is being sewn together, or we're waiting on a celebrity signing, we’ll keep you updated if that applies to your order. See our Shipping Policy for full details.</p>
<p>Photos shown are our catalogue images.</p>"
7950288879705,cole-perfetti-signed-winnipeg-hockey-alt-retro-fntcs-premium-jersey,Cole Perfetti Signed Jets Alt Retro Fanatics Premium Jersey,"<p>This licensed Winnipeg Jets jersey has been personally autographed by Cole Perfetti and is guaranteed authentic. Every item we sell is sourced directly from the player, from official signings, from exclusive distributors, or from autographs certified by recognized third-party authenticators. This piece ships with a numbered Certificate of Authenticity and a tamper-proof, uniquely coded hologram, backed by our 100% Authenticity Guarantee.</p>
<p><strong>Sizing:</strong> This jersey comes in size L or XL. As a high-end signed collectible, it's intended for display rather than everyday wear. If you have questions about the size before ordering, contact us at info@autographauthentic.com.</p>
<p><strong>Packaging &amp; shipping:</strong> Handling typically takes 1–5 business days, and orders typically ship within 7 business days. As an autographed collectible, some orders can take a few additional weeks if the piece is being framed, the jersey is being sewn together, or we're waiting on a celebrity signing — we’ll keep you updated if that applies to your order. See our Shipping Policy for full details.</p>
<p>Photos shown are our catalogue images.</p>","<p>This licensed Winnipeg Jets jersey has been personally autographed by Cole Perfetti and is guaranteed authentic. Every item we sell is sourced directly from the player, from official signings, from exclusive distributors, or from autographs certified by recognized third-party authenticators. This piece ships with a numbered Certificate of Authenticity and a tamper-proof, uniquely coded hologram, backed by our 100% Authenticity Guarantee.</p>
<p><strong>Sizing:</strong> This jersey comes in size L or XL. As a high-end signed collectible, it's intended for display rather than everyday wear. If you have questions about the size before ordering, contact us at info@autographauthentic.com.</p>
<p><strong>Packaging &amp; shipping:</strong> Handling typically takes 1 to 5 business days, and orders typically ship within 7 business days. As an autographed collectible, some orders can take a few additional weeks if the piece is being framed, the jersey is being sewn together, or we're waiting on a celebrity signing, we’ll keep you updated if that applies to your order. See our Shipping Policy for full details.</p>
<p>Photos shown are our catalogue images.</p>"
7950289043545,mark-scheifele-autographed-winnipeg-hockey-fntcs-premium-jersey,Mark Scheifele Signed Winnipeg Jets Fanatics Premium Jersey,"<p>This licensed Winnipeg Jets jersey has been personally autographed by Mark Scheifele and is guaranteed authentic. Every item we sell is sourced directly from the player, from official signings, from exclusive distributors, or from autographs certified by recognized third-party authenticators. This piece ships with a numbered Certificate of Authenticity and a tamper-proof, uniquely coded hologram, backed by our 100% Authenticity Guarantee.</p>
<p><strong>Sizing:</strong> This jersey comes in size L or XL. As a high-end signed collectible, it's intended for display rather than everyday wear. If you have questions about the size before ordering, contact us at info@autographauthentic.com.</p>
<p><strong>Packaging &amp; shipping:</strong> Handling typically takes 1–5 business days, and orders typically ship within 7 business days. As an autographed collectible, some orders can take a few additional weeks if the piece is being framed, the jersey is being sewn together, or we're waiting on a celebrity signing — we’ll keep you updated if that applies to your order. See our Shipping Policy for full details.</p>
<p>Photos shown are our catalogue images.</p>","<p>This licensed Winnipeg Jets jersey has been personally autographed by Mark Scheifele and is guaranteed authentic. Every item we sell is sourced directly from the player, from official signings, from exclusive distributors, or from autographs certified by recognized third-party authenticators. This piece ships with a numbered Certificate of Authenticity and a tamper-proof, uniquely coded hologram, backed by our 100% Authenticity Guarantee.</p>
<p><strong>Sizing:</strong> This jersey comes in size L or XL. As a high-end signed collectible, it's intended for display rather than everyday wear. If you have questions about the size before ordering, contact us at info@autographauthentic.com.</p>
<p><strong>Packaging &amp; shipping:</strong> Handling typically takes 1 to 5 business days, and orders typically ship within 7 business days. As an autographed collectible, some orders can take a few additional weeks if the piece is being framed, the jersey is being sewn together, or we're waiting on a celebrity signing, we’ll keep you updated if that applies to your order. See our Shipping Policy for full details.</p>
<p>Photos shown are our catalogue images.</p>"
7950289240153,kyle-connor-signed-winnipeg-hockey-white-fntcs-premium-jersey,Kyle Connor Signed Winnipeg Jets White Fanatics Premium Jersey,"<p>This licensed Winnipeg Jets White jersey has been personally autographed by Kyle Connor and is guaranteed authentic. Every item we sell is sourced directly from the player, from official signings, from exclusive distributors, or from autographs certified by recognized third-party authenticators. This piece ships with a numbered Certificate of Authenticity and a tamper-proof, uniquely coded hologram, backed by our 100% Authenticity Guarantee.</p>
<p><strong>Sizing:</strong> This jersey comes in size L or XL. As a high-end signed collectible, it's intended for display rather than everyday wear. If you have questions about the size before ordering, contact us at info@autographauthentic.com.</p>
<p><strong>Packaging &amp; shipping:</strong> Handling typically takes 1–5 business days, and orders typically ship within 7 business days. As an autographed collectible, some orders can take a few additional weeks if the piece is being framed, the jersey is being sewn together, or we're waiting on a celebrity signing — we’ll keep you updated if that applies to your order. See our Shipping Policy for full details.</p>
<p>Photos shown are our catalogue images.</p>","<p>This licensed Winnipeg Jets White jersey has been personally autographed by Kyle Connor and is guaranteed authentic. Every item we sell is sourced directly from the player, from official signings, from exclusive distributors, or from autographs certified by recognized third-party authenticators. This piece ships with a numbered Certificate of Authenticity and a tamper-proof, uniquely coded hologram, backed by our 100% Authenticity Guarantee.</p>
<p><strong>Sizing:</strong> This jersey comes in size L or XL. As a high-end signed collectible, it's intended for display rather than everyday wear. If you have questions about the size before ordering, contact us at info@autographauthentic.com.</p>
<p><strong>Packaging &amp; shipping:</strong> Handling typically takes 1 to 5 business days, and orders typically ship within 7 business days. As an autographed collectible, some orders can take a few additional weeks if the piece is being framed, the jersey is being sewn together, or we're waiting on a celebrity signing, we’ll keep you updated if that applies to your order. See our Shipping Policy for full details.</p>
<p>Photos shown are our catalogue images.</p>"
7950289403993,connor-mcmichael-signed-washington-hockey-fntcs-breakaway-jersey,Connor McMichael Signed Washington Capitals Fanatics Jersey,"<p>This licensed Washington Capitals jersey has been personally autographed by Connor McMichael and is guaranteed authentic. Every item we sell is sourced directly from the player, from official signings, from exclusive distributors, or from autographs certified by recognized third-party authenticators. This piece ships with a numbered Certificate of Authenticity and a tamper-proof, uniquely coded hologram, backed by our 100% Authenticity Guarantee.</p>
<p><strong>Sizing:</strong> This jersey comes in size L or XL. As a high-end signed collectible, it's intended for display rather than everyday wear. If you have questions about the size before ordering, contact us at info@autographauthentic.com.</p>
<p><strong>Packaging &amp; shipping:</strong> Handling typically takes 1–5 business days, and orders typically ship within 7 business days. As an autographed collectible, some orders can take a few additional weeks if the piece is being framed, the jersey is being sewn together, or we're waiting on a celebrity signing — we’ll keep you updated if that applies to your order. See our Shipping Policy for full details.</p>
<p>Photos shown are our catalogue images.</p>","<p>This licensed Washington Capitals jersey has been personally autographed by Connor McMichael and is guaranteed authentic. Every item we sell is sourced directly from the player, from official signings, from exclusive distributors, or from autographs certified by recognized third-party authenticators. This piece ships with a numbered Certificate of Authenticity and a tamper-proof, uniquely coded hologram, backed by our 100% Authenticity Guarantee.</p>
<p><strong>Sizing:</strong> This jersey comes in size L or XL. As a high-end signed collectible, it's intended for display rather than everyday wear. If you have questions about the size before ordering, contact us at info@autographauthentic.com.</p>
<p><strong>Packaging &amp; shipping:</strong> Handling typically takes 1 to 5 business days, and orders typically ship within 7 business days. As an autographed collectible, some orders can take a few additional weeks if the piece is being framed, the jersey is being sewn together, or we're waiting on a celebrity signing, we’ll keep you updated if that applies to your order. See our Shipping Policy for full details.</p>
<p>Photos shown are our catalogue images.</p>"
7950289666137,morgan-rielly-autographed-toronto-hockey-fntcs-premium-jersey,Morgan Rielly Signed Maple Leafs Fanatics Premium Jersey,"<p>This licensed Toronto Maple Leafs jersey has been personally autographed by Morgan Rielly and is guaranteed authentic. Every item we sell is sourced directly from the player, from official signings, from exclusive distributors, or from autographs certified by recognized third-party authenticators. This piece ships with a numbered Certificate of Authenticity and a tamper-proof, uniquely coded hologram, backed by our 100% Authenticity Guarantee.</p>
<p><strong>Sizing:</strong> This jersey comes in size L or XL. As a high-end signed collectible, it's intended for display rather than everyday wear. If you have questions about the size before ordering, contact us at info@autographauthentic.com.</p>
<p><strong>Packaging &amp; shipping:</strong> Handling typically takes 1–5 business days, and orders typically ship within 7 business days. As an autographed collectible, some orders can take a few additional weeks if the piece is being framed, the jersey is being sewn together, or we're waiting on a celebrity signing — we’ll keep you updated if that applies to your order. See our Shipping Policy for full details.</p>
<p>Photos shown are our catalogue images.</p>","<p>This licensed Toronto Maple Leafs jersey has been personally autographed by Morgan Rielly and is guaranteed authentic. Every item we sell is sourced directly from the player, from official signings, from exclusive distributors, or from autographs certified by recognized third-party authenticators. This piece ships with a numbered Certificate of Authenticity and a tamper-proof, uniquely coded hologram, backed by our 100% Authenticity Guarantee.</p>
<p><strong>Sizing:</strong> This jersey comes in size L or XL. As a high-end signed collectible, it's intended for display rather than everyday wear. If you have questions about the size before ordering, contact us at info@autographauthentic.com.</p>
<p><strong>Packaging &amp; shipping:</strong> Handling typically takes 1 to 5 business days, and orders typically ship within 7 business days. As an autographed collectible, some orders can take a few additional weeks if the piece is being framed, the jersey is being sewn together, or we're waiting on a celebrity signing, we’ll keep you updated if that applies to your order. See our Shipping Policy for full details.</p>
<p>Photos shown are our catalogue images.</p>"
7950289764441,oliver-ekman-larsson-signed-toronto-hockey-drew-house-fntcs-breakaway-jersey,Oliver Ekman-Larsson Signed Maple Leafs Drew House Jersey,"<p>This licensed Toronto Maple Leafs jersey has been personally autographed by Oliver Ekman-Larsson and is guaranteed authentic. Every item we sell is sourced directly from the player, from official signings, from exclusive distributors, or from autographs certified by recognized third-party authenticators. This piece ships with a numbered Certificate of Authenticity and a tamper-proof, uniquely coded hologram, backed by our 100% Authenticity Guarantee.</p>
<p><strong>Sizing:</strong> This jersey comes in size L or XL. As a high-end signed collectible, it's intended for display rather than everyday wear. If you have questions about the size before ordering, contact us at info@autographauthentic.com.</p>
<p><strong>Packaging &amp; shipping:</strong> Handling typically takes 1–5 business days, and orders typically ship within 7 business days. As an autographed collectible, some orders can take a few additional weeks if the piece is being framed, the jersey is being sewn together, or we're waiting on a celebrity signing — we’ll keep you updated if that applies to your order. See our Shipping Policy for full details.</p>
<p>Photos shown are our catalogue images.</p>","<p>This licensed Toronto Maple Leafs jersey has been personally autographed by Oliver Ekman-Larsson and is guaranteed authentic. Every item we sell is sourced directly from the player, from official signings, from exclusive distributors, or from autographs certified by recognized third-party authenticators. This piece ships with a numbered Certificate of Authenticity and a tamper-proof, uniquely coded hologram, backed by our 100% Authenticity Guarantee.</p>
<p><strong>Sizing:</strong> This jersey comes in size L or XL. As a high-end signed collectible, it's intended for display rather than everyday wear. If you have questions about the size before ordering, contact us at info@autographauthentic.com.</p>
<p><strong>Packaging &amp; shipping:</strong> Handling typically takes 1 to 5 business days, and orders typically ship within 7 business days. As an autographed collectible, some orders can take a few additional weeks if the piece is being framed, the jersey is being sewn together, or we're waiting on a celebrity signing, we’ll keep you updated if that applies to your order. See our Shipping Policy for full details.</p>
<p>Photos shown are our catalogue images.</p>"
7950290026585,brayden-schenn-signed-st-louis-hockey-sheet-music-heritage-ads-jersey,Brayden Schenn Signed St. Louis Blues Sheet Music Jersey,"<p>This licensed St. Louis Blues jersey has been personally autographed by Brayden Schenn and is guaranteed authentic. Every item we sell is sourced directly from the player, from official signings, from exclusive distributors, or from autographs certified by recognized third-party authenticators. This piece ships with a numbered Certificate of Authenticity and a tamper-proof, uniquely coded hologram, backed by our 100% Authenticity Guarantee.</p>
<p><strong>Sizing:</strong> This jersey comes in size L or XL. As a high-end signed collectible, it's intended for display rather than everyday wear. If you have questions about the size before ordering, contact us at info@autographauthentic.com.</p>
<p><strong>Packaging &amp; shipping:</strong> Handling typically takes 1–5 business days, and orders typically ship within 7 business days. As an autographed collectible, some orders can take a few additional weeks if the piece is being framed, the jersey is being sewn together, or we're waiting on a celebrity signing — we’ll keep you updated if that applies to your order. See our Shipping Policy for full details.</p>
<p>Photos shown are our catalogue images.</p>","<p>This licensed St. Louis Blues jersey has been personally autographed by Brayden Schenn and is guaranteed authentic. Every item we sell is sourced directly from the player, from official signings, from exclusive distributors, or from autographs certified by recognized third-party authenticators. This piece ships with a numbered Certificate of Authenticity and a tamper-proof, uniquely coded hologram, backed by our 100% Authenticity Guarantee.</p>
<p><strong>Sizing:</strong> This jersey comes in size L or XL. As a high-end signed collectible, it's intended for display rather than everyday wear. If you have questions about the size before ordering, contact us at info@autographauthentic.com.</p>
<p><strong>Packaging &amp; shipping:</strong> Handling typically takes 1 to 5 business days, and orders typically ship within 7 business days. As an autographed collectible, some orders can take a few additional weeks if the piece is being framed, the jersey is being sewn together, or we're waiting on a celebrity signing, we’ll keep you updated if that applies to your order. See our Shipping Policy for full details.</p>
<p>Photos shown are our catalogue images.</p>"
7950290059353,victor-hedman-autographed-tampa-bay-lightning-fntcs-premium-jersey,Victor Hedman Signed Lightning Fanatics Premium Jersey,"<p>This licensed Tampa Bay Lightning jersey has been personally autographed by Victor Hedman and is guaranteed authentic. Every item we sell is sourced directly from the player, from official signings, from exclusive distributors, or from autographs certified by recognized third-party authenticators. This piece ships with a numbered Certificate of Authenticity and a tamper-proof, uniquely coded hologram, backed by our 100% Authenticity Guarantee.</p>
<p><strong>Sizing:</strong> This jersey comes in size L or XL. As a high-end signed collectible, it's intended for display rather than everyday wear. If you have questions about the size before ordering, contact us at info@autographauthentic.com.</p>
<p><strong>Packaging &amp; shipping:</strong> Handling typically takes 1–5 business days, and orders typically ship within 7 business days. As an autographed collectible, some orders can take a few additional weeks if the piece is being framed, the jersey is being sewn together, or we're waiting on a celebrity signing — we’ll keep you updated if that applies to your order. See our Shipping Policy for full details.</p>
<p>Photos shown are our catalogue images.</p>","<p>This licensed Tampa Bay Lightning jersey has been personally autographed by Victor Hedman and is guaranteed authentic. Every item we sell is sourced directly from the player, from official signings, from exclusive distributors, or from autographs certified by recognized third-party authenticators. This piece ships with a numbered Certificate of Authenticity and a tamper-proof, uniquely coded hologram, backed by our 100% Authenticity Guarantee.</p>
<p><strong>Sizing:</strong> This jersey comes in size L or XL. As a high-end signed collectible, it's intended for display rather than everyday wear. If you have questions about the size before ordering, contact us at info@autographauthentic.com.</p>
<p><strong>Packaging &amp; shipping:</strong> Handling typically takes 1 to 5 business days, and orders typically ship within 7 business days. As an autographed collectible, some orders can take a few additional weeks if the piece is being framed, the jersey is being sewn together, or we're waiting on a celebrity signing, we’ll keep you updated if that applies to your order. See our Shipping Policy for full details.</p>
<p>Photos shown are our catalogue images.</p>"
7950290092121,brayden-schenn-st-louis-hockey-autographed-2019-cup-ads-jersey,Brayden Schenn Blues Signed 2019 Stanley Cup Jersey,"<p>This licensed St. Louis Blues jersey has been personally autographed by Brayden Schenn and is guaranteed authentic. Every item we sell is sourced directly from the player, from official signings, from exclusive distributors, or from autographs certified by recognized third-party authenticators. This piece ships with a numbered Certificate of Authenticity and a tamper-proof, uniquely coded hologram, backed by our 100% Authenticity Guarantee.</p>
<p><strong>Sizing:</strong> This jersey comes in size L or XL. As a high-end signed collectible, it's intended for display rather than everyday wear. If you have questions about the size before ordering, contact us at info@autographauthentic.com.</p>
<p><strong>Packaging &amp; shipping:</strong> Handling typically takes 1–5 business days, and orders typically ship within 7 business days. As an autographed collectible, some orders can take a few additional weeks if the piece is being framed, the jersey is being sewn together, or we're waiting on a celebrity signing — we’ll keep you updated if that applies to your order. See our Shipping Policy for full details.</p>
<p>Photos shown are our catalogue images.</p>","<p>This licensed St. Louis Blues jersey has been personally autographed by Brayden Schenn and is guaranteed authentic. Every item we sell is sourced directly from the player, from official signings, from exclusive distributors, or from autographs certified by recognized third-party authenticators. This piece ships with a numbered Certificate of Authenticity and a tamper-proof, uniquely coded hologram, backed by our 100% Authenticity Guarantee.</p>
<p><strong>Sizing:</strong> This jersey comes in size L or XL. As a high-end signed collectible, it's intended for display rather than everyday wear. If you have questions about the size before ordering, contact us at info@autographauthentic.com.</p>
<p><strong>Packaging &amp; shipping:</strong> Handling typically takes 1 to 5 business days, and orders typically ship within 7 business days. As an autographed collectible, some orders can take a few additional weeks if the piece is being framed, the jersey is being sewn together, or we're waiting on a celebrity signing, we’ll keep you updated if that applies to your order. See our Shipping Policy for full details.</p>
<p>Photos shown are our catalogue images.</p>"
7950290288729,william-karlsson-vegas-hockey-signed-2023-cup-ads-jersey,William Karlsson Golden Knights Signed 2023 Stanley Cup Jersey,"<p>This licensed Vegas Golden Knights jersey has been personally autographed by William Karlsson and is guaranteed authentic. Every item we sell is sourced directly from the player, from official signings, from exclusive distributors, or from autographs certified by recognized third-party authenticators. This piece ships with a numbered Certificate of Authenticity and a tamper-proof, uniquely coded hologram, backed by our 100% Authenticity Guarantee.</p>
<p><strong>Sizing:</strong> This jersey comes in size L or XL. As a high-end signed collectible, it's intended for display rather than everyday wear. If you have questions about the size before ordering, contact us at info@autographauthentic.com.</p>
<p><strong>Packaging &amp; shipping:</strong> Handling typically takes 1–5 business days, and orders typically ship within 7 business days. As an autographed collectible, some orders can take a few additional weeks if the piece is being framed, the jersey is being sewn together, or we're waiting on a celebrity signing — we’ll keep you updated if that applies to your order. See our Shipping Policy for full details.</p>
<p>Photos shown are our catalogue images.</p>","<p>This licensed Vegas Golden Knights jersey has been personally autographed by William Karlsson and is guaranteed authentic. Every item we sell is sourced directly from the player, from official signings, from exclusive distributors, or from autographs certified by recognized third-party authenticators. This piece ships with a numbered Certificate of Authenticity and a tamper-proof, uniquely coded hologram, backed by our 100% Authenticity Guarantee.</p>
<p><strong>Sizing:</strong> This jersey comes in size L or XL. As a high-end signed collectible, it's intended for display rather than everyday wear. If you have questions about the size before ordering, contact us at info@autographauthentic.com.</p>
<p><strong>Packaging &amp; shipping:</strong> Handling typically takes 1 to 5 business days, and orders typically ship within 7 business days. As an autographed collectible, some orders can take a few additional weeks if the piece is being framed, the jersey is being sewn together, or we're waiting on a celebrity signing, we’ll keep you updated if that applies to your order. See our Shipping Policy for full details.</p>
<p>Photos shown are our catalogue images.</p>"
7950290550873,sergei-bobrovsky-autographed-florida-hockey-fntcs-premium-jersey,Sergei Bobrovsky Signed Panthers Fanatics Premium Jersey,"<p>This licensed Florida Panthers jersey has been personally autographed by Sergei Bobrovsky and is guaranteed authentic. Every item we sell is sourced directly from the player, from official signings, from exclusive distributors, or from autographs certified by recognized third-party authenticators. This piece ships with a numbered Certificate of Authenticity and a tamper-proof, uniquely coded hologram, backed by our 100% Authenticity Guarantee.</p>
<p><strong>Sizing:</strong> This jersey comes in size L or XL. As a high-end signed collectible, it's intended for display rather than everyday wear. If you have questions about the size before ordering, contact us at info@autographauthentic.com.</p>
<p><strong>Packaging &amp; shipping:</strong> Handling typically takes 1–5 business days, and orders typically ship within 7 business days. As an autographed collectible, some orders can take a few additional weeks if the piece is being framed, the jersey is being sewn together, or we're waiting on a celebrity signing — we’ll keep you updated if that applies to your order. See our Shipping Policy for full details.</p>
<p>Photos shown are our catalogue images.</p>","<p>This licensed Florida Panthers jersey has been personally autographed by Sergei Bobrovsky and is guaranteed authentic. Every item we sell is sourced directly from the player, from official signings, from exclusive distributors, or from autographs certified by recognized third-party authenticators. This piece ships with a numbered Certificate of Authenticity and a tamper-proof, uniquely coded hologram, backed by our 100% Authenticity Guarantee.</p>
<p><strong>Sizing:</strong> This jersey comes in size L or XL. As a high-end signed collectible, it's intended for display rather than everyday wear. If you have questions about the size before ordering, contact us at info@autographauthentic.com.</p>
<p><strong>Packaging &amp; shipping:</strong> Handling typically takes 1 to 5 business days, and orders typically ship within 7 business days. As an autographed collectible, some orders can take a few additional weeks if the piece is being framed, the jersey is being sewn together, or we're waiting on a celebrity signing, we’ll keep you updated if that applies to your order. See our Shipping Policy for full details.</p>
<p>Photos shown are our catalogue images.</p>"
7950290616409,matthew-tkachuk-autographed-florida-hockey-fntcs-premium-jersey,Matthew Tkachuk Signed Panthers Fanatics Premium Jersey,"<p>This licensed Florida Panthers jersey has been personally autographed by Matthew Tkachuk and is guaranteed authentic. Every item we sell is sourced directly from the player, from official signings, from exclusive distributors, or from autographs certified by recognized third-party authenticators. This piece ships with a numbered Certificate of Authenticity and a tamper-proof, uniquely coded hologram, backed by our 100% Authenticity Guarantee.</p>
<p><strong>Sizing:</strong> This jersey comes in size L or XL. As a high-end signed collectible, it's intended for display rather than everyday wear. If you have questions about the size before ordering, contact us at info@autographauthentic.com.</p>
<p><strong>Packaging &amp; shipping:</strong> Handling typically takes 1–5 business days, and orders typically ship within 7 business days. As an autographed collectible, some orders can take a few additional weeks if the piece is being framed, the jersey is being sewn together, or we're waiting on a celebrity signing — we’ll keep you updated if that applies to your order. See our Shipping Policy for full details.</p>
<p>Photos shown are our catalogue images.</p>","<p>This licensed Florida Panthers jersey has been personally autographed by Matthew Tkachuk and is guaranteed authentic. Every item we sell is sourced directly from the player, from official signings, from exclusive distributors, or from autographs certified by recognized third-party authenticators. This piece ships with a numbered Certificate of Authenticity and a tamper-proof, uniquely coded hologram, backed by our 100% Authenticity Guarantee.</p>
<p><strong>Sizing:</strong> This jersey comes in size L or XL. As a high-end signed collectible, it's intended for display rather than everyday wear. If you have questions about the size before ordering, contact us at info@autographauthentic.com.</p>
<p><strong>Packaging &amp; shipping:</strong> Handling typically takes 1 to 5 business days, and orders typically ship within 7 business days. As an autographed collectible, some orders can take a few additional weeks if the piece is being framed, the jersey is being sewn together, or we're waiting on a celebrity signing, we’ll keep you updated if that applies to your order. See our Shipping Policy for full details.</p>
<p>Photos shown are our catalogue images.</p>"
7972011802713,grant-fuhr-signed-edmonton-oilers-jersey-aafc20383,Grant Fuhr Signed Edmonton Oilers Jersey,"<p>This licensed Edmonton Oilers jersey has been personally autographed by Grant Fuhr and is guaranteed authentic. Every item we sell is sourced directly from the player, from official signings, from exclusive distributors, or from autographs certified by recognized third-party authenticators. This piece ships with a numbered Certificate of Authenticity and a tamper-proof, uniquely coded hologram, backed by our 100% Authenticity Guarantee.</p>
<p><strong>Sizing:</strong> This jersey comes in size L or XL. As a high-end signed collectible, it's intended for display rather than everyday wear. If you have questions about the size before ordering, contact us at info@autographauthentic.com.</p>
<p><strong>Packaging &amp; shipping:</strong> Handling typically takes 1–5 business days, and orders typically ship within 7 business days. As an autographed collectible, some orders can take a few additional weeks if the piece is being framed, the jersey is being sewn together, or we're waiting on a celebrity signing — we’ll keep you updated if that applies to your order. See our Shipping Policy for full details.</p>
<p>Photos shown are our catalogue images.</p>","<p>This licensed Edmonton Oilers jersey has been personally autographed by Grant Fuhr and is guaranteed authentic. Every item we sell is sourced directly from the player, from official signings, from exclusive distributors, or from autographs certified by recognized third-party authenticators. This piece ships with a numbered Certificate of Authenticity and a tamper-proof, uniquely coded hologram, backed by our 100% Authenticity Guarantee.</p>
<p><strong>Sizing:</strong> This jersey comes in size L or XL. As a high-end signed collectible, it's intended for display rather than everyday wear. If you have questions about the size before ordering, contact us at info@autographauthentic.com.</p>
<p><strong>Packaging &amp; shipping:</strong> Handling typically takes 1 to 5 business days, and orders typically ship within 7 business days. As an autographed collectible, some orders can take a few additional weeks if the piece is being framed, the jersey is being sewn together, or we're waiting on a celebrity signing, we’ll keep you updated if that applies to your order. See our Shipping Policy for full details.</p>
<p>Photos shown are our catalogue images.</p>"
7972011835481,toronto-maple-leafs-multi-signed-home-ccm-jersey-14-signatures-aafc20407,Toronto Maple Leafs Multi-Signed Home CCM Jersey,"<p>This licensed Toronto Maple Leafs home CCM jersey has been multi-signed by 14 current and former Maple Leafs players, and is guaranteed authentic. Every item we sell is sourced directly from the players, from official signings, from exclusive distributors, or from autographs certified by recognized third-party authenticators. This jersey ships with a numbered Certificate of Authenticity and a tamper-proof, uniquely coded hologram, backed by our 100% Authenticity Guarantee.</p>
<p><strong>Sizing:</strong> This jersey comes in size L or XL. As a high-end signed collectible, it's intended for display rather than everyday wear. If you have questions about the size before ordering, contact us at info@autographauthentic.com.</p>
<p><strong>Packaging &amp; shipping:</strong> Handling typically takes 1–5 business days, and orders typically ship within 7 business days. As an autographed collectible, some orders can take a few additional weeks if the piece is being framed, the jersey is being sewn together, or we're waiting on a celebrity signing — we'll keep you updated if that applies to your order. See our Shipping Policy for full details.</p>
<p>Photos shown are our catalogue images.</p>","<p>This licensed Toronto Maple Leafs home CCM jersey has been multi-signed by 14 current and former Maple Leafs players, and is guaranteed authentic. Every item we sell is sourced directly from the players, from official signings, from exclusive distributors, or from autographs certified by recognized third-party authenticators. This jersey ships with a numbered Certificate of Authenticity and a tamper-proof, uniquely coded hologram, backed by our 100% Authenticity Guarantee.</p>
<p><strong>Sizing:</strong> This jersey comes in size L or XL. As a high-end signed collectible, it's intended for display rather than everyday wear. If you have questions about the size before ordering, contact us at info@autographauthentic.com.</p>
<p><strong>Packaging &amp; shipping:</strong> Handling typically takes 1 to 5 business days, and orders typically ship within 7 business days. As an autographed collectible, some orders can take a few additional weeks if the piece is being framed, the jersey is being sewn together, or we're waiting on a celebrity signing, we'll keep you updated if that applies to your order. See our Shipping Policy for full details.</p>
<p>Photos shown are our catalogue images.</p>"
7972011868249,aaron-ekblad-signed-florida-panthers-jersey-aafc20462,Aaron Ekblad Signed Florida Panthers Jersey,"<p>This licensed Florida Panthers jersey has been personally autographed by Aaron Ekblad and is guaranteed authentic. Every item we sell is sourced directly from the player, from official signings, from exclusive distributors, or from autographs certified by recognized third-party authenticators. This piece ships with a numbered Certificate of Authenticity and a tamper-proof, uniquely coded hologram, backed by our 100% Authenticity Guarantee.</p>
<p><strong>Sizing:</strong> This jersey comes in size L or XL. As a high-end signed collectible, it's intended for display rather than everyday wear. If you have questions about the size before ordering, contact us at info@autographauthentic.com.</p>
<p><strong>Packaging &amp; shipping:</strong> Handling typically takes 1–5 business days, and orders typically ship within 7 business days. As an autographed collectible, some orders can take a few additional weeks if the piece is being framed, the jersey is being sewn together, or we're waiting on a celebrity signing — we’ll keep you updated if that applies to your order. See our Shipping Policy for full details.</p>
<p>Photos shown are our catalogue images.</p>","<p>This licensed Florida Panthers jersey has been personally autographed by Aaron Ekblad and is guaranteed authentic. Every item we sell is sourced directly from the player, from official signings, from exclusive distributors, or from autographs certified by recognized third-party authenticators. This piece ships with a numbered Certificate of Authenticity and a tamper-proof, uniquely coded hologram, backed by our 100% Authenticity Guarantee.</p>
<p><strong>Sizing:</strong> This jersey comes in size L or XL. As a high-end signed collectible, it's intended for display rather than everyday wear. If you have questions about the size before ordering, contact us at info@autographauthentic.com.</p>
<p><strong>Packaging &amp; shipping:</strong> Handling typically takes 1 to 5 business days, and orders typically ship within 7 business days. As an autographed collectible, some orders can take a few additional weeks if the piece is being framed, the jersey is being sewn together, or we're waiting on a celebrity signing, we’ll keep you updated if that applies to your order. See our Shipping Policy for full details.</p>
<p>Photos shown are our catalogue images.</p>"
7972011933785,curtis-joseph-signed-toronto-maple-leafs-home-jersey-aafc20490,Curtis Joseph Signed Toronto Maple Leafs Home Jersey,"<p>This licensed Toronto Maple Leafs Home jersey has been personally autographed by Curtis Joseph and is guaranteed authentic. Every item we sell is sourced directly from the player, from official signings, from exclusive distributors, or from autographs certified by recognized third-party authenticators. This piece ships with a numbered Certificate of Authenticity and a tamper-proof, uniquely coded hologram, backed by our 100% Authenticity Guarantee.</p>
<p><strong>Sizing:</strong> This jersey comes in size L or XL. As a high-end signed collectible, it's intended for display rather than everyday wear. If you have questions about the size before ordering, contact us at info@autographauthentic.com.</p>
<p><strong>Packaging &amp; shipping:</strong> Handling typically takes 1–5 business days, and orders typically ship within 7 business days. As an autographed collectible, some orders can take a few additional weeks if the piece is being framed, the jersey is being sewn together, or we're waiting on a celebrity signing — we’ll keep you updated if that applies to your order. See our Shipping Policy for full details.</p>
<p>Photos shown are our catalogue images.</p>","<p>This licensed Toronto Maple Leafs Home jersey has been personally autographed by Curtis Joseph and is guaranteed authentic. Every item we sell is sourced directly from the player, from official signings, from exclusive distributors, or from autographs certified by recognized third-party authenticators. This piece ships with a numbered Certificate of Authenticity and a tamper-proof, uniquely coded hologram, backed by our 100% Authenticity Guarantee.</p>
<p><strong>Sizing:</strong> This jersey comes in size L or XL. As a high-end signed collectible, it's intended for display rather than everyday wear. If you have questions about the size before ordering, contact us at info@autographauthentic.com.</p>
<p><strong>Packaging &amp; shipping:</strong> Handling typically takes 1 to 5 business days, and orders typically ship within 7 business days. As an autographed collectible, some orders can take a few additional weeks if the piece is being framed, the jersey is being sewn together, or we're waiting on a celebrity signing, we’ll keep you updated if that applies to your order. See our Shipping Policy for full details.</p>
<p>Photos shown are our catalogue images.</p>"
7972012064857,nazem-kadri-signed-toronto-maple-leafs-stadium-series-jersey-aafc20850,Nazem Kadri Signed Toronto Maple Leafs Stadium Series Jersey,"<p>This licensed Toronto Maple Leafs jersey has been personally autographed by Nazem Kadri and is guaranteed authentic. Every item we sell is sourced directly from the player, from official signings, from exclusive distributors, or from autographs certified by recognized third-party authenticators. This piece ships with a numbered Certificate of Authenticity and a tamper-proof, uniquely coded hologram, backed by our 100% Authenticity Guarantee.</p>
<p><strong>Sizing:</strong> This jersey comes in size L or XL. As a high-end signed collectible, it's intended for display rather than everyday wear. If you have questions about the size before ordering, contact us at info@autographauthentic.com.</p>
<p><strong>Packaging &amp; shipping:</strong> Handling typically takes 1–5 business days, and orders typically ship within 7 business days. As an autographed collectible, some orders can take a few additional weeks if the piece is being framed, the jersey is being sewn together, or we're waiting on a celebrity signing — we’ll keep you updated if that applies to your order. See our Shipping Policy for full details.</p>
<p>Photos shown are our catalogue images.</p>","<p>This licensed Toronto Maple Leafs jersey has been personally autographed by Nazem Kadri and is guaranteed authentic. Every item we sell is sourced directly from the player, from official signings, from exclusive distributors, or from autographs certified by recognized third-party authenticators. This piece ships with a numbered Certificate of Authenticity and a tamper-proof, uniquely coded hologram, backed by our 100% Authenticity Guarantee.</p>
<p><strong>Sizing:</strong> This jersey comes in size L or XL. As a high-end signed collectible, it's intended for display rather than everyday wear. If you have questions about the size before ordering, contact us at info@autographauthentic.com.</p>
<p><strong>Packaging &amp; shipping:</strong> Handling typically takes 1 to 5 business days, and orders typically ship within 7 business days. As an autographed collectible, some orders can take a few additional weeks if the piece is being framed, the jersey is being sewn together, or we're waiting on a celebrity signing, we’ll keep you updated if that applies to your order. See our Shipping Policy for full details.</p>
<p>Photos shown are our catalogue images.</p>"
7972012097625,mitch-marner-signed-toronto-maple-leafs-arenas-jersey-aafc20851,Mitch Marner Signed Toronto Maple Leafs Arenas Jersey,"<p>This licensed Toronto Maple Leafs jersey has been personally autographed by Mitch Marner and is guaranteed authentic. Every item we sell is sourced directly from the player, from official signings, from exclusive distributors, or from autographs certified by recognized third-party authenticators. This piece ships with a numbered Certificate of Authenticity and a tamper-proof, uniquely coded hologram, backed by our 100% Authenticity Guarantee.</p>
<p><strong>Sizing:</strong> This jersey comes in size L or XL. As a high-end signed collectible, it's intended for display rather than everyday wear. If you have questions about the size before ordering, contact us at info@autographauthentic.com.</p>
<p><strong>Packaging &amp; shipping:</strong> Handling typically takes 1–5 business days, and orders typically ship within 7 business days. As an autographed collectible, some orders can take a few additional weeks if the piece is being framed, the jersey is being sewn together, or we're waiting on a celebrity signing — we’ll keep you updated if that applies to your order. See our Shipping Policy for full details.</p>
<p>Photos shown are our catalogue images.</p>","<p>This licensed Toronto Maple Leafs jersey has been personally autographed by Mitch Marner and is guaranteed authentic. Every item we sell is sourced directly from the player, from official signings, from exclusive distributors, or from autographs certified by recognized third-party authenticators. This piece ships with a numbered Certificate of Authenticity and a tamper-proof, uniquely coded hologram, backed by our 100% Authenticity Guarantee.</p>
<p><strong>Sizing:</strong> This jersey comes in size L or XL. As a high-end signed collectible, it's intended for display rather than everyday wear. If you have questions about the size before ordering, contact us at info@autographauthentic.com.</p>
<p><strong>Packaging &amp; shipping:</strong> Handling typically takes 1 to 5 business days, and orders typically ship within 7 business days. As an autographed collectible, some orders can take a few additional weeks if the piece is being framed, the jersey is being sewn together, or we're waiting on a celebrity signing, we’ll keep you updated if that applies to your order. See our Shipping Policy for full details.</p>
<p>Photos shown are our catalogue images.</p>"
7974843121753,boxing-glove-mike-tyson-right-hand-aacmb33353,Mike Tyson Autographed Right-Hand Boxing Glove,"<p>This boxing glove is hand-signed by the one and only “Iron” Mike Tyson—one of the most feared, electrifying, and iconic heavyweight champions in boxing history. Known for his devastating knockout power, unmatched intensity, and explosive rise to the top, Tyson became the youngest heavyweight champion in history and dominated an unforgettable era of the sport. Add the unmistakable signature of a true boxing legend to your collection and own an incredible piece of heavyweight history. Includes a Certificate of Authenticity and matching hologram.</p> <p>Photos shown are our catalogue images. Autograph placement and appearance may vary slightly from the item shown.</p>","<p>This boxing glove is hand-signed by the one and only “Iron” Mike Tyson, one of the most feared, electrifying, and iconic heavyweight champions in boxing history. Known for his devastating knockout power, unmatched intensity, and explosive rise to the top, Tyson became the youngest heavyweight champion in history and dominated an unforgettable era of the sport. Add the unmistakable signature of a true boxing legend to your collection and own an incredible piece of heavyweight history. Includes a Certificate of Authenticity and matching hologram.</p> <p>Photos shown are our catalogue images. Autograph placement and appearance may vary slightly from the item shown.</p>"
8052467859545,framed-canvas-vladimir-guerrero-jr-alcs-kneeling-toronto-blue-jays-aabcb33456,Vladimir Guerrero Jr. 2025 ALCS Celebration Framed Canvas,"<p>Celebrate the defining moment of Toronto’s return to glory with this stunning framed canvas of Vladimir Guerrero Jr. captured in triumph. Measuring 33.5 by 23.5 inches, this powerful image immortalizes Guerrero Jr. as he drops to his knees in jubilation after Game 7 of the ALCS — when the Blue Jays defeated the Seattle Mariners to advance to the World Series for the first time since 1993. A vivid tribute to heart, passion, and history in the making, this piece is a must-have for every Blue Jays fan and collector.</p><p>Photos shown are our catalogue images.</p>","<p>Celebrate the defining moment of Toronto’s return to glory with this stunning framed canvas of Vladimir Guerrero Jr. captured in triumph. Measuring 33.5 by 23.5 inches, this powerful image immortalizes Guerrero Jr. as he drops to his knees in jubilation after Game 7 of the ALCS, when the Blue Jays defeated the Seattle Mariners to advance to the World Series for the first time since 1993. A vivid tribute to heart, passion, and history in the making, this piece is a must-have for every Blue Jays fan and collector.</p><p>Photos shown are our catalogue images.</p>"
8073927163993,jersey-ovechkin-washington-capitals-white-alternate-aaajh33467,Alexander Ovechkin Signed Capitals 2012 Alternate Jersey,"<p>This licensed Washington Capitals Alternate jersey has been personally autographed by Alexander Ovechkin and is guaranteed authentic. Every item we sell is sourced directly from the player, from official signings, from exclusive distributors, or from autographs certified by recognized third-party authenticators. This piece ships with a numbered Certificate of Authenticity and a tamper-proof, uniquely coded hologram, backed by our 100% Authenticity Guarantee.</p>
<p><strong>Sizing:</strong> This jersey comes in size L or XL. As a high-end signed collectible, it's intended for display rather than everyday wear. If you have questions about the size before ordering, contact us at info@autographauthentic.com.</p>
<p><strong>Packaging &amp; shipping:</strong> Handling typically takes 1–5 business days, and orders typically ship within 7 business days. As an autographed collectible, some orders can take a few additional weeks if the piece is being framed, the jersey is being sewn together, or we're waiting on a celebrity signing — we’ll keep you updated if that applies to your order. See our Shipping Policy for full details.</p>
<p>Photos shown are our catalogue images.</p>","<p>This licensed Washington Capitals Alternate jersey has been personally autographed by Alexander Ovechkin and is guaranteed authentic. Every item we sell is sourced directly from the player, from official signings, from exclusive distributors, or from autographs certified by recognized third-party authenticators. This piece ships with a numbered Certificate of Authenticity and a tamper-proof, uniquely coded hologram, backed by our 100% Authenticity Guarantee.</p>
<p><strong>Sizing:</strong> This jersey comes in size L or XL. As a high-end signed collectible, it's intended for display rather than everyday wear. If you have questions about the size before ordering, contact us at info@autographauthentic.com.</p>
<p><strong>Packaging &amp; shipping:</strong> Handling typically takes 1 to 5 business days, and orders typically ship within 7 business days. As an autographed collectible, some orders can take a few additional weeks if the piece is being framed, the jersey is being sewn together, or we're waiting on a celebrity signing, we’ll keep you updated if that applies to your order. See our Shipping Policy for full details.</p>
<p>Photos shown are our catalogue images.</p>"
8090990051417,jersey-marner-las-vegas-golden-knights-aaajh33423,Mitch Marner Autographed Las Vegas Golden Knights Jersey,"<p>This licensed Vegas Golden Knights jersey has been personally autographed by Mitch Marner and is guaranteed authentic. Every item we sell is sourced directly from the player, from official signings, from exclusive distributors, or from autographs certified by recognized third-party authenticators. This piece ships with a numbered Certificate of Authenticity and a tamper-proof, uniquely coded hologram, backed by our 100% Authenticity Guarantee.</p>
<p><strong>Sizing:</strong> This jersey comes in size L or XL. As a high-end signed collectible, it's intended for display rather than everyday wear. If you have questions about the size before ordering, contact us at info@autographauthentic.com.</p>
<p><strong>Packaging &amp; shipping:</strong> Handling typically takes 1–5 business days, and orders typically ship within 7 business days. As an autographed collectible, some orders can take a few additional weeks if the piece is being framed, the jersey is being sewn together, or we're waiting on a celebrity signing — we’ll keep you updated if that applies to your order. See our Shipping Policy for full details.</p>
<p>Photos shown are our catalogue images.</p>","<p>This licensed Vegas Golden Knights jersey has been personally autographed by Mitch Marner and is guaranteed authentic. Every item we sell is sourced directly from the player, from official signings, from exclusive distributors, or from autographs certified by recognized third-party authenticators. This piece ships with a numbered Certificate of Authenticity and a tamper-proof, uniquely coded hologram, backed by our 100% Authenticity Guarantee.</p>
<p><strong>Sizing:</strong> This jersey comes in size L or XL. As a high-end signed collectible, it's intended for display rather than everyday wear. If you have questions about the size before ordering, contact us at info@autographauthentic.com.</p>
<p><strong>Packaging &amp; shipping:</strong> Handling typically takes 1 to 5 business days, and orders typically ship within 7 business days. As an autographed collectible, some orders can take a few additional weeks if the piece is being framed, the jersey is being sewn together, or we're waiting on a celebrity signing, we’ll keep you updated if that applies to your order. See our Shipping Policy for full details.</p>
<p>Photos shown are our catalogue images.</p>"
8098267758681,collectors-crate-series-6-comics-20-aacmc33477,Collector's Crate Mystery Box - Comic Book Series 6 /20,"<p>Dive into the world of blockbuster comics and iconic card collectibles with the Collector’s Crate – Comic Book Series 6. Limited to just 20 crates, this edition celebrates the thrill of graded cards, classic storylines, and high-value chases from Marvel, Star Wars, and Garbage Pail Kids. Each crate is carefully curated to give collectors the perfect blend of nostalgia, rarity, and excitement as they hunt for the ultimate pulls.</p>
<p>Whether you're expanding your collection or chasing your next big hit, this limited-edition crate delivers the authentic, investment-grade experience Autograph Authentic is known for.</p>
<p>Unseal the mystery and uncover incredible finds inside every crate.</p>
<ul>
<li>
<strong>3 Comic Book Chases!</strong>
<ul>
<li>Amazing Spider-Man #11 - valued at $2000</li>
<li>Amazing Spider-Man #31 – worth $700</li>
<li>Amazing Spider-Man #61 a DNA collection pedigree book – $600 value.</li>
<li>There is a minimum of one graded ASM comic in every crate! </li>
</ul>
</li>
<li>
<strong>Guaranteed Graded Cards. Every crate includes two graded cards featuring:</strong>
<ul>
<li>Garbage Pail Kids Series 1</li>
<li>Star Wars Return of the Jedi Series 1. </li>
</ul>
</li>
<li>
<strong>Stan Lee Signed Photos!</strong>
<ul>
<li>Some crates include authentic Stan Lee autographed photos</li>
<li>Each accompanied by tamper-proof holograms and COAs</li>
</ul>
</li>
<li>
<strong>Bonus Pulls!</strong>
<ul>
<li>Guaranteed one non-graded card</li>
<li>Plus the chance for additional raw hits, collectibles, toys, and surprise items. </li>
</ul>
</li>
<li>
<strong>Elite Card Mix:</strong>
<ul>
<li>Garbage Pail Kids</li>
<li>Star Wars classics</li>
<li>Marvel favorites, and more</li>
<li>Each with strong collector demand and long-term value. </li>
</ul>
</li>
<li>
<strong>Premium Experience:</strong>
<ul>
<li>Items are hand-selected for quality, condition, and collector appeal. <br>
</li>
</ul>
</li>
</ul>
<p><em>Mystery Product Policy: Due to the nature of Collector’s Crates, no returns, refunds, or exchanges are accepted.</em></p>
<p>Order your Comic Collector’s Crate – Series 6 today. Only 20 boxes exist — once they’re gone, they’re gone.</p>
<p>Photos shown are our catalogue images.</p>","<p>Dive into the world of blockbuster comics and iconic card collectibles with the Collector’s Crate, Comic Book Series 6. Limited to just 20 crates, this edition celebrates the thrill of graded cards, classic storylines, and high-value chases from Marvel, Star Wars, and Garbage Pail Kids. Each crate is carefully curated to give collectors the perfect blend of nostalgia, rarity, and excitement as they hunt for the ultimate pulls.</p>
<p>Whether you're expanding your collection or chasing your next big hit, this limited-edition crate delivers the authentic, investment-grade experience Autograph Authentic is known for.</p>
<p>Unseal the mystery and uncover incredible finds inside every crate.</p>
<ul>
<li>
<strong>3 Comic Book Chases!</strong>
<ul>
<li>Amazing Spider-Man #11 - valued at $2000</li>
<li>Amazing Spider-Man #31, worth $700</li>
<li>Amazing Spider-Man #61 a DNA collection pedigree book, $600 value.</li>
<li>There is a minimum of one graded ASM comic in every crate! </li>
</ul>
</li>
<li>
<strong>Guaranteed Graded Cards. Every crate includes two graded cards featuring:</strong>
<ul>
<li>Garbage Pail Kids Series 1</li>
<li>Star Wars Return of the Jedi Series 1. </li>
</ul>
</li>
<li>
<strong>Stan Lee Signed Photos!</strong>
<ul>
<li>Some crates include authentic Stan Lee autographed photos</li>
<li>Each accompanied by tamper-proof holograms and COAs</li>
</ul>
</li>
<li>
<strong>Bonus Pulls!</strong>
<ul>
<li>Guaranteed one non-graded card</li>
<li>Plus the chance for additional raw hits, collectibles, toys, and surprise items. </li>
</ul>
</li>
<li>
<strong>Elite Card Mix:</strong>
<ul>
<li>Garbage Pail Kids</li>
<li>Star Wars classics</li>
<li>Marvel favorites, and more</li>
<li>Each with strong collector demand and long-term value. </li>
</ul>
</li>
<li>
<strong>Premium Experience:</strong>
<ul>
<li>Items are hand-selected for quality, condition, and collector appeal. <br>
</li>
</ul>
</li>
</ul>
<p><em>Mystery Product Policy: Due to the nature of Collector’s Crates, no returns, refunds, or exchanges are accepted.</em></p>
<p>Order your Comic Collector’s Crate, Series 6 today. Only 20 boxes exist, once they’re gone, they’re gone.</p>
<p>Photos shown are our catalogue images.</p>"
8182527328345,framed-shorts-muhammad-ali-autographed-limited-edition-gold-aapcb33493,Muhammad Ali Signed Boxing Shorts 40x40 Gold Frame,"<p>This extraordinary 40"" x 40"" Muhammad Ali autographed boxing shorts display is presented in a luxury gold shadowbox frame with a timeless sepia-toned career collage. The warm vintage aesthetic highlights iconic moments from Ali’s legendary boxing career, surrounding the authentic signed shorts with museum-style elegance and historical depth. Designed as a premium centerpiece, this oversized presentation commands attention in executive offices, high-end homes, or elite sports memorabilia collections.  </p><p> The deep shadowbox construction creates dimensional impact while archival mounting materials preserve both the fabric and autograph. The gold frame enhances the classic sepia imagery, delivering a sophisticated tribute to one of the most influential athletes in history. Every element of this display has been professionally crafted for a high-end, gallery-quality presentation.  </p><p> This is a true one-of-one collectible. Only a single gold sepia version is being produced, ensuring complete exclusivity. It comes with a Certificate of Authenticity guaranteeing the autograph and confirming that this display is the only one produced. This rare presentation offers both visual prestige and long-term collectible significance. </p><p> Key Features: <br>• Authentic autographed Muhammad Ali boxing shorts <br>• Massive 40"" x 40"" luxury gold shadowbox frame <br>• Vintage sepia career tribute collage background <br>• Museum-quality archival mounting and construction <br>• One-of-a-kind production - only one created <br>• Certificate of Authenticity guaranteeing the autograph <br>• COA confirms this is the only one produced <br>• Investment-grade collector centerpiece</p><p>Photos shown are our catalogue images.</p>","<p>This extraordinary 40"" x 40"" Muhammad Ali autographed boxing shorts display is presented in a luxury gold shadowbox frame with a timeless sepia-toned career collage. The warm vintage aesthetic highlights iconic moments from Ali’s legendary boxing career, surrounding the authentic signed shorts with museum-style elegance and historical depth. Designed as a premium centerpiece, this oversized presentation commands attention in executive offices, high-end homes, or elite sports memorabilia collections. </p><p> The deep shadowbox construction creates dimensional impact while archival mounting materials preserve both the fabric and autograph. The gold frame enhances the classic sepia imagery, delivering a sophisticated tribute to one of the most influential athletes in history. Every element of this display has been professionally crafted for a high-end, gallery-quality presentation. </p><p> This is a true one-of-one collectible. Only a single gold sepia version is being produced, ensuring complete exclusivity. It comes with a Certificate of Authenticity guaranteeing the autograph and confirming that this display is the only one produced. This rare presentation offers both visual prestige and long-term collectible significance. </p><p> Key Features: <br>• Authentic autographed Muhammad Ali boxing shorts <br>• Massive 40"" x 40"" luxury gold shadowbox frame <br>• Vintage sepia career tribute collage background <br>• Museum-quality archival mounting and construction <br>• One-of-a-kind production - only one created <br>• Certificate of Authenticity guaranteeing the autograph <br>• COA confirms this is the only one produced <br>• Investment-grade collector centerpiece</p><p>Photos shown are our catalogue images.</p>"
8200586297433,ray-bourque-signed-boston-white-fntcs-jersey,Ray Bourque Signed Boston Bruins White Fanatics Jersey,"<p>This licensed Boston Bruins White jersey has been personally autographed by Ray Bourque and is guaranteed authentic. Every item we sell is sourced directly from the player, from official signings, from exclusive distributors, or from autographs certified by recognized third-party authenticators. This piece ships with a numbered Certificate of Authenticity and a tamper-proof, uniquely coded hologram, backed by our 100% Authenticity Guarantee.</p>
<p><strong>Sizing:</strong> This jersey comes in size L or XL. As a high-end signed collectible, it's intended for display rather than everyday wear. If you have questions about the size before ordering, contact us at info@autographauthentic.com.</p>
<p><strong>Packaging &amp; shipping:</strong> Handling typically takes 1–5 business days, and orders typically ship within 7 business days. As an autographed collectible, some orders can take a few additional weeks if the piece is being framed, the jersey is being sewn together, or we're waiting on a celebrity signing — we’ll keep you updated if that applies to your order. See our Shipping Policy for full details.</p>
<p>Photos shown are our catalogue images.</p>","<p>This licensed Boston Bruins White jersey has been personally autographed by Ray Bourque and is guaranteed authentic. Every item we sell is sourced directly from the player, from official signings, from exclusive distributors, or from autographs certified by recognized third-party authenticators. This piece ships with a numbered Certificate of Authenticity and a tamper-proof, uniquely coded hologram, backed by our 100% Authenticity Guarantee.</p>
<p><strong>Sizing:</strong> This jersey comes in size L or XL. As a high-end signed collectible, it's intended for display rather than everyday wear. If you have questions about the size before ordering, contact us at info@autographauthentic.com.</p>
<p><strong>Packaging &amp; shipping:</strong> Handling typically takes 1 to 5 business days, and orders typically ship within 7 business days. As an autographed collectible, some orders can take a few additional weeks if the piece is being framed, the jersey is being sewn together, or we're waiting on a celebrity signing, we’ll keep you updated if that applies to your order. See our Shipping Policy for full details.</p>
<p>Photos shown are our catalogue images.</p>"
8200586985561,marcel-dionne-detroit-signed-retro-fntcs-jersey,Marcel Dionne Detroit Red Wings Signed Retro Fanatics Jersey,"<p>This licensed Detroit Red Wings jersey has been personally autographed by Marcel Dionne and is guaranteed authentic. Every item we sell is sourced directly from the player, from official signings, from exclusive distributors, or from autographs certified by recognized third-party authenticators. This piece ships with a numbered Certificate of Authenticity and a tamper-proof, uniquely coded hologram, backed by our 100% Authenticity Guarantee.</p>
<p><strong>Sizing:</strong> This jersey comes in size L or XL. As a high-end signed collectible, it's intended for display rather than everyday wear. If you have questions about the size before ordering, contact us at info@autographauthentic.com.</p>
<p><strong>Packaging &amp; shipping:</strong> Handling typically takes 1–5 business days, and orders typically ship within 7 business days. As an autographed collectible, some orders can take a few additional weeks if the piece is being framed, the jersey is being sewn together, or we're waiting on a celebrity signing — we’ll keep you updated if that applies to your order. See our Shipping Policy for full details.</p>
<p>Photos shown are our catalogue images.</p>","<p>This licensed Detroit Red Wings jersey has been personally autographed by Marcel Dionne and is guaranteed authentic. Every item we sell is sourced directly from the player, from official signings, from exclusive distributors, or from autographs certified by recognized third-party authenticators. This piece ships with a numbered Certificate of Authenticity and a tamper-proof, uniquely coded hologram, backed by our 100% Authenticity Guarantee.</p>
<p><strong>Sizing:</strong> This jersey comes in size L or XL. As a high-end signed collectible, it's intended for display rather than everyday wear. If you have questions about the size before ordering, contact us at info@autographauthentic.com.</p>
<p><strong>Packaging &amp; shipping:</strong> Handling typically takes 1 to 5 business days, and orders typically ship within 7 business days. As an autographed collectible, some orders can take a few additional weeks if the piece is being framed, the jersey is being sewn together, or we're waiting on a celebrity signing, we’ll keep you updated if that applies to your order. See our Shipping Policy for full details.</p>
<p>Photos shown are our catalogue images.</p>"
8200587018329,luc-robitaille-autographed-detroit-hockey-retro-fntcs-jersey,Luc Robitaille Autographed Detroit Red Wings Retro Jersey,"<p>This licensed Detroit Red Wings jersey has been personally autographed by Luc Robitaille and is guaranteed authentic. Every item we sell is sourced directly from the player, from official signings, from exclusive distributors, or from autographs certified by recognized third-party authenticators. This piece ships with a numbered Certificate of Authenticity and a tamper-proof, uniquely coded hologram, backed by our 100% Authenticity Guarantee.</p>
<p><strong>Sizing:</strong> This jersey comes in size L or XL. As a high-end signed collectible, it's intended for display rather than everyday wear. If you have questions about the size before ordering, contact us at info@autographauthentic.com.</p>
<p><strong>Packaging &amp; shipping:</strong> Handling typically takes 1–5 business days, and orders typically ship within 7 business days. As an autographed collectible, some orders can take a few additional weeks if the piece is being framed, the jersey is being sewn together, or we're waiting on a celebrity signing — we’ll keep you updated if that applies to your order. See our Shipping Policy for full details.</p>
<p>Photos shown are our catalogue images.</p>","<p>This licensed Detroit Red Wings jersey has been personally autographed by Luc Robitaille and is guaranteed authentic. Every item we sell is sourced directly from the player, from official signings, from exclusive distributors, or from autographs certified by recognized third-party authenticators. This piece ships with a numbered Certificate of Authenticity and a tamper-proof, uniquely coded hologram, backed by our 100% Authenticity Guarantee.</p>
<p><strong>Sizing:</strong> This jersey comes in size L or XL. As a high-end signed collectible, it's intended for display rather than everyday wear. If you have questions about the size before ordering, contact us at info@autographauthentic.com.</p>
<p><strong>Packaging &amp; shipping:</strong> Handling typically takes 1 to 5 business days, and orders typically ship within 7 business days. As an autographed collectible, some orders can take a few additional weeks if the piece is being framed, the jersey is being sewn together, or we're waiting on a celebrity signing, we’ll keep you updated if that applies to your order. See our Shipping Policy for full details.</p>
<p>Photos shown are our catalogue images.</p>"
8200587116633,paul-coffey-detroit-signed-retro-fntcs-jersey,Paul Coffey Detroit Red Wings Signed Retro Fanatics Jersey,"<p>This licensed Detroit Red Wings jersey has been personally autographed by Paul Coffey and is guaranteed authentic. Every item we sell is sourced directly from the player, from official signings, from exclusive distributors, or from autographs certified by recognized third-party authenticators. This piece ships with a numbered Certificate of Authenticity and a tamper-proof, uniquely coded hologram, backed by our 100% Authenticity Guarantee.</p>
<p><strong>Sizing:</strong> This jersey comes in size L or XL. As a high-end signed collectible, it's intended for display rather than everyday wear. If you have questions about the size before ordering, contact us at info@autographauthentic.com.</p>
<p><strong>Packaging &amp; shipping:</strong> Handling typically takes 1–5 business days, and orders typically ship within 7 business days. As an autographed collectible, some orders can take a few additional weeks if the piece is being framed, the jersey is being sewn together, or we're waiting on a celebrity signing — we’ll keep you updated if that applies to your order. See our Shipping Policy for full details.</p>
<p>Photos shown are our catalogue images.</p>","<p>This licensed Detroit Red Wings jersey has been personally autographed by Paul Coffey and is guaranteed authentic. Every item we sell is sourced directly from the player, from official signings, from exclusive distributors, or from autographs certified by recognized third-party authenticators. This piece ships with a numbered Certificate of Authenticity and a tamper-proof, uniquely coded hologram, backed by our 100% Authenticity Guarantee.</p>
<p><strong>Sizing:</strong> This jersey comes in size L or XL. As a high-end signed collectible, it's intended for display rather than everyday wear. If you have questions about the size before ordering, contact us at info@autographauthentic.com.</p>
<p><strong>Packaging &amp; shipping:</strong> Handling typically takes 1 to 5 business days, and orders typically ship within 7 business days. As an autographed collectible, some orders can take a few additional weeks if the piece is being framed, the jersey is being sewn together, or we're waiting on a celebrity signing, we’ll keep you updated if that applies to your order. See our Shipping Policy for full details.</p>
<p>Photos shown are our catalogue images.</p>"
8200587149401,tyler-seguin-dallas-autographed-rbk-jersey,Tyler Seguin Dallas Stars Autographed Reebok Jersey,"<p>This licensed Dallas Stars jersey has been personally autographed by Tyler Seguin and is guaranteed authentic. Every item we sell is sourced directly from the player, from official signings, from exclusive distributors, or from autographs certified by recognized third-party authenticators. This piece ships with a numbered Certificate of Authenticity and a tamper-proof, uniquely coded hologram, backed by our 100% Authenticity Guarantee.</p>
<p><strong>Sizing:</strong> This jersey comes in size L or XL. As a high-end signed collectible, it's intended for display rather than everyday wear. If you have questions about the size before ordering, contact us at info@autographauthentic.com.</p>
<p><strong>Packaging &amp; shipping:</strong> Handling typically takes 1–5 business days, and orders typically ship within 7 business days. As an autographed collectible, some orders can take a few additional weeks if the piece is being framed, the jersey is being sewn together, or we're waiting on a celebrity signing — we’ll keep you updated if that applies to your order. See our Shipping Policy for full details.</p>
<p>Photos shown are our catalogue images.</p>","<p>This licensed Dallas Stars jersey has been personally autographed by Tyler Seguin and is guaranteed authentic. Every item we sell is sourced directly from the player, from official signings, from exclusive distributors, or from autographs certified by recognized third-party authenticators. This piece ships with a numbered Certificate of Authenticity and a tamper-proof, uniquely coded hologram, backed by our 100% Authenticity Guarantee.</p>
<p><strong>Sizing:</strong> This jersey comes in size L or XL. As a high-end signed collectible, it's intended for display rather than everyday wear. If you have questions about the size before ordering, contact us at info@autographauthentic.com.</p>
<p><strong>Packaging &amp; shipping:</strong> Handling typically takes 1 to 5 business days, and orders typically ship within 7 business days. As an autographed collectible, some orders can take a few additional weeks if the piece is being framed, the jersey is being sewn together, or we're waiting on a celebrity signing, we’ll keep you updated if that applies to your order. See our Shipping Policy for full details.</p>
<p>Photos shown are our catalogue images.</p>"
8200587214937,esa-tikkanen-edmonton-signed-retro-fntcs-jersey,Esa Tikkanen Edmonton Oilers Signed Retro Fanatics Jersey,"<p>This licensed Edmonton Oilers jersey has been personally autographed by Esa Tikkanen and is guaranteed authentic. Every item we sell is sourced directly from the player, from official signings, from exclusive distributors, or from autographs certified by recognized third-party authenticators. This piece ships with a numbered Certificate of Authenticity and a tamper-proof, uniquely coded hologram, backed by our 100% Authenticity Guarantee.</p>
<p><strong>Sizing:</strong> This jersey comes in size L or XL. As a high-end signed collectible, it's intended for display rather than everyday wear. If you have questions about the size before ordering, contact us at info@autographauthentic.com.</p>
<p><strong>Packaging &amp; shipping:</strong> Handling typically takes 1–5 business days, and orders typically ship within 7 business days. As an autographed collectible, some orders can take a few additional weeks if the piece is being framed, the jersey is being sewn together, or we're waiting on a celebrity signing — we’ll keep you updated if that applies to your order. See our Shipping Policy for full details.</p>
<p>Photos shown are our catalogue images.</p>","<p>This licensed Edmonton Oilers jersey has been personally autographed by Esa Tikkanen and is guaranteed authentic. Every item we sell is sourced directly from the player, from official signings, from exclusive distributors, or from autographs certified by recognized third-party authenticators. This piece ships with a numbered Certificate of Authenticity and a tamper-proof, uniquely coded hologram, backed by our 100% Authenticity Guarantee.</p>
<p><strong>Sizing:</strong> This jersey comes in size L or XL. As a high-end signed collectible, it's intended for display rather than everyday wear. If you have questions about the size before ordering, contact us at info@autographauthentic.com.</p>
<p><strong>Packaging &amp; shipping:</strong> Handling typically takes 1 to 5 business days, and orders typically ship within 7 business days. As an autographed collectible, some orders can take a few additional weeks if the piece is being framed, the jersey is being sewn together, or we're waiting on a celebrity signing, we’ll keep you updated if that applies to your order. See our Shipping Policy for full details.</p>
<p>Photos shown are our catalogue images.</p>"
8200587247705,grant-fuhr-autographed-edmonton-36x44-framed-jersey-display,Grant Fuhr Signed Edmonton Oilers 36x44 Jersey Frame,"<p>This licensed Edmonton Oilers jersey display piece has been personally autographed by Grant Fuhr and is guaranteed authentic. Every item we sell is sourced directly from the player, from official signings, from exclusive distributors, or from autographs certified by recognized third-party authenticators. This piece ships with a numbered Certificate of Authenticity and a tamper-proof, uniquely coded hologram, backed by our 100% Authenticity Guarantee.</p>
<p><strong>Packaging &amp; shipping:</strong> Handling typically takes 1–5 business days, and orders typically ship within 7 business days. As an autographed collectible, some orders can take a few additional weeks if the piece is being framed, the jersey is being sewn together, or we're waiting on a celebrity signing — we’ll keep you updated if that applies to your order. See our Shipping Policy for full details.</p>
<p>Photos shown are our catalogue images.</p>
<p><strong>Framed size:</strong> 36"" x 44""</p>","<p>This licensed Edmonton Oilers jersey display piece has been personally autographed by Grant Fuhr and is guaranteed authentic. Every item we sell is sourced directly from the player, from official signings, from exclusive distributors, or from autographs certified by recognized third-party authenticators. This piece ships with a numbered Certificate of Authenticity and a tamper-proof, uniquely coded hologram, backed by our 100% Authenticity Guarantee.</p>
<p><strong>Packaging &amp; shipping:</strong> Handling typically takes 1 to 5 business days, and orders typically ship within 7 business days. As an autographed collectible, some orders can take a few additional weeks if the piece is being framed, the jersey is being sewn together, or we're waiting on a celebrity signing, we’ll keep you updated if that applies to your order. See our Shipping Policy for full details.</p>
<p>Photos shown are our catalogue images.</p>
<p><strong>Framed size:</strong> 36"" x 44""</p>"
8200587313241,paul-coffey-autographed-edmonton-36x44-framed-jersey-display,Paul Coffey Signed Edmonton Oilers 36x44 Jersey Frame,"<p>This licensed Edmonton Oilers jersey display piece has been personally autographed by Paul Coffey and is guaranteed authentic. Every item we sell is sourced directly from the player, from official signings, from exclusive distributors, or from autographs certified by recognized third-party authenticators. This piece ships with a numbered Certificate of Authenticity and a tamper-proof, uniquely coded hologram, backed by our 100% Authenticity Guarantee.</p>
<p><strong>Packaging &amp; shipping:</strong> Handling typically takes 1–5 business days, and orders typically ship within 7 business days. As an autographed collectible, some orders can take a few additional weeks if the piece is being framed, the jersey is being sewn together, or we're waiting on a celebrity signing — we’ll keep you updated if that applies to your order. See our Shipping Policy for full details.</p>
<p>Photos shown are our catalogue images.</p>
<p><strong>Framed size:</strong> 36"" x 44""</p>","<p>This licensed Edmonton Oilers jersey display piece has been personally autographed by Paul Coffey and is guaranteed authentic. Every item we sell is sourced directly from the player, from official signings, from exclusive distributors, or from autographs certified by recognized third-party authenticators. This piece ships with a numbered Certificate of Authenticity and a tamper-proof, uniquely coded hologram, backed by our 100% Authenticity Guarantee.</p>
<p><strong>Packaging &amp; shipping:</strong> Handling typically takes 1 to 5 business days, and orders typically ship within 7 business days. As an autographed collectible, some orders can take a few additional weeks if the piece is being framed, the jersey is being sewn together, or we're waiting on a celebrity signing, we’ll keep you updated if that applies to your order. See our Shipping Policy for full details.</p>
<p>Photos shown are our catalogue images.</p>
<p><strong>Framed size:</strong> 36"" x 44""</p>"
8200587346009,dave-keon-hartford-signed-last-game-fntcs-retro-jersey,Dave Keon Hartford Whalers Signed Last Game Fanatics Jersey,"<p>This licensed Hartford Whalers jersey has been personally autographed by Dave Keon and is guaranteed authentic. Every item we sell is sourced directly from the player, from official signings, from exclusive distributors, or from autographs certified by recognized third-party authenticators. This piece ships with a numbered Certificate of Authenticity and a tamper-proof, uniquely coded hologram, backed by our 100% Authenticity Guarantee.</p>
<p><strong>Sizing:</strong> This jersey comes in size L or XL. As a high-end signed collectible, it's intended for display rather than everyday wear. If you have questions about the size before ordering, contact us at info@autographauthentic.com.</p>
<p><strong>Packaging &amp; shipping:</strong> Handling typically takes 1–5 business days, and orders typically ship within 7 business days. As an autographed collectible, some orders can take a few additional weeks if the piece is being framed, the jersey is being sewn together, or we're waiting on a celebrity signing — we’ll keep you updated if that applies to your order. See our Shipping Policy for full details.</p>
<p>Photos shown are our catalogue images.</p>","<p>This licensed Hartford Whalers jersey has been personally autographed by Dave Keon and is guaranteed authentic. Every item we sell is sourced directly from the player, from official signings, from exclusive distributors, or from autographs certified by recognized third-party authenticators. This piece ships with a numbered Certificate of Authenticity and a tamper-proof, uniquely coded hologram, backed by our 100% Authenticity Guarantee.</p>
<p><strong>Sizing:</strong> This jersey comes in size L or XL. As a high-end signed collectible, it's intended for display rather than everyday wear. If you have questions about the size before ordering, contact us at info@autographauthentic.com.</p>
<p><strong>Packaging &amp; shipping:</strong> Handling typically takes 1 to 5 business days, and orders typically ship within 7 business days. As an autographed collectible, some orders can take a few additional weeks if the piece is being framed, the jersey is being sewn together, or we're waiting on a celebrity signing, we’ll keep you updated if that applies to your order. See our Shipping Policy for full details.</p>
<p>Photos shown are our catalogue images.</p>"
8200587411545,paul-coffey-los-angeles-signed-retro-fntcs-jersey,Paul Coffey Los Angeles Kings Signed Retro Fanatics Jersey,"<p>This licensed Los Angeles Kings jersey has been personally autographed by Paul Coffey and is guaranteed authentic. Every item we sell is sourced directly from the player, from official signings, from exclusive distributors, or from autographs certified by recognized third-party authenticators. This piece ships with a numbered Certificate of Authenticity and a tamper-proof, uniquely coded hologram, backed by our 100% Authenticity Guarantee.</p>
<p><strong>Sizing:</strong> This jersey comes in size L or XL. As a high-end signed collectible, it's intended for display rather than everyday wear. If you have questions about the size before ordering, contact us at info@autographauthentic.com.</p>
<p><strong>Packaging &amp; shipping:</strong> Handling typically takes 1–5 business days, and orders typically ship within 7 business days. As an autographed collectible, some orders can take a few additional weeks if the piece is being framed, the jersey is being sewn together, or we're waiting on a celebrity signing — we’ll keep you updated if that applies to your order. See our Shipping Policy for full details.</p>
<p>Photos shown are our catalogue images.</p>","<p>This licensed Los Angeles Kings jersey has been personally autographed by Paul Coffey and is guaranteed authentic. Every item we sell is sourced directly from the player, from official signings, from exclusive distributors, or from autographs certified by recognized third-party authenticators. This piece ships with a numbered Certificate of Authenticity and a tamper-proof, uniquely coded hologram, backed by our 100% Authenticity Guarantee.</p>
<p><strong>Sizing:</strong> This jersey comes in size L or XL. As a high-end signed collectible, it's intended for display rather than everyday wear. If you have questions about the size before ordering, contact us at info@autographauthentic.com.</p>
<p><strong>Packaging &amp; shipping:</strong> Handling typically takes 1 to 5 business days, and orders typically ship within 7 business days. As an autographed collectible, some orders can take a few additional weeks if the piece is being framed, the jersey is being sewn together, or we're waiting on a celebrity signing, we’ll keep you updated if that applies to your order. See our Shipping Policy for full details.</p>
<p>Photos shown are our catalogue images.</p>"
8200587477081,jonathan-quick-signed-la-kings-2012-conn-smythe-rbk-jersey,Jonathan Quick Signed LA Kings 2012 Conn Smythe Jersey,"<p>This licensed Los Angeles Kings jersey has been personally autographed by Jonathan Quick and is guaranteed authentic. Every item we sell is sourced directly from the player, from official signings, from exclusive distributors, or from autographs certified by recognized third-party authenticators. This piece ships with a numbered Certificate of Authenticity and a tamper-proof, uniquely coded hologram, backed by our 100% Authenticity Guarantee.</p>
<p><strong>Sizing:</strong> This jersey comes in size L or XL. As a high-end signed collectible, it's intended for display rather than everyday wear. If you have questions about the size before ordering, contact us at info@autographauthentic.com.</p>
<p><strong>Packaging &amp; shipping:</strong> Handling typically takes 1–5 business days, and orders typically ship within 7 business days. As an autographed collectible, some orders can take a few additional weeks if the piece is being framed, the jersey is being sewn together, or we're waiting on a celebrity signing — we’ll keep you updated if that applies to your order. See our Shipping Policy for full details.</p>
<p>Photos shown are our catalogue images.</p>","<p>This licensed Los Angeles Kings jersey has been personally autographed by Jonathan Quick and is guaranteed authentic. Every item we sell is sourced directly from the player, from official signings, from exclusive distributors, or from autographs certified by recognized third-party authenticators. This piece ships with a numbered Certificate of Authenticity and a tamper-proof, uniquely coded hologram, backed by our 100% Authenticity Guarantee.</p>
<p><strong>Sizing:</strong> This jersey comes in size L or XL. As a high-end signed collectible, it's intended for display rather than everyday wear. If you have questions about the size before ordering, contact us at info@autographauthentic.com.</p>
<p><strong>Packaging &amp; shipping:</strong> Handling typically takes 1 to 5 business days, and orders typically ship within 7 business days. As an autographed collectible, some orders can take a few additional weeks if the piece is being framed, the jersey is being sewn together, or we're waiting on a celebrity signing, we’ll keep you updated if that applies to your order. See our Shipping Policy for full details.</p>
<p>Photos shown are our catalogue images.</p>"
8200587509849,mats-naslund-autographed-montreal-fntcs-jersey,Mats Naslund Autographed Montreal Canadiens Fanatics Jersey,"<p>This licensed Montreal Canadiens jersey has been personally autographed by Mats Naslund and is guaranteed authentic. Every item we sell is sourced directly from the player, from official signings, from exclusive distributors, or from autographs certified by recognized third-party authenticators. This piece ships with a numbered Certificate of Authenticity and a tamper-proof, uniquely coded hologram, backed by our 100% Authenticity Guarantee.</p>
<p><strong>Sizing:</strong> This jersey comes in size L or XL. As a high-end signed collectible, it's intended for display rather than everyday wear. If you have questions about the size before ordering, contact us at info@autographauthentic.com.</p>
<p><strong>Packaging &amp; shipping:</strong> Handling typically takes 1–5 business days, and orders typically ship within 7 business days. As an autographed collectible, some orders can take a few additional weeks if the piece is being framed, the jersey is being sewn together, or we're waiting on a celebrity signing — we’ll keep you updated if that applies to your order. See our Shipping Policy for full details.</p>
<p>Photos shown are our catalogue images.</p>","<p>This licensed Montreal Canadiens jersey has been personally autographed by Mats Naslund and is guaranteed authentic. Every item we sell is sourced directly from the player, from official signings, from exclusive distributors, or from autographs certified by recognized third-party authenticators. This piece ships with a numbered Certificate of Authenticity and a tamper-proof, uniquely coded hologram, backed by our 100% Authenticity Guarantee.</p>
<p><strong>Sizing:</strong> This jersey comes in size L or XL. As a high-end signed collectible, it's intended for display rather than everyday wear. If you have questions about the size before ordering, contact us at info@autographauthentic.com.</p>
<p><strong>Packaging &amp; shipping:</strong> Handling typically takes 1 to 5 business days, and orders typically ship within 7 business days. As an autographed collectible, some orders can take a few additional weeks if the piece is being framed, the jersey is being sewn together, or we're waiting on a celebrity signing, we’ll keep you updated if that applies to your order. See our Shipping Policy for full details.</p>
<p>Photos shown are our catalogue images.</p>"
8200587575385,steve-shutt-autographed-montreal-hockey-fntcs-jersey,Steve Shutt Autographed Montreal Canadiens Fanatics Jersey,"<p>This licensed Montreal Canadiens jersey has been personally autographed by Steve Shutt and is guaranteed authentic. Every item we sell is sourced directly from the player, from official signings, from exclusive distributors, or from autographs certified by recognized third-party authenticators. This piece ships with a numbered Certificate of Authenticity and a tamper-proof, uniquely coded hologram, backed by our 100% Authenticity Guarantee.</p>
<p><strong>Sizing:</strong> This jersey comes in size L or XL. As a high-end signed collectible, it's intended for display rather than everyday wear. If you have questions about the size before ordering, contact us at info@autographauthentic.com.</p>
<p><strong>Packaging &amp; shipping:</strong> Handling typically takes 1–5 business days, and orders typically ship within 7 business days. As an autographed collectible, some orders can take a few additional weeks if the piece is being framed, the jersey is being sewn together, or we're waiting on a celebrity signing — we’ll keep you updated if that applies to your order. See our Shipping Policy for full details.</p>
<p>Photos shown are our catalogue images.</p>","<p>This licensed Montreal Canadiens jersey has been personally autographed by Steve Shutt and is guaranteed authentic. Every item we sell is sourced directly from the player, from official signings, from exclusive distributors, or from autographs certified by recognized third-party authenticators. This piece ships with a numbered Certificate of Authenticity and a tamper-proof, uniquely coded hologram, backed by our 100% Authenticity Guarantee.</p>
<p><strong>Sizing:</strong> This jersey comes in size L or XL. As a high-end signed collectible, it's intended for display rather than everyday wear. If you have questions about the size before ordering, contact us at info@autographauthentic.com.</p>
<p><strong>Packaging &amp; shipping:</strong> Handling typically takes 1 to 5 business days, and orders typically ship within 7 business days. As an autographed collectible, some orders can take a few additional weeks if the piece is being framed, the jersey is being sewn together, or we're waiting on a celebrity signing, we’ll keep you updated if that applies to your order. See our Shipping Policy for full details.</p>
<p>Photos shown are our catalogue images.</p>"
8200587608153,denis-savard-signed-montreal-hockey-white-fntcs-jersey,Denis Savard Signed Montreal Canadiens White Fanatics Jersey,"<p>This licensed Montreal Canadiens White jersey has been personally autographed by Denis Savard and is guaranteed authentic. Every item we sell is sourced directly from the player, from official signings, from exclusive distributors, or from autographs certified by recognized third-party authenticators. This piece ships with a numbered Certificate of Authenticity and a tamper-proof, uniquely coded hologram, backed by our 100% Authenticity Guarantee.</p>
<p><strong>Sizing:</strong> This jersey comes in size L or XL. As a high-end signed collectible, it's intended for display rather than everyday wear. If you have questions about the size before ordering, contact us at info@autographauthentic.com.</p>
<p><strong>Packaging &amp; shipping:</strong> Handling typically takes 1–5 business days, and orders typically ship within 7 business days. As an autographed collectible, some orders can take a few additional weeks if the piece is being framed, the jersey is being sewn together, or we're waiting on a celebrity signing — we’ll keep you updated if that applies to your order. See our Shipping Policy for full details.</p>
<p>Photos shown are our catalogue images.</p>","<p>This licensed Montreal Canadiens White jersey has been personally autographed by Denis Savard and is guaranteed authentic. Every item we sell is sourced directly from the player, from official signings, from exclusive distributors, or from autographs certified by recognized third-party authenticators. This piece ships with a numbered Certificate of Authenticity and a tamper-proof, uniquely coded hologram, backed by our 100% Authenticity Guarantee.</p>
<p><strong>Sizing:</strong> This jersey comes in size L or XL. As a high-end signed collectible, it's intended for display rather than everyday wear. If you have questions about the size before ordering, contact us at info@autographauthentic.com.</p>
<p><strong>Packaging &amp; shipping:</strong> Handling typically takes 1 to 5 business days, and orders typically ship within 7 business days. As an autographed collectible, some orders can take a few additional weeks if the piece is being framed, the jersey is being sewn together, or we're waiting on a celebrity signing, we’ll keep you updated if that applies to your order. See our Shipping Policy for full details.</p>
<p>Photos shown are our catalogue images.</p>"
8200587673689,andy-moog-autographed-montreal-hockey-fntcs-jersey,Andy Moog Autographed Montreal Canadiens Fanatics Jersey,"<p>This licensed Montreal Canadiens jersey has been personally autographed by Andy Moog and is guaranteed authentic. Every item we sell is sourced directly from the player, from official signings, from exclusive distributors, or from autographs certified by recognized third-party authenticators. This piece ships with a numbered Certificate of Authenticity and a tamper-proof, uniquely coded hologram, backed by our 100% Authenticity Guarantee.</p>
<p><strong>Sizing:</strong> This jersey comes in size L or XL. As a high-end signed collectible, it's intended for display rather than everyday wear. If you have questions about the size before ordering, contact us at info@autographauthentic.com.</p>
<p><strong>Packaging &amp; shipping:</strong> Handling typically takes 1–5 business days, and orders typically ship within 7 business days. As an autographed collectible, some orders can take a few additional weeks if the piece is being framed, the jersey is being sewn together, or we're waiting on a celebrity signing — we’ll keep you updated if that applies to your order. See our Shipping Policy for full details.</p>
<p>Photos shown are our catalogue images.</p>","<p>This licensed Montreal Canadiens jersey has been personally autographed by Andy Moog and is guaranteed authentic. Every item we sell is sourced directly from the player, from official signings, from exclusive distributors, or from autographs certified by recognized third-party authenticators. This piece ships with a numbered Certificate of Authenticity and a tamper-proof, uniquely coded hologram, backed by our 100% Authenticity Guarantee.</p>
<p><strong>Sizing:</strong> This jersey comes in size L or XL. As a high-end signed collectible, it's intended for display rather than everyday wear. If you have questions about the size before ordering, contact us at info@autographauthentic.com.</p>
<p><strong>Packaging &amp; shipping:</strong> Handling typically takes 1 to 5 business days, and orders typically ship within 7 business days. As an autographed collectible, some orders can take a few additional weeks if the piece is being framed, the jersey is being sewn together, or we're waiting on a celebrity signing, we’ll keep you updated if that applies to your order. See our Shipping Policy for full details.</p>
<p>Photos shown are our catalogue images.</p>"
8200587739225,alexei-kovalev-autographed-montreal-hockey-fntcs-jersey,Alexei Kovalev Autographed Montreal Canadiens Jersey,"<p>This licensed Montreal Canadiens jersey has been personally autographed by Alexei Kovalev and is guaranteed authentic. Every item we sell is sourced directly from the player, from official signings, from exclusive distributors, or from autographs certified by recognized third-party authenticators. This piece ships with a numbered Certificate of Authenticity and a tamper-proof, uniquely coded hologram, backed by our 100% Authenticity Guarantee.</p>
<p><strong>Sizing:</strong> This jersey comes in size L or XL. As a high-end signed collectible, it's intended for display rather than everyday wear. If you have questions about the size before ordering, contact us at info@autographauthentic.com.</p>
<p><strong>Packaging &amp; shipping:</strong> Handling typically takes 1–5 business days, and orders typically ship within 7 business days. As an autographed collectible, some orders can take a few additional weeks if the piece is being framed, the jersey is being sewn together, or we're waiting on a celebrity signing — we’ll keep you updated if that applies to your order. See our Shipping Policy for full details.</p>
<p>Photos shown are our catalogue images.</p>","<p>This licensed Montreal Canadiens jersey has been personally autographed by Alexei Kovalev and is guaranteed authentic. Every item we sell is sourced directly from the player, from official signings, from exclusive distributors, or from autographs certified by recognized third-party authenticators. This piece ships with a numbered Certificate of Authenticity and a tamper-proof, uniquely coded hologram, backed by our 100% Authenticity Guarantee.</p>
<p><strong>Sizing:</strong> This jersey comes in size L or XL. As a high-end signed collectible, it's intended for display rather than everyday wear. If you have questions about the size before ordering, contact us at info@autographauthentic.com.</p>
<p><strong>Packaging &amp; shipping:</strong> Handling typically takes 1 to 5 business days, and orders typically ship within 7 business days. As an autographed collectible, some orders can take a few additional weeks if the piece is being framed, the jersey is being sewn together, or we're waiting on a celebrity signing, we’ll keep you updated if that applies to your order. See our Shipping Policy for full details.</p>
<p>Photos shown are our catalogue images.</p>"
8200587804761,jean-beliveau-autographed-montreal-36x44-framed-jersey-display,Jean Beliveau Signed Montreal Canadiens 36x44 Jersey Frame,"<p>This licensed Montreal Canadiens jersey display piece has been personally autographed by Jean Beliveau and is guaranteed authentic. Every item we sell is sourced directly from the player, from official signings, from exclusive distributors, or from autographs certified by recognized third-party authenticators. This piece ships with a numbered Certificate of Authenticity and a tamper-proof, uniquely coded hologram, backed by our 100% Authenticity Guarantee.</p>
<p><strong>Packaging &amp; shipping:</strong> Handling typically takes 1–5 business days, and orders typically ship within 7 business days. As an autographed collectible, some orders can take a few additional weeks if the piece is being framed, the jersey is being sewn together, or we're waiting on a celebrity signing — we’ll keep you updated if that applies to your order. See our Shipping Policy for full details.</p>
<p>Photos shown are our catalogue images.</p>
<p><strong>Framed size:</strong> 36"" x 44""</p>","<p>This licensed Montreal Canadiens jersey display piece has been personally autographed by Jean Beliveau and is guaranteed authentic. Every item we sell is sourced directly from the player, from official signings, from exclusive distributors, or from autographs certified by recognized third-party authenticators. This piece ships with a numbered Certificate of Authenticity and a tamper-proof, uniquely coded hologram, backed by our 100% Authenticity Guarantee.</p>
<p><strong>Packaging &amp; shipping:</strong> Handling typically takes 1 to 5 business days, and orders typically ship within 7 business days. As an autographed collectible, some orders can take a few additional weeks if the piece is being framed, the jersey is being sewn together, or we're waiting on a celebrity signing, we’ll keep you updated if that applies to your order. See our Shipping Policy for full details.</p>
<p>Photos shown are our catalogue images.</p>
<p><strong>Framed size:</strong> 36"" x 44""</p>"
8200587837529,john-leclair-montreal-autographed-fntcs-jersey,John Leclair Montreal Canadiens Autographed Fanatics Jersey,"<p>This licensed Montreal Canadiens jersey has been personally autographed by John LeClair and is guaranteed authentic. Every item we sell is sourced directly from the player, from official signings, from exclusive distributors, or from autographs certified by recognized third-party authenticators. This piece ships with a numbered Certificate of Authenticity and a tamper-proof, uniquely coded hologram, backed by our 100% Authenticity Guarantee.</p>
<p><strong>Sizing:</strong> This jersey comes in size L or XL. As a high-end signed collectible, it's intended for display rather than everyday wear. If you have questions about the size before ordering, contact us at info@autographauthentic.com.</p>
<p><strong>Packaging &amp; shipping:</strong> Handling typically takes 1–5 business days, and orders typically ship within 7 business days. As an autographed collectible, some orders can take a few additional weeks if the piece is being framed, the jersey is being sewn together, or we're waiting on a celebrity signing — we’ll keep you updated if that applies to your order. See our Shipping Policy for full details.</p>
<p>Photos shown are our catalogue images.</p>","<p>This licensed Montreal Canadiens jersey has been personally autographed by John LeClair and is guaranteed authentic. Every item we sell is sourced directly from the player, from official signings, from exclusive distributors, or from autographs certified by recognized third-party authenticators. This piece ships with a numbered Certificate of Authenticity and a tamper-proof, uniquely coded hologram, backed by our 100% Authenticity Guarantee.</p>
<p><strong>Sizing:</strong> This jersey comes in size L or XL. As a high-end signed collectible, it's intended for display rather than everyday wear. If you have questions about the size before ordering, contact us at info@autographauthentic.com.</p>
<p><strong>Packaging &amp; shipping:</strong> Handling typically takes 1 to 5 business days, and orders typically ship within 7 business days. As an autographed collectible, some orders can take a few additional weeks if the piece is being framed, the jersey is being sewn together, or we're waiting on a celebrity signing, we’ll keep you updated if that applies to your order. See our Shipping Policy for full details.</p>
<p>Photos shown are our catalogue images.</p>"
8200587870297,eric-staal-minnesota-autographed-fntcs-jersey,Eric Staal Minnesota Wild Autographed Fanatics Jersey,"<p>This licensed Minnesota Wild jersey has been personally autographed by Eric Staal and is guaranteed authentic. Every item we sell is sourced directly from the player, from official signings, from exclusive distributors, or from autographs certified by recognized third-party authenticators. This piece ships with a numbered Certificate of Authenticity and a tamper-proof, uniquely coded hologram, backed by our 100% Authenticity Guarantee.</p>
<p><strong>Sizing:</strong> This jersey comes in size L or XL. As a high-end signed collectible, it's intended for display rather than everyday wear. If you have questions about the size before ordering, contact us at info@autographauthentic.com.</p>
<p><strong>Packaging &amp; shipping:</strong> Handling typically takes 1–5 business days, and orders typically ship within 7 business days. As an autographed collectible, some orders can take a few additional weeks if the piece is being framed, the jersey is being sewn together, or we're waiting on a celebrity signing — we’ll keep you updated if that applies to your order. See our Shipping Policy for full details.</p>
<p>Photos shown are our catalogue images.</p>","<p>This licensed Minnesota Wild jersey has been personally autographed by Eric Staal and is guaranteed authentic. Every item we sell is sourced directly from the player, from official signings, from exclusive distributors, or from autographs certified by recognized third-party authenticators. This piece ships with a numbered Certificate of Authenticity and a tamper-proof, uniquely coded hologram, backed by our 100% Authenticity Guarantee.</p>
<p><strong>Sizing:</strong> This jersey comes in size L or XL. As a high-end signed collectible, it's intended for display rather than everyday wear. If you have questions about the size before ordering, contact us at info@autographauthentic.com.</p>
<p><strong>Packaging &amp; shipping:</strong> Handling typically takes 1 to 5 business days, and orders typically ship within 7 business days. As an autographed collectible, some orders can take a few additional weeks if the piece is being framed, the jersey is being sewn together, or we're waiting on a celebrity signing, we’ll keep you updated if that applies to your order. See our Shipping Policy for full details.</p>
<p>Photos shown are our catalogue images.</p>"
8200587935833,doug-gilmour-new-jersey-autographed-fntcs-jersey,Doug Gilmour New Jersey Devils Autographed Fanatics Jersey,"<p>This licensed New Jersey Devils jersey has been personally autographed by Doug Gilmour and is guaranteed authentic. Every item we sell is sourced directly from the player, from official signings, from exclusive distributors, or from autographs certified by recognized third-party authenticators. This piece ships with a numbered Certificate of Authenticity and a tamper-proof, uniquely coded hologram, backed by our 100% Authenticity Guarantee.</p>
<p><strong>Sizing:</strong> This jersey comes in size L or XL. As a high-end signed collectible, it's intended for display rather than everyday wear. If you have questions about the size before ordering, contact us at info@autographauthentic.com.</p>
<p><strong>Packaging &amp; shipping:</strong> Handling typically takes 1–5 business days, and orders typically ship within 7 business days. As an autographed collectible, some orders can take a few additional weeks if the piece is being framed, the jersey is being sewn together, or we're waiting on a celebrity signing — we’ll keep you updated if that applies to your order. See our Shipping Policy for full details.</p>
<p>Photos shown are our catalogue images.</p>","<p>This licensed New Jersey Devils jersey has been personally autographed by Doug Gilmour and is guaranteed authentic. Every item we sell is sourced directly from the player, from official signings, from exclusive distributors, or from autographs certified by recognized third-party authenticators. This piece ships with a numbered Certificate of Authenticity and a tamper-proof, uniquely coded hologram, backed by our 100% Authenticity Guarantee.</p>
<p><strong>Sizing:</strong> This jersey comes in size L or XL. As a high-end signed collectible, it's intended for display rather than everyday wear. If you have questions about the size before ordering, contact us at info@autographauthentic.com.</p>
<p><strong>Packaging &amp; shipping:</strong> Handling typically takes 1 to 5 business days, and orders typically ship within 7 business days. As an autographed collectible, some orders can take a few additional weeks if the piece is being framed, the jersey is being sewn together, or we're waiting on a celebrity signing, we’ll keep you updated if that applies to your order. See our Shipping Policy for full details.</p>
<p>Photos shown are our catalogue images.</p>"
8200587968601,nico-hischier-new-jersey-autographed-ads-jersey,Nico Hischier New Jersey Devils Autographed Adidas Jersey,"<p>This licensed New Jersey Devils jersey has been personally autographed by Nico Hischier and is guaranteed authentic. Every item we sell is sourced directly from the player, from official signings, from exclusive distributors, or from autographs certified by recognized third-party authenticators. This piece ships with a numbered Certificate of Authenticity and a tamper-proof, uniquely coded hologram, backed by our 100% Authenticity Guarantee.</p>
<p><strong>Sizing:</strong> This jersey comes in size L or XL. As a high-end signed collectible, it's intended for display rather than everyday wear. If you have questions about the size before ordering, contact us at info@autographauthentic.com.</p>
<p><strong>Packaging &amp; shipping:</strong> Handling typically takes 1–5 business days, and orders typically ship within 7 business days. As an autographed collectible, some orders can take a few additional weeks if the piece is being framed, the jersey is being sewn together, or we're waiting on a celebrity signing — we’ll keep you updated if that applies to your order. See our Shipping Policy for full details.</p>
<p>Photos shown are our catalogue images.</p>","<p>This licensed New Jersey Devils jersey has been personally autographed by Nico Hischier and is guaranteed authentic. Every item we sell is sourced directly from the player, from official signings, from exclusive distributors, or from autographs certified by recognized third-party authenticators. This piece ships with a numbered Certificate of Authenticity and a tamper-proof, uniquely coded hologram, backed by our 100% Authenticity Guarantee.</p>
<p><strong>Sizing:</strong> This jersey comes in size L or XL. As a high-end signed collectible, it's intended for display rather than everyday wear. If you have questions about the size before ordering, contact us at info@autographauthentic.com.</p>
<p><strong>Packaging &amp; shipping:</strong> Handling typically takes 1 to 5 business days, and orders typically ship within 7 business days. As an autographed collectible, some orders can take a few additional weeks if the piece is being framed, the jersey is being sewn together, or we're waiting on a celebrity signing, we’ll keep you updated if that applies to your order. See our Shipping Policy for full details.</p>
<p>Photos shown are our catalogue images.</p>"
8200588066905,anders-lee-new-york-autographed-ads-jersey,Anders Lee New York Islanders Autographed Adidas Jersey,"<p>This licensed New York Islanders jersey has been personally autographed by Anders Lee and is guaranteed authentic. Every item we sell is sourced directly from the player, from official signings, from exclusive distributors, or from autographs certified by recognized third-party authenticators. This piece ships with a numbered Certificate of Authenticity and a tamper-proof, uniquely coded hologram, backed by our 100% Authenticity Guarantee.</p>
<p><strong>Sizing:</strong> This jersey comes in size L or XL. As a high-end signed collectible, it's intended for display rather than everyday wear. If you have questions about the size before ordering, contact us at info@autographauthentic.com.</p>
<p><strong>Packaging &amp; shipping:</strong> Handling typically takes 1–5 business days, and orders typically ship within 7 business days. As an autographed collectible, some orders can take a few additional weeks if the piece is being framed, the jersey is being sewn together, or we're waiting on a celebrity signing — we’ll keep you updated if that applies to your order. See our Shipping Policy for full details.</p>
<p>Photos shown are our catalogue images.</p>","<p>This licensed New York Islanders jersey has been personally autographed by Anders Lee and is guaranteed authentic. Every item we sell is sourced directly from the player, from official signings, from exclusive distributors, or from autographs certified by recognized third-party authenticators. This piece ships with a numbered Certificate of Authenticity and a tamper-proof, uniquely coded hologram, backed by our 100% Authenticity Guarantee.</p>
<p><strong>Sizing:</strong> This jersey comes in size L or XL. As a high-end signed collectible, it's intended for display rather than everyday wear. If you have questions about the size before ordering, contact us at info@autographauthentic.com.</p>
<p><strong>Packaging &amp; shipping:</strong> Handling typically takes 1 to 5 business days, and orders typically ship within 7 business days. As an autographed collectible, some orders can take a few additional weeks if the piece is being framed, the jersey is being sewn together, or we're waiting on a celebrity signing, we’ll keep you updated if that applies to your order. See our Shipping Policy for full details.</p>
<p>Photos shown are our catalogue images.</p>"
8200588132441,luc-robitaille-autographed-new-york-hockey-fntcs-jersey,Luc Robitaille Autographed New York Rangers Fanatics Jersey,"<p>This licensed New York Rangers jersey has been personally autographed by Luc Robitaille and is guaranteed authentic. Every item we sell is sourced directly from the player, from official signings, from exclusive distributors, or from autographs certified by recognized third-party authenticators. This piece ships with a numbered Certificate of Authenticity and a tamper-proof, uniquely coded hologram, backed by our 100% Authenticity Guarantee.</p>
<p><strong>Sizing:</strong> This jersey comes in size L or XL. As a high-end signed collectible, it's intended for display rather than everyday wear. If you have questions about the size before ordering, contact us at info@autographauthentic.com.</p>
<p><strong>Packaging &amp; shipping:</strong> Handling typically takes 1–5 business days, and orders typically ship within 7 business days. As an autographed collectible, some orders can take a few additional weeks if the piece is being framed, the jersey is being sewn together, or we're waiting on a celebrity signing — we’ll keep you updated if that applies to your order. See our Shipping Policy for full details.</p>
<p>Photos shown are our catalogue images.</p>","<p>This licensed New York Rangers jersey has been personally autographed by Luc Robitaille and is guaranteed authentic. Every item we sell is sourced directly from the player, from official signings, from exclusive distributors, or from autographs certified by recognized third-party authenticators. This piece ships with a numbered Certificate of Authenticity and a tamper-proof, uniquely coded hologram, backed by our 100% Authenticity Guarantee.</p>
<p><strong>Sizing:</strong> This jersey comes in size L or XL. As a high-end signed collectible, it's intended for display rather than everyday wear. If you have questions about the size before ordering, contact us at info@autographauthentic.com.</p>
<p><strong>Packaging &amp; shipping:</strong> Handling typically takes 1 to 5 business days, and orders typically ship within 7 business days. As an autographed collectible, some orders can take a few additional weeks if the piece is being framed, the jersey is being sewn together, or we're waiting on a celebrity signing, we’ll keep you updated if that applies to your order. See our Shipping Policy for full details.</p>
<p>Photos shown are our catalogue images.</p>"
8200588230745,mika-zibanejad-new-york-autographed-ads-jersey,Mika Zibanejad New York Rangers Autographed Adidas Jersey,"<p>This licensed New York Rangers jersey has been personally autographed by Mika Zibanejad and is guaranteed authentic. Every item we sell is sourced directly from the player, from official signings, from exclusive distributors, or from autographs certified by recognized third-party authenticators. This piece ships with a numbered Certificate of Authenticity and a tamper-proof, uniquely coded hologram, backed by our 100% Authenticity Guarantee.</p>
<p><strong>Sizing:</strong> This jersey comes in size L or XL. As a high-end signed collectible, it's intended for display rather than everyday wear. If you have questions about the size before ordering, contact us at info@autographauthentic.com.</p>
<p><strong>Packaging &amp; shipping:</strong> Handling typically takes 1–5 business days, and orders typically ship within 7 business days. As an autographed collectible, some orders can take a few additional weeks if the piece is being framed, the jersey is being sewn together, or we're waiting on a celebrity signing — we’ll keep you updated if that applies to your order. See our Shipping Policy for full details.</p>
<p>Photos shown are our catalogue images.</p>","<p>This licensed New York Rangers jersey has been personally autographed by Mika Zibanejad and is guaranteed authentic. Every item we sell is sourced directly from the player, from official signings, from exclusive distributors, or from autographs certified by recognized third-party authenticators. This piece ships with a numbered Certificate of Authenticity and a tamper-proof, uniquely coded hologram, backed by our 100% Authenticity Guarantee.</p>
<p><strong>Sizing:</strong> This jersey comes in size L or XL. As a high-end signed collectible, it's intended for display rather than everyday wear. If you have questions about the size before ordering, contact us at info@autographauthentic.com.</p>
<p><strong>Packaging &amp; shipping:</strong> Handling typically takes 1 to 5 business days, and orders typically ship within 7 business days. As an autographed collectible, some orders can take a few additional weeks if the piece is being framed, the jersey is being sewn together, or we're waiting on a celebrity signing, we’ll keep you updated if that applies to your order. See our Shipping Policy for full details.</p>
<p>Photos shown are our catalogue images.</p>"
8200588263513,pat-lafontaine-autographed-new-york-hockey-fntcs-jersey,Pat Lafontaine Autographed New York Rangers Fanatics Jersey,"<p>This licensed New York Rangers jersey has been personally autographed by Pat Lafontaine and is guaranteed authentic. Every item we sell is sourced directly from the player, from official signings, from exclusive distributors, or from autographs certified by recognized third-party authenticators. This piece ships with a numbered Certificate of Authenticity and a tamper-proof, uniquely coded hologram, backed by our 100% Authenticity Guarantee.</p>
<p><strong>Sizing:</strong> This jersey comes in size L or XL. As a high-end signed collectible, it's intended for display rather than everyday wear. If you have questions about the size before ordering, contact us at info@autographauthentic.com.</p>
<p><strong>Packaging &amp; shipping:</strong> Handling typically takes 1–5 business days, and orders typically ship within 7 business days. As an autographed collectible, some orders can take a few additional weeks if the piece is being framed, the jersey is being sewn together, or we're waiting on a celebrity signing — we’ll keep you updated if that applies to your order. See our Shipping Policy for full details.</p>
<p>Photos shown are our catalogue images.</p>","<p>This licensed New York Rangers jersey has been personally autographed by Pat Lafontaine and is guaranteed authentic. Every item we sell is sourced directly from the player, from official signings, from exclusive distributors, or from autographs certified by recognized third-party authenticators. This piece ships with a numbered Certificate of Authenticity and a tamper-proof, uniquely coded hologram, backed by our 100% Authenticity Guarantee.</p>
<p><strong>Sizing:</strong> This jersey comes in size L or XL. As a high-end signed collectible, it's intended for display rather than everyday wear. If you have questions about the size before ordering, contact us at info@autographauthentic.com.</p>
<p><strong>Packaging &amp; shipping:</strong> Handling typically takes 1 to 5 business days, and orders typically ship within 7 business days. As an autographed collectible, some orders can take a few additional weeks if the piece is being framed, the jersey is being sewn together, or we're waiting on a celebrity signing, we’ll keep you updated if that applies to your order. See our Shipping Policy for full details.</p>
<p>Photos shown are our catalogue images.</p>"
8200588329049,brian-leetch-new-york-signed-retro-fntcs-jersey,Brian Leetch New York Rangers Signed Retro Fanatics Jersey,"<p>This licensed New York Rangers jersey has been personally autographed by Brian Leetch and is guaranteed authentic. Every item we sell is sourced directly from the player, from official signings, from exclusive distributors, or from autographs certified by recognized third-party authenticators. This piece ships with a numbered Certificate of Authenticity and a tamper-proof, uniquely coded hologram, backed by our 100% Authenticity Guarantee.</p>
<p><strong>Sizing:</strong> This jersey comes in size L or XL. As a high-end signed collectible, it's intended for display rather than everyday wear. If you have questions about the size before ordering, contact us at info@autographauthentic.com.</p>
<p><strong>Packaging &amp; shipping:</strong> Handling typically takes 1–5 business days, and orders typically ship within 7 business days. As an autographed collectible, some orders can take a few additional weeks if the piece is being framed, the jersey is being sewn together, or we're waiting on a celebrity signing — we’ll keep you updated if that applies to your order. See our Shipping Policy for full details.</p>
<p>Photos shown are our catalogue images.</p>","<p>This licensed New York Rangers jersey has been personally autographed by Brian Leetch and is guaranteed authentic. Every item we sell is sourced directly from the player, from official signings, from exclusive distributors, or from autographs certified by recognized third-party authenticators. This piece ships with a numbered Certificate of Authenticity and a tamper-proof, uniquely coded hologram, backed by our 100% Authenticity Guarantee.</p>
<p><strong>Sizing:</strong> This jersey comes in size L or XL. As a high-end signed collectible, it's intended for display rather than everyday wear. If you have questions about the size before ordering, contact us at info@autographauthentic.com.</p>
<p><strong>Packaging &amp; shipping:</strong> Handling typically takes 1 to 5 business days, and orders typically ship within 7 business days. As an autographed collectible, some orders can take a few additional weeks if the piece is being framed, the jersey is being sewn together, or we're waiting on a celebrity signing, we’ll keep you updated if that applies to your order. See our Shipping Policy for full details.</p>
<p>Photos shown are our catalogue images.</p>"
8200588361817,brendan-shanahan-new-york-autographed-fntcs-jersey,Brendan Shanahan New York Rangers Autographed Jersey,"<p>This licensed New York Rangers jersey has been personally autographed by Brendan Shanahan and is guaranteed authentic. Every item we sell is sourced directly from the player, from official signings, from exclusive distributors, or from autographs certified by recognized third-party authenticators. This piece ships with a numbered Certificate of Authenticity and a tamper-proof, uniquely coded hologram, backed by our 100% Authenticity Guarantee.</p>
<p><strong>Sizing:</strong> This jersey comes in size L or XL. As a high-end signed collectible, it's intended for display rather than everyday wear. If you have questions about the size before ordering, contact us at info@autographauthentic.com.</p>
<p><strong>Packaging &amp; shipping:</strong> Handling typically takes 1–5 business days, and orders typically ship within 7 business days. As an autographed collectible, some orders can take a few additional weeks if the piece is being framed, the jersey is being sewn together, or we're waiting on a celebrity signing — we’ll keep you updated if that applies to your order. See our Shipping Policy for full details.</p>
<p>Photos shown are our catalogue images.</p>","<p>This licensed New York Rangers jersey has been personally autographed by Brendan Shanahan and is guaranteed authentic. Every item we sell is sourced directly from the player, from official signings, from exclusive distributors, or from autographs certified by recognized third-party authenticators. This piece ships with a numbered Certificate of Authenticity and a tamper-proof, uniquely coded hologram, backed by our 100% Authenticity Guarantee.</p>
<p><strong>Sizing:</strong> This jersey comes in size L or XL. As a high-end signed collectible, it's intended for display rather than everyday wear. If you have questions about the size before ordering, contact us at info@autographauthentic.com.</p>
<p><strong>Packaging &amp; shipping:</strong> Handling typically takes 1 to 5 business days, and orders typically ship within 7 business days. As an autographed collectible, some orders can take a few additional weeks if the piece is being framed, the jersey is being sewn together, or we're waiting on a celebrity signing, we’ll keep you updated if that applies to your order. See our Shipping Policy for full details.</p>
<p>Photos shown are our catalogue images.</p>"
8200588427353,allan-stanley-new-york-autographed-fntcs-jersey,Allan Stanley New York Rangers Autographed Fanatics Jersey,"<p>This licensed New York Rangers jersey has been personally autographed by Allan Stanley and is guaranteed authentic. Every item we sell is sourced directly from the player, from official signings, from exclusive distributors, or from autographs certified by recognized third-party authenticators. This piece ships with a numbered Certificate of Authenticity and a tamper-proof, uniquely coded hologram, backed by our 100% Authenticity Guarantee.</p>
<p><strong>Sizing:</strong> This jersey comes in size L or XL. As a high-end signed collectible, it's intended for display rather than everyday wear. If you have questions about the size before ordering, contact us at info@autographauthentic.com.</p>
<p><strong>Packaging &amp; shipping:</strong> Handling typically takes 1–5 business days, and orders typically ship within 7 business days. As an autographed collectible, some orders can take a few additional weeks if the piece is being framed, the jersey is being sewn together, or we're waiting on a celebrity signing — we’ll keep you updated if that applies to your order. See our Shipping Policy for full details.</p>
<p>Photos shown are our catalogue images.</p>","<p>This licensed New York Rangers jersey has been personally autographed by Allan Stanley and is guaranteed authentic. Every item we sell is sourced directly from the player, from official signings, from exclusive distributors, or from autographs certified by recognized third-party authenticators. This piece ships with a numbered Certificate of Authenticity and a tamper-proof, uniquely coded hologram, backed by our 100% Authenticity Guarantee.</p>
<p><strong>Sizing:</strong> This jersey comes in size L or XL. As a high-end signed collectible, it's intended for display rather than everyday wear. If you have questions about the size before ordering, contact us at info@autographauthentic.com.</p>
<p><strong>Packaging &amp; shipping:</strong> Handling typically takes 1 to 5 business days, and orders typically ship within 7 business days. As an autographed collectible, some orders can take a few additional weeks if the piece is being framed, the jersey is being sewn together, or we're waiting on a celebrity signing, we’ll keep you updated if that applies to your order. See our Shipping Policy for full details.</p>
<p>Photos shown are our catalogue images.</p>"
8200588492889,artemi-panarin-new-york-autographed-ads-jersey,Artemi Panarin New York Rangers Autographed Adidas Jersey,"<p>This licensed New York Rangers jersey has been personally autographed by Artemi Panarin and is guaranteed authentic. Every item we sell is sourced directly from the player, from official signings, from exclusive distributors, or from autographs certified by recognized third-party authenticators. This piece ships with a numbered Certificate of Authenticity and a tamper-proof, uniquely coded hologram, backed by our 100% Authenticity Guarantee.</p>
<p><strong>Sizing:</strong> This jersey comes in size L or XL. As a high-end signed collectible, it's intended for display rather than everyday wear. If you have questions about the size before ordering, contact us at info@autographauthentic.com.</p>
<p><strong>Packaging &amp; shipping:</strong> Handling typically takes 1–5 business days, and orders typically ship within 7 business days. As an autographed collectible, some orders can take a few additional weeks if the piece is being framed, the jersey is being sewn together, or we're waiting on a celebrity signing — we’ll keep you updated if that applies to your order. See our Shipping Policy for full details.</p>
<p>Photos shown are our catalogue images.</p>","<p>This licensed New York Rangers jersey has been personally autographed by Artemi Panarin and is guaranteed authentic. Every item we sell is sourced directly from the player, from official signings, from exclusive distributors, or from autographs certified by recognized third-party authenticators. This piece ships with a numbered Certificate of Authenticity and a tamper-proof, uniquely coded hologram, backed by our 100% Authenticity Guarantee.</p>
<p><strong>Sizing:</strong> This jersey comes in size L or XL. As a high-end signed collectible, it's intended for display rather than everyday wear. If you have questions about the size before ordering, contact us at info@autographauthentic.com.</p>
<p><strong>Packaging &amp; shipping:</strong> Handling typically takes 1 to 5 business days, and orders typically ship within 7 business days. As an autographed collectible, some orders can take a few additional weeks if the piece is being framed, the jersey is being sewn together, or we're waiting on a celebrity signing, we’ll keep you updated if that applies to your order. See our Shipping Policy for full details.</p>
<p>Photos shown are our catalogue images.</p>"
8200588525657,adam-fox-new-york-signed-white-ads-jersey,Adam Fox New York Rangers Signed White Adidas Jersey,"<p>This licensed New York Rangers White jersey has been personally autographed by Adam Fox and is guaranteed authentic. Every item we sell is sourced directly from the player, from official signings, from exclusive distributors, or from autographs certified by recognized third-party authenticators. This piece ships with a numbered Certificate of Authenticity and a tamper-proof, uniquely coded hologram, backed by our 100% Authenticity Guarantee.</p>
<p><strong>Sizing:</strong> This jersey comes in size L or XL. As a high-end signed collectible, it's intended for display rather than everyday wear. If you have questions about the size before ordering, contact us at info@autographauthentic.com.</p>
<p><strong>Packaging &amp; shipping:</strong> Handling typically takes 1–5 business days, and orders typically ship within 7 business days. As an autographed collectible, some orders can take a few additional weeks if the piece is being framed, the jersey is being sewn together, or we're waiting on a celebrity signing — we’ll keep you updated if that applies to your order. See our Shipping Policy for full details.</p>
<p>Photos shown are our catalogue images.</p>","<p>This licensed New York Rangers White jersey has been personally autographed by Adam Fox and is guaranteed authentic. Every item we sell is sourced directly from the player, from official signings, from exclusive distributors, or from autographs certified by recognized third-party authenticators. This piece ships with a numbered Certificate of Authenticity and a tamper-proof, uniquely coded hologram, backed by our 100% Authenticity Guarantee.</p>
<p><strong>Sizing:</strong> This jersey comes in size L or XL. As a high-end signed collectible, it's intended for display rather than everyday wear. If you have questions about the size before ordering, contact us at info@autographauthentic.com.</p>
<p><strong>Packaging &amp; shipping:</strong> Handling typically takes 1 to 5 business days, and orders typically ship within 7 business days. As an autographed collectible, some orders can take a few additional weeks if the piece is being framed, the jersey is being sewn together, or we're waiting on a celebrity signing, we’ll keep you updated if that applies to your order. See our Shipping Policy for full details.</p>
<p>Photos shown are our catalogue images.</p>"
8200588623961,jacob-trouba-new-york-autographed-ads-jersey,Jacob Trouba New York Rangers Autographed Adidas Jersey,"<p>This licensed New York Rangers jersey has been personally autographed by Jacob Trouba and is guaranteed authentic. Every item we sell is sourced directly from the player, from official signings, from exclusive distributors, or from autographs certified by recognized third-party authenticators. This piece ships with a numbered Certificate of Authenticity and a tamper-proof, uniquely coded hologram, backed by our 100% Authenticity Guarantee.</p>
<p><strong>Sizing:</strong> This jersey comes in size L or XL. As a high-end signed collectible, it's intended for display rather than everyday wear. If you have questions about the size before ordering, contact us at info@autographauthentic.com.</p>
<p><strong>Packaging &amp; shipping:</strong> Handling typically takes 1–5 business days, and orders typically ship within 7 business days. As an autographed collectible, some orders can take a few additional weeks if the piece is being framed, the jersey is being sewn together, or we're waiting on a celebrity signing — we’ll keep you updated if that applies to your order. See our Shipping Policy for full details.</p>
<p>Photos shown are our catalogue images.</p>","<p>This licensed New York Rangers jersey has been personally autographed by Jacob Trouba and is guaranteed authentic. Every item we sell is sourced directly from the player, from official signings, from exclusive distributors, or from autographs certified by recognized third-party authenticators. This piece ships with a numbered Certificate of Authenticity and a tamper-proof, uniquely coded hologram, backed by our 100% Authenticity Guarantee.</p>
<p><strong>Sizing:</strong> This jersey comes in size L or XL. As a high-end signed collectible, it's intended for display rather than everyday wear. If you have questions about the size before ordering, contact us at info@autographauthentic.com.</p>
<p><strong>Packaging &amp; shipping:</strong> Handling typically takes 1 to 5 business days, and orders typically ship within 7 business days. As an autographed collectible, some orders can take a few additional weeks if the piece is being framed, the jersey is being sewn together, or we're waiting on a celebrity signing, we’ll keep you updated if that applies to your order. See our Shipping Policy for full details.</p>
<p>Photos shown are our catalogue images.</p>"
8200588689497,josh-norris-ottawa-autographed-black-fntcs-jersey,Josh Norris Ottawa Senators Autographed Black Jersey,"<p>This licensed Ottawa Senators Black jersey has been personally autographed by Josh Norris and is guaranteed authentic. Every item we sell is sourced directly from the player, from official signings, from exclusive distributors, or from autographs certified by recognized third-party authenticators. This piece ships with a numbered Certificate of Authenticity and a tamper-proof, uniquely coded hologram, backed by our 100% Authenticity Guarantee.</p>
<p><strong>Sizing:</strong> This jersey comes in size L or XL. As a high-end signed collectible, it's intended for display rather than everyday wear. If you have questions about the size before ordering, contact us at info@autographauthentic.com.</p>
<p><strong>Packaging &amp; shipping:</strong> Handling typically takes 1–5 business days, and orders typically ship within 7 business days. As an autographed collectible, some orders can take a few additional weeks if the piece is being framed, the jersey is being sewn together, or we're waiting on a celebrity signing — we’ll keep you updated if that applies to your order. See our Shipping Policy for full details.</p>
<p>Photos shown are our catalogue images.</p>","<p>This licensed Ottawa Senators Black jersey has been personally autographed by Josh Norris and is guaranteed authentic. Every item we sell is sourced directly from the player, from official signings, from exclusive distributors, or from autographs certified by recognized third-party authenticators. This piece ships with a numbered Certificate of Authenticity and a tamper-proof, uniquely coded hologram, backed by our 100% Authenticity Guarantee.</p>
<p><strong>Sizing:</strong> This jersey comes in size L or XL. As a high-end signed collectible, it's intended for display rather than everyday wear. If you have questions about the size before ordering, contact us at info@autographauthentic.com.</p>
<p><strong>Packaging &amp; shipping:</strong> Handling typically takes 1 to 5 business days, and orders typically ship within 7 business days. As an autographed collectible, some orders can take a few additional weeks if the piece is being framed, the jersey is being sewn together, or we're waiting on a celebrity signing, we’ll keep you updated if that applies to your order. See our Shipping Policy for full details.</p>
<p>Photos shown are our catalogue images.</p>"
8200588722265,jason-spezza-ottawa-autographed-fntcs-jersey,Jason Spezza Ottawa Senators Autographed Fanatics Jersey,"<p>This licensed Ottawa Senators jersey has been personally autographed by Jason Spezza and is guaranteed authentic. Every item we sell is sourced directly from the player, from official signings, from exclusive distributors, or from autographs certified by recognized third-party authenticators. This piece ships with a numbered Certificate of Authenticity and a tamper-proof, uniquely coded hologram, backed by our 100% Authenticity Guarantee.</p>
<p><strong>Sizing:</strong> This jersey comes in size L or XL. As a high-end signed collectible, it's intended for display rather than everyday wear. If you have questions about the size before ordering, contact us at info@autographauthentic.com.</p>
<p><strong>Packaging &amp; shipping:</strong> Handling typically takes 1–5 business days, and orders typically ship within 7 business days. As an autographed collectible, some orders can take a few additional weeks if the piece is being framed, the jersey is being sewn together, or we're waiting on a celebrity signing — we’ll keep you updated if that applies to your order. See our Shipping Policy for full details.</p>
<p>Photos shown are our catalogue images.</p>","<p>This licensed Ottawa Senators jersey has been personally autographed by Jason Spezza and is guaranteed authentic. Every item we sell is sourced directly from the player, from official signings, from exclusive distributors, or from autographs certified by recognized third-party authenticators. This piece ships with a numbered Certificate of Authenticity and a tamper-proof, uniquely coded hologram, backed by our 100% Authenticity Guarantee.</p>
<p><strong>Sizing:</strong> This jersey comes in size L or XL. As a high-end signed collectible, it's intended for display rather than everyday wear. If you have questions about the size before ordering, contact us at info@autographauthentic.com.</p>
<p><strong>Packaging &amp; shipping:</strong> Handling typically takes 1 to 5 business days, and orders typically ship within 7 business days. As an autographed collectible, some orders can take a few additional weeks if the piece is being framed, the jersey is being sewn together, or we're waiting on a celebrity signing, we’ll keep you updated if that applies to your order. See our Shipping Policy for full details.</p>
<p>Photos shown are our catalogue images.</p>"
8200588787801,chris-phillips-ottawa-autographed-fntcs-jersey,Chris Phillips Ottawa Senators Autographed Fanatics Jersey,"<p>This licensed Ottawa Senators jersey has been personally autographed by Chris Phillips and is guaranteed authentic. Every item we sell is sourced directly from the player, from official signings, from exclusive distributors, or from autographs certified by recognized third-party authenticators. This piece ships with a numbered Certificate of Authenticity and a tamper-proof, uniquely coded hologram, backed by our 100% Authenticity Guarantee.</p>
<p><strong>Sizing:</strong> This jersey comes in size L or XL. As a high-end signed collectible, it's intended for display rather than everyday wear. If you have questions about the size before ordering, contact us at info@autographauthentic.com.</p>
<p><strong>Packaging &amp; shipping:</strong> Handling typically takes 1–5 business days, and orders typically ship within 7 business days. As an autographed collectible, some orders can take a few additional weeks if the piece is being framed, the jersey is being sewn together, or we're waiting on a celebrity signing — we’ll keep you updated if that applies to your order. See our Shipping Policy for full details.</p>
<p>Photos shown are our catalogue images.</p>","<p>This licensed Ottawa Senators jersey has been personally autographed by Chris Phillips and is guaranteed authentic. Every item we sell is sourced directly from the player, from official signings, from exclusive distributors, or from autographs certified by recognized third-party authenticators. This piece ships with a numbered Certificate of Authenticity and a tamper-proof, uniquely coded hologram, backed by our 100% Authenticity Guarantee.</p>
<p><strong>Sizing:</strong> This jersey comes in size L or XL. As a high-end signed collectible, it's intended for display rather than everyday wear. If you have questions about the size before ordering, contact us at info@autographauthentic.com.</p>
<p><strong>Packaging &amp; shipping:</strong> Handling typically takes 1 to 5 business days, and orders typically ship within 7 business days. As an autographed collectible, some orders can take a few additional weeks if the piece is being framed, the jersey is being sewn together, or we're waiting on a celebrity signing, we’ll keep you updated if that applies to your order. See our Shipping Policy for full details.</p>
<p>Photos shown are our catalogue images.</p>"
8200588820569,mika-zibanejad-ottawa-signed-dated-1st-game-fntcs-jersey,Mika Zibanejad Ottawa Senators Signed & Dated 1st Jersey,"<p>This licensed Ottawa Senators jersey has been personally autographed by Mika Zibanejad and is guaranteed authentic. Every item we sell is sourced directly from the player, from official signings, from exclusive distributors, or from autographs certified by recognized third-party authenticators. This piece ships with a numbered Certificate of Authenticity and a tamper-proof, uniquely coded hologram, backed by our 100% Authenticity Guarantee.</p>
<p><strong>Sizing:</strong> This jersey comes in size L or XL. As a high-end signed collectible, it's intended for display rather than everyday wear. If you have questions about the size before ordering, contact us at info@autographauthentic.com.</p>
<p><strong>Packaging &amp; shipping:</strong> Handling typically takes 1–5 business days, and orders typically ship within 7 business days. As an autographed collectible, some orders can take a few additional weeks if the piece is being framed, the jersey is being sewn together, or we're waiting on a celebrity signing — we’ll keep you updated if that applies to your order. See our Shipping Policy for full details.</p>
<p>Photos shown are our catalogue images.</p>","<p>This licensed Ottawa Senators jersey has been personally autographed by Mika Zibanejad and is guaranteed authentic. Every item we sell is sourced directly from the player, from official signings, from exclusive distributors, or from autographs certified by recognized third-party authenticators. This piece ships with a numbered Certificate of Authenticity and a tamper-proof, uniquely coded hologram, backed by our 100% Authenticity Guarantee.</p>
<p><strong>Sizing:</strong> This jersey comes in size L or XL. As a high-end signed collectible, it's intended for display rather than everyday wear. If you have questions about the size before ordering, contact us at info@autographauthentic.com.</p>
<p><strong>Packaging &amp; shipping:</strong> Handling typically takes 1 to 5 business days, and orders typically ship within 7 business days. As an autographed collectible, some orders can take a few additional weeks if the piece is being framed, the jersey is being sewn together, or we're waiting on a celebrity signing, we’ll keep you updated if that applies to your order. See our Shipping Policy for full details.</p>
<p>Photos shown are our catalogue images.</p>"
8200588918873,nolan-patrick-philadelphia-autographed-fntcs-jersey,Nolan Patrick Philadelphia Flyers Autographed Jersey,"<p>This licensed Philadelphia Flyers jersey has been personally autographed by Nolan Patrick and is guaranteed authentic. Every item we sell is sourced directly from the player, from official signings, from exclusive distributors, or from autographs certified by recognized third-party authenticators. This piece ships with a numbered Certificate of Authenticity and a tamper-proof, uniquely coded hologram, backed by our 100% Authenticity Guarantee.</p>
<p><strong>Sizing:</strong> This jersey comes in size L or XL. As a high-end signed collectible, it's intended for display rather than everyday wear. If you have questions about the size before ordering, contact us at info@autographauthentic.com.</p>
<p><strong>Packaging &amp; shipping:</strong> Handling typically takes 1–5 business days, and orders typically ship within 7 business days. As an autographed collectible, some orders can take a few additional weeks if the piece is being framed, the jersey is being sewn together, or we're waiting on a celebrity signing — we’ll keep you updated if that applies to your order. See our Shipping Policy for full details.</p>
<p>Photos shown are our catalogue images.</p>","<p>This licensed Philadelphia Flyers jersey has been personally autographed by Nolan Patrick and is guaranteed authentic. Every item we sell is sourced directly from the player, from official signings, from exclusive distributors, or from autographs certified by recognized third-party authenticators. This piece ships with a numbered Certificate of Authenticity and a tamper-proof, uniquely coded hologram, backed by our 100% Authenticity Guarantee.</p>
<p><strong>Sizing:</strong> This jersey comes in size L or XL. As a high-end signed collectible, it's intended for display rather than everyday wear. If you have questions about the size before ordering, contact us at info@autographauthentic.com.</p>
<p><strong>Packaging &amp; shipping:</strong> Handling typically takes 1 to 5 business days, and orders typically ship within 7 business days. As an autographed collectible, some orders can take a few additional weeks if the piece is being framed, the jersey is being sewn together, or we're waiting on a celebrity signing, we’ll keep you updated if that applies to your order. See our Shipping Policy for full details.</p>
<p>Photos shown are our catalogue images.</p>"
8200588951641,paul-coffey-philadelphia-autographed-fntcs-jersey,Paul Coffey Philadelphia Flyers Autographed Fanatics Jersey,"<p>This licensed Philadelphia Flyers jersey has been personally autographed by Paul Coffey and is guaranteed authentic. Every item we sell is sourced directly from the player, from official signings, from exclusive distributors, or from autographs certified by recognized third-party authenticators. This piece ships with a numbered Certificate of Authenticity and a tamper-proof, uniquely coded hologram, backed by our 100% Authenticity Guarantee.</p>
<p><strong>Sizing:</strong> This jersey comes in size L or XL. As a high-end signed collectible, it's intended for display rather than everyday wear. If you have questions about the size before ordering, contact us at info@autographauthentic.com.</p>
<p><strong>Packaging &amp; shipping:</strong> Handling typically takes 1–5 business days, and orders typically ship within 7 business days. As an autographed collectible, some orders can take a few additional weeks if the piece is being framed, the jersey is being sewn together, or we're waiting on a celebrity signing — we’ll keep you updated if that applies to your order. See our Shipping Policy for full details.</p>
<p>Photos shown are our catalogue images.</p>","<p>This licensed Philadelphia Flyers jersey has been personally autographed by Paul Coffey and is guaranteed authentic. Every item we sell is sourced directly from the player, from official signings, from exclusive distributors, or from autographs certified by recognized third-party authenticators. This piece ships with a numbered Certificate of Authenticity and a tamper-proof, uniquely coded hologram, backed by our 100% Authenticity Guarantee.</p>
<p><strong>Sizing:</strong> This jersey comes in size L or XL. As a high-end signed collectible, it's intended for display rather than everyday wear. If you have questions about the size before ordering, contact us at info@autographauthentic.com.</p>
<p><strong>Packaging &amp; shipping:</strong> Handling typically takes 1 to 5 business days, and orders typically ship within 7 business days. As an autographed collectible, some orders can take a few additional weeks if the piece is being framed, the jersey is being sewn together, or we're waiting on a celebrity signing, we’ll keep you updated if that applies to your order. See our Shipping Policy for full details.</p>
<p>Photos shown are our catalogue images.</p>"
8200589017177,chris-pronger-signed-philadelphia-hockey-vintage-rbk-jersey,Chris Pronger Signed Philadelphia Flyers Vintage Jersey,"<p>This licensed Philadelphia Flyers Vintage jersey has been personally autographed by Chris Pronger and is guaranteed authentic. Every item we sell is sourced directly from the player, from official signings, from exclusive distributors, or from autographs certified by recognized third-party authenticators. This piece ships with a numbered Certificate of Authenticity and a tamper-proof, uniquely coded hologram, backed by our 100% Authenticity Guarantee.</p>
<p><strong>Sizing:</strong> This jersey comes in size L or XL. As a high-end signed collectible, it's intended for display rather than everyday wear. If you have questions about the size before ordering, contact us at info@autographauthentic.com.</p>
<p><strong>Packaging &amp; shipping:</strong> Handling typically takes 1–5 business days, and orders typically ship within 7 business days. As an autographed collectible, some orders can take a few additional weeks if the piece is being framed, the jersey is being sewn together, or we're waiting on a celebrity signing — we’ll keep you updated if that applies to your order. See our Shipping Policy for full details.</p>
<p>Photos shown are our catalogue images.</p>","<p>This licensed Philadelphia Flyers Vintage jersey has been personally autographed by Chris Pronger and is guaranteed authentic. Every item we sell is sourced directly from the player, from official signings, from exclusive distributors, or from autographs certified by recognized third-party authenticators. This piece ships with a numbered Certificate of Authenticity and a tamper-proof, uniquely coded hologram, backed by our 100% Authenticity Guarantee.</p>
<p><strong>Sizing:</strong> This jersey comes in size L or XL. As a high-end signed collectible, it's intended for display rather than everyday wear. If you have questions about the size before ordering, contact us at info@autographauthentic.com.</p>
<p><strong>Packaging &amp; shipping:</strong> Handling typically takes 1 to 5 business days, and orders typically ship within 7 business days. As an autographed collectible, some orders can take a few additional weeks if the piece is being framed, the jersey is being sewn together, or we're waiting on a celebrity signing, we’ll keep you updated if that applies to your order. See our Shipping Policy for full details.</p>
<p>Photos shown are our catalogue images.</p>"
8200589049945,evgeni-malkin-signed-pittsburgh-hockey-art-ross-ads-jersey,Evgeni Malkin Signed Pittsburgh Penguins Art Ross Jersey,"<p>This licensed Pittsburgh Penguins jersey has been personally autographed by Evgeni Malkin and is guaranteed authentic. Every item we sell is sourced directly from the player, from official signings, from exclusive distributors, or from autographs certified by recognized third-party authenticators. This piece ships with a numbered Certificate of Authenticity and a tamper-proof, uniquely coded hologram, backed by our 100% Authenticity Guarantee.</p>
<p><strong>Sizing:</strong> This jersey comes in size L or XL. As a high-end signed collectible, it's intended for display rather than everyday wear. If you have questions about the size before ordering, contact us at info@autographauthentic.com.</p>
<p><strong>Packaging &amp; shipping:</strong> Handling typically takes 1–5 business days, and orders typically ship within 7 business days. As an autographed collectible, some orders can take a few additional weeks if the piece is being framed, the jersey is being sewn together, or we're waiting on a celebrity signing — we’ll keep you updated if that applies to your order. See our Shipping Policy for full details.</p>
<p>Photos shown are our catalogue images.</p>","<p>This licensed Pittsburgh Penguins jersey has been personally autographed by Evgeni Malkin and is guaranteed authentic. Every item we sell is sourced directly from the player, from official signings, from exclusive distributors, or from autographs certified by recognized third-party authenticators. This piece ships with a numbered Certificate of Authenticity and a tamper-proof, uniquely coded hologram, backed by our 100% Authenticity Guarantee.</p>
<p><strong>Sizing:</strong> This jersey comes in size L or XL. As a high-end signed collectible, it's intended for display rather than everyday wear. If you have questions about the size before ordering, contact us at info@autographauthentic.com.</p>
<p><strong>Packaging &amp; shipping:</strong> Handling typically takes 1 to 5 business days, and orders typically ship within 7 business days. As an autographed collectible, some orders can take a few additional weeks if the piece is being framed, the jersey is being sewn together, or we're waiting on a celebrity signing, we’ll keep you updated if that applies to your order. See our Shipping Policy for full details.</p>
<p>Photos shown are our catalogue images.</p>"
8200589115481,evgeni-malkin-pittsburgh-autographed-ads-jersey,Evgeni Malkin Pittsburgh Penguins Autographed Adidas Jersey,"<p>This licensed Pittsburgh Penguins jersey has been personally autographed by Evgeni Malkin and is guaranteed authentic. Every item we sell is sourced directly from the player, from official signings, from exclusive distributors, or from autographs certified by recognized third-party authenticators. This piece ships with a numbered Certificate of Authenticity and a tamper-proof, uniquely coded hologram, backed by our 100% Authenticity Guarantee.</p>
<p><strong>Sizing:</strong> This jersey comes in size L or XL. As a high-end signed collectible, it's intended for display rather than everyday wear. If you have questions about the size before ordering, contact us at info@autographauthentic.com.</p>
<p><strong>Packaging &amp; shipping:</strong> Handling typically takes 1–5 business days, and orders typically ship within 7 business days. As an autographed collectible, some orders can take a few additional weeks if the piece is being framed, the jersey is being sewn together, or we're waiting on a celebrity signing — we’ll keep you updated if that applies to your order. See our Shipping Policy for full details.</p>
<p>Photos shown are our catalogue images.</p>","<p>This licensed Pittsburgh Penguins jersey has been personally autographed by Evgeni Malkin and is guaranteed authentic. Every item we sell is sourced directly from the player, from official signings, from exclusive distributors, or from autographs certified by recognized third-party authenticators. This piece ships with a numbered Certificate of Authenticity and a tamper-proof, uniquely coded hologram, backed by our 100% Authenticity Guarantee.</p>
<p><strong>Sizing:</strong> This jersey comes in size L or XL. As a high-end signed collectible, it's intended for display rather than everyday wear. If you have questions about the size before ordering, contact us at info@autographauthentic.com.</p>
<p><strong>Packaging &amp; shipping:</strong> Handling typically takes 1 to 5 business days, and orders typically ship within 7 business days. As an autographed collectible, some orders can take a few additional weeks if the piece is being framed, the jersey is being sewn together, or we're waiting on a celebrity signing, we’ll keep you updated if that applies to your order. See our Shipping Policy for full details.</p>
<p>Photos shown are our catalogue images.</p>"
8200589148249,joe-mullen-autographed-pittsburgh-hockey-fntcs-jersey,Joe Mullen Autographed Pittsburgh Penguins Fanatics Jersey,"<p>This licensed Pittsburgh Penguins jersey has been personally autographed by Joe Mullen and is guaranteed authentic. Every item we sell is sourced directly from the player, from official signings, from exclusive distributors, or from autographs certified by recognized third-party authenticators. This piece ships with a numbered Certificate of Authenticity and a tamper-proof, uniquely coded hologram, backed by our 100% Authenticity Guarantee.</p>
<p><strong>Sizing:</strong> This jersey comes in size L or XL. As a high-end signed collectible, it's intended for display rather than everyday wear. If you have questions about the size before ordering, contact us at info@autographauthentic.com.</p>
<p><strong>Packaging &amp; shipping:</strong> Handling typically takes 1–5 business days, and orders typically ship within 7 business days. As an autographed collectible, some orders can take a few additional weeks if the piece is being framed, the jersey is being sewn together, or we're waiting on a celebrity signing — we’ll keep you updated if that applies to your order. See our Shipping Policy for full details.</p>
<p>Photos shown are our catalogue images.</p>","<p>This licensed Pittsburgh Penguins jersey has been personally autographed by Joe Mullen and is guaranteed authentic. Every item we sell is sourced directly from the player, from official signings, from exclusive distributors, or from autographs certified by recognized third-party authenticators. This piece ships with a numbered Certificate of Authenticity and a tamper-proof, uniquely coded hologram, backed by our 100% Authenticity Guarantee.</p>
<p><strong>Sizing:</strong> This jersey comes in size L or XL. As a high-end signed collectible, it's intended for display rather than everyday wear. If you have questions about the size before ordering, contact us at info@autographauthentic.com.</p>
<p><strong>Packaging &amp; shipping:</strong> Handling typically takes 1 to 5 business days, and orders typically ship within 7 business days. As an autographed collectible, some orders can take a few additional weeks if the piece is being framed, the jersey is being sewn together, or we're waiting on a celebrity signing, we’ll keep you updated if that applies to your order. See our Shipping Policy for full details.</p>
<p>Photos shown are our catalogue images.</p>"
8200589213785,alexei-kovalev-autographed-pittsburgh-hockey-fntcs-jersey,Alexei Kovalev Autographed Pittsburgh Penguins Jersey,"<p>This licensed Pittsburgh Penguins jersey has been personally autographed by Alexei Kovalev and is guaranteed authentic. Every item we sell is sourced directly from the player, from official signings, from exclusive distributors, or from autographs certified by recognized third-party authenticators. This piece ships with a numbered Certificate of Authenticity and a tamper-proof, uniquely coded hologram, backed by our 100% Authenticity Guarantee.</p>
<p><strong>Sizing:</strong> This jersey comes in size L or XL. As a high-end signed collectible, it's intended for display rather than everyday wear. If you have questions about the size before ordering, contact us at info@autographauthentic.com.</p>
<p><strong>Packaging &amp; shipping:</strong> Handling typically takes 1–5 business days, and orders typically ship within 7 business days. As an autographed collectible, some orders can take a few additional weeks if the piece is being framed, the jersey is being sewn together, or we're waiting on a celebrity signing — we’ll keep you updated if that applies to your order. See our Shipping Policy for full details.</p>
<p>Photos shown are our catalogue images.</p>","<p>This licensed Pittsburgh Penguins jersey has been personally autographed by Alexei Kovalev and is guaranteed authentic. Every item we sell is sourced directly from the player, from official signings, from exclusive distributors, or from autographs certified by recognized third-party authenticators. This piece ships with a numbered Certificate of Authenticity and a tamper-proof, uniquely coded hologram, backed by our 100% Authenticity Guarantee.</p>
<p><strong>Sizing:</strong> This jersey comes in size L or XL. As a high-end signed collectible, it's intended for display rather than everyday wear. If you have questions about the size before ordering, contact us at info@autographauthentic.com.</p>
<p><strong>Packaging &amp; shipping:</strong> Handling typically takes 1 to 5 business days, and orders typically ship within 7 business days. As an autographed collectible, some orders can take a few additional weeks if the piece is being framed, the jersey is being sewn together, or we're waiting on a celebrity signing, we’ll keep you updated if that applies to your order. See our Shipping Policy for full details.</p>
<p>Photos shown are our catalogue images.</p>"
8200589279321,wendel-clark-quebec-nordiques-signed-retro-fntcs-jersey,Wendel Clark Quebec Nordiques Signed Retro Fanatics Jersey,"<p>This licensed Quebec Nordiques jersey has been personally autographed by Wendel Clark and is guaranteed authentic. Every item we sell is sourced directly from the player, from official signings, from exclusive distributors, or from autographs certified by recognized third-party authenticators. This piece ships with a numbered Certificate of Authenticity and a tamper-proof, uniquely coded hologram, backed by our 100% Authenticity Guarantee.</p>
<p><strong>Sizing:</strong> This jersey comes in size L or XL. As a high-end signed collectible, it's intended for display rather than everyday wear. If you have questions about the size before ordering, contact us at info@autographauthentic.com.</p>
<p><strong>Packaging &amp; shipping:</strong> Handling typically takes 1–5 business days, and orders typically ship within 7 business days. As an autographed collectible, some orders can take a few additional weeks if the piece is being framed, the jersey is being sewn together, or we're waiting on a celebrity signing — we’ll keep you updated if that applies to your order. See our Shipping Policy for full details.</p>
<p>Photos shown are our catalogue images.</p>","<p>This licensed Quebec Nordiques jersey has been personally autographed by Wendel Clark and is guaranteed authentic. Every item we sell is sourced directly from the player, from official signings, from exclusive distributors, or from autographs certified by recognized third-party authenticators. This piece ships with a numbered Certificate of Authenticity and a tamper-proof, uniquely coded hologram, backed by our 100% Authenticity Guarantee.</p>
<p><strong>Sizing:</strong> This jersey comes in size L or XL. As a high-end signed collectible, it's intended for display rather than everyday wear. If you have questions about the size before ordering, contact us at info@autographauthentic.com.</p>
<p><strong>Packaging &amp; shipping:</strong> Handling typically takes 1 to 5 business days, and orders typically ship within 7 business days. As an autographed collectible, some orders can take a few additional weeks if the piece is being framed, the jersey is being sewn together, or we're waiting on a celebrity signing, we’ll keep you updated if that applies to your order. See our Shipping Policy for full details.</p>
<p>Photos shown are our catalogue images.</p>"
8200589312089,eric-lindros-quebec-nordiques-signed-retro-fntcs-jersey,Eric Lindros Quebec Nordiques Signed Retro Fanatics Jersey,"<p>This licensed Quebec Nordiques jersey has been personally autographed by Eric Lindros and is guaranteed authentic. Every item we sell is sourced directly from the player, from official signings, from exclusive distributors, or from autographs certified by recognized third-party authenticators. This piece ships with a numbered Certificate of Authenticity and a tamper-proof, uniquely coded hologram, backed by our 100% Authenticity Guarantee.</p>
<p><strong>Sizing:</strong> This jersey comes in size L or XL. As a high-end signed collectible, it's intended for display rather than everyday wear. If you have questions about the size before ordering, contact us at info@autographauthentic.com.</p>
<p><strong>Packaging &amp; shipping:</strong> Handling typically takes 1–5 business days, and orders typically ship within 7 business days. As an autographed collectible, some orders can take a few additional weeks if the piece is being framed, the jersey is being sewn together, or we're waiting on a celebrity signing — we’ll keep you updated if that applies to your order. See our Shipping Policy for full details.</p>
<p>Photos shown are our catalogue images.</p>","<p>This licensed Quebec Nordiques jersey has been personally autographed by Eric Lindros and is guaranteed authentic. Every item we sell is sourced directly from the player, from official signings, from exclusive distributors, or from autographs certified by recognized third-party authenticators. This piece ships with a numbered Certificate of Authenticity and a tamper-proof, uniquely coded hologram, backed by our 100% Authenticity Guarantee.</p>
<p><strong>Sizing:</strong> This jersey comes in size L or XL. As a high-end signed collectible, it's intended for display rather than everyday wear. If you have questions about the size before ordering, contact us at info@autographauthentic.com.</p>
<p><strong>Packaging &amp; shipping:</strong> Handling typically takes 1 to 5 business days, and orders typically ship within 7 business days. As an autographed collectible, some orders can take a few additional weeks if the piece is being framed, the jersey is being sewn together, or we're waiting on a celebrity signing, we’ll keep you updated if that applies to your order. See our Shipping Policy for full details.</p>
<p>Photos shown are our catalogue images.</p>"
8200589377625,logan-couture-san-jose-signed-dated-1st-goal-rbk-jersey-39,Logan Couture Sharks Signed 1st Goal Reebok Jersey #/39,"<p>This licensed San Jose Sharks jersey has been personally autographed by Logan Couture and is guaranteed authentic. Every item we sell is sourced directly from the player, from official signings, from exclusive distributors, or from autographs certified by recognized third-party authenticators. This piece ships with a numbered Certificate of Authenticity and a tamper-proof, uniquely coded hologram, backed by our 100% Authenticity Guarantee.</p>
<p><strong>Sizing:</strong> This jersey comes in size L or XL. As a high-end signed collectible, it's intended for display rather than everyday wear. If you have questions about the size before ordering, contact us at info@autographauthentic.com.</p>
<p><strong>Packaging &amp; shipping:</strong> Handling typically takes 1–5 business days, and orders typically ship within 7 business days. As an autographed collectible, some orders can take a few additional weeks if the piece is being framed, the jersey is being sewn together, or we're waiting on a celebrity signing — we’ll keep you updated if that applies to your order. See our Shipping Policy for full details.</p>
<p>Photos shown are our catalogue images.</p>","<p>This licensed San Jose Sharks jersey has been personally autographed by Logan Couture and is guaranteed authentic. Every item we sell is sourced directly from the player, from official signings, from exclusive distributors, or from autographs certified by recognized third-party authenticators. This piece ships with a numbered Certificate of Authenticity and a tamper-proof, uniquely coded hologram, backed by our 100% Authenticity Guarantee.</p>
<p><strong>Sizing:</strong> This jersey comes in size L or XL. As a high-end signed collectible, it's intended for display rather than everyday wear. If you have questions about the size before ordering, contact us at info@autographauthentic.com.</p>
<p><strong>Packaging &amp; shipping:</strong> Handling typically takes 1 to 5 business days, and orders typically ship within 7 business days. As an autographed collectible, some orders can take a few additional weeks if the piece is being framed, the jersey is being sewn together, or we're waiting on a celebrity signing, we’ll keep you updated if that applies to your order. See our Shipping Policy for full details.</p>
<p>Photos shown are our catalogue images.</p>"
8200589443161,tomas-hertl-autographed-san-jose-hockey-rbk-jersey,Tomas Hertl Autographed San Jose Sharks Reebok Jersey,"<p>This licensed San Jose Sharks jersey has been personally autographed by Tomas Hertl and is guaranteed authentic. Every item we sell is sourced directly from the player, from official signings, from exclusive distributors, or from autographs certified by recognized third-party authenticators. This piece ships with a numbered Certificate of Authenticity and a tamper-proof, uniquely coded hologram, backed by our 100% Authenticity Guarantee.</p>
<p><strong>Sizing:</strong> This jersey comes in size L or XL. As a high-end signed collectible, it's intended for display rather than everyday wear. If you have questions about the size before ordering, contact us at info@autographauthentic.com.</p>
<p><strong>Packaging &amp; shipping:</strong> Handling typically takes 1–5 business days, and orders typically ship within 7 business days. As an autographed collectible, some orders can take a few additional weeks if the piece is being framed, the jersey is being sewn together, or we're waiting on a celebrity signing — we’ll keep you updated if that applies to your order. See our Shipping Policy for full details.</p>
<p>Photos shown are our catalogue images.</p>","<p>This licensed San Jose Sharks jersey has been personally autographed by Tomas Hertl and is guaranteed authentic. Every item we sell is sourced directly from the player, from official signings, from exclusive distributors, or from autographs certified by recognized third-party authenticators. This piece ships with a numbered Certificate of Authenticity and a tamper-proof, uniquely coded hologram, backed by our 100% Authenticity Guarantee.</p>
<p><strong>Sizing:</strong> This jersey comes in size L or XL. As a high-end signed collectible, it's intended for display rather than everyday wear. If you have questions about the size before ordering, contact us at info@autographauthentic.com.</p>
<p><strong>Packaging &amp; shipping:</strong> Handling typically takes 1 to 5 business days, and orders typically ship within 7 business days. As an autographed collectible, some orders can take a few additional weeks if the piece is being framed, the jersey is being sewn together, or we're waiting on a celebrity signing, we’ll keep you updated if that applies to your order. See our Shipping Policy for full details.</p>
<p>Photos shown are our catalogue images.</p>"
8200589475929,vince-dunn-signed-seattle-hockey-reverse-retro-2-0-ads-jersey,Vince Dunn Signed Seattle Kraken Reverse Retro 2.0 Jersey,"<p>This licensed Seattle Kraken jersey has been personally autographed by Vince Dunn and is guaranteed authentic. Every item we sell is sourced directly from the player, from official signings, from exclusive distributors, or from autographs certified by recognized third-party authenticators. This piece ships with a numbered Certificate of Authenticity and a tamper-proof, uniquely coded hologram, backed by our 100% Authenticity Guarantee.</p>
<p><strong>Sizing:</strong> This jersey comes in size L or XL. As a high-end signed collectible, it's intended for display rather than everyday wear. If you have questions about the size before ordering, contact us at info@autographauthentic.com.</p>
<p><strong>Packaging &amp; shipping:</strong> Handling typically takes 1–5 business days, and orders typically ship within 7 business days. As an autographed collectible, some orders can take a few additional weeks if the piece is being framed, the jersey is being sewn together, or we're waiting on a celebrity signing — we’ll keep you updated if that applies to your order. See our Shipping Policy for full details.</p>
<p>Photos shown are our catalogue images.</p>","<p>This licensed Seattle Kraken jersey has been personally autographed by Vince Dunn and is guaranteed authentic. Every item we sell is sourced directly from the player, from official signings, from exclusive distributors, or from autographs certified by recognized third-party authenticators. This piece ships with a numbered Certificate of Authenticity and a tamper-proof, uniquely coded hologram, backed by our 100% Authenticity Guarantee.</p>
<p><strong>Sizing:</strong> This jersey comes in size L or XL. As a high-end signed collectible, it's intended for display rather than everyday wear. If you have questions about the size before ordering, contact us at info@autographauthentic.com.</p>
<p><strong>Packaging &amp; shipping:</strong> Handling typically takes 1 to 5 business days, and orders typically ship within 7 business days. As an autographed collectible, some orders can take a few additional weeks if the piece is being framed, the jersey is being sewn together, or we're waiting on a celebrity signing, we’ll keep you updated if that applies to your order. See our Shipping Policy for full details.</p>
<p>Photos shown are our catalogue images.</p>"
8200589541465,jared-mccann-autographed-seattle-kraken-ads-jersey,Jared McCann Autographed Seattle Kraken Adidas Jersey,"<p>This licensed Seattle Kraken jersey has been personally autographed by Jared McCann and is guaranteed authentic. Every item we sell is sourced directly from the player, from official signings, from exclusive distributors, or from autographs certified by recognized third-party authenticators. This piece ships with a numbered Certificate of Authenticity and a tamper-proof, uniquely coded hologram, backed by our 100% Authenticity Guarantee.</p>
<p><strong>Sizing:</strong> This jersey comes in size L or XL. As a high-end signed collectible, it's intended for display rather than everyday wear. If you have questions about the size before ordering, contact us at info@autographauthentic.com.</p>
<p><strong>Packaging &amp; shipping:</strong> Handling typically takes 1–5 business days, and orders typically ship within 7 business days. As an autographed collectible, some orders can take a few additional weeks if the piece is being framed, the jersey is being sewn together, or we're waiting on a celebrity signing — we’ll keep you updated if that applies to your order. See our Shipping Policy for full details.</p>
<p>Photos shown are our catalogue images.</p>","<p>This licensed Seattle Kraken jersey has been personally autographed by Jared McCann and is guaranteed authentic. Every item we sell is sourced directly from the player, from official signings, from exclusive distributors, or from autographs certified by recognized third-party authenticators. This piece ships with a numbered Certificate of Authenticity and a tamper-proof, uniquely coded hologram, backed by our 100% Authenticity Guarantee.</p>
<p><strong>Sizing:</strong> This jersey comes in size L or XL. As a high-end signed collectible, it's intended for display rather than everyday wear. If you have questions about the size before ordering, contact us at info@autographauthentic.com.</p>
<p><strong>Packaging &amp; shipping:</strong> Handling typically takes 1 to 5 business days, and orders typically ship within 7 business days. As an autographed collectible, some orders can take a few additional weeks if the piece is being framed, the jersey is being sewn together, or we're waiting on a celebrity signing, we’ll keep you updated if that applies to your order. See our Shipping Policy for full details.</p>
<p>Photos shown are our catalogue images.</p>"
8200589738073,grant-fuhr-st-louis-signed-games-record-vintage-fntcs-jersey-31,Grant Fuhr Blues Signed Games Record Vintage Jersey #/31,"<p>This licensed St. Louis Blues jersey has been personally autographed by Grant Fuhr and is guaranteed authentic. Every item we sell is sourced directly from the player, from official signings, from exclusive distributors, or from autographs certified by recognized third-party authenticators. This piece ships with a numbered Certificate of Authenticity and a tamper-proof, uniquely coded hologram, backed by our 100% Authenticity Guarantee.</p>
<p><strong>Sizing:</strong> This jersey comes in size L or XL. As a high-end signed collectible, it's intended for display rather than everyday wear. If you have questions about the size before ordering, contact us at info@autographauthentic.com.</p>
<p><strong>Packaging &amp; shipping:</strong> Handling typically takes 1–5 business days, and orders typically ship within 7 business days. As an autographed collectible, some orders can take a few additional weeks if the piece is being framed, the jersey is being sewn together, or we're waiting on a celebrity signing — we’ll keep you updated if that applies to your order. See our Shipping Policy for full details.</p>
<p>Photos shown are our catalogue images.</p>","<p>This licensed St. Louis Blues jersey has been personally autographed by Grant Fuhr and is guaranteed authentic. Every item we sell is sourced directly from the player, from official signings, from exclusive distributors, or from autographs certified by recognized third-party authenticators. This piece ships with a numbered Certificate of Authenticity and a tamper-proof, uniquely coded hologram, backed by our 100% Authenticity Guarantee.</p>
<p><strong>Sizing:</strong> This jersey comes in size L or XL. As a high-end signed collectible, it's intended for display rather than everyday wear. If you have questions about the size before ordering, contact us at info@autographauthentic.com.</p>
<p><strong>Packaging &amp; shipping:</strong> Handling typically takes 1 to 5 business days, and orders typically ship within 7 business days. As an autographed collectible, some orders can take a few additional weeks if the piece is being framed, the jersey is being sewn together, or we're waiting on a celebrity signing, we’ll keep you updated if that applies to your order. See our Shipping Policy for full details.</p>
<p>Photos shown are our catalogue images.</p>"
8200589770841,robert-thomas-signed-st-louis-hockey-reverse-retro-2-0-ads-jersey,Robert Thomas Signed St. Louis Blues Reverse Retro 2.0 Jersey,"<p>This licensed St. Louis Blues jersey has been personally autographed by Robert Thomas and is guaranteed authentic. Every item we sell is sourced directly from the player, from official signings, from exclusive distributors, or from autographs certified by recognized third-party authenticators. This piece ships with a numbered Certificate of Authenticity and a tamper-proof, uniquely coded hologram, backed by our 100% Authenticity Guarantee.</p>
<p><strong>Sizing:</strong> This jersey comes in size L or XL. As a high-end signed collectible, it's intended for display rather than everyday wear. If you have questions about the size before ordering, contact us at info@autographauthentic.com.</p>
<p><strong>Packaging &amp; shipping:</strong> Handling typically takes 1–5 business days, and orders typically ship within 7 business days. As an autographed collectible, some orders can take a few additional weeks if the piece is being framed, the jersey is being sewn together, or we're waiting on a celebrity signing — we’ll keep you updated if that applies to your order. See our Shipping Policy for full details.</p>
<p>Photos shown are our catalogue images.</p>","<p>This licensed St. Louis Blues jersey has been personally autographed by Robert Thomas and is guaranteed authentic. Every item we sell is sourced directly from the player, from official signings, from exclusive distributors, or from autographs certified by recognized third-party authenticators. This piece ships with a numbered Certificate of Authenticity and a tamper-proof, uniquely coded hologram, backed by our 100% Authenticity Guarantee.</p>
<p><strong>Sizing:</strong> This jersey comes in size L or XL. As a high-end signed collectible, it's intended for display rather than everyday wear. If you have questions about the size before ordering, contact us at info@autographauthentic.com.</p>
<p><strong>Packaging &amp; shipping:</strong> Handling typically takes 1 to 5 business days, and orders typically ship within 7 business days. As an autographed collectible, some orders can take a few additional weeks if the piece is being framed, the jersey is being sewn together, or we're waiting on a celebrity signing, we’ll keep you updated if that applies to your order. See our Shipping Policy for full details.</p>
<p>Photos shown are our catalogue images.</p>"
8200589836377,steven-stamkos-signed-tampa-bay-hockey-rocket-trophy-ads-jersey,Steven Stamkos Signed Tampa Bay Lightning Rocket Jersey,"<p>This licensed Tampa Bay Lightning jersey has been personally autographed by Steven Stamkos and is guaranteed authentic. Every item we sell is sourced directly from the player, from official signings, from exclusive distributors, or from autographs certified by recognized third-party authenticators. This piece ships with a numbered Certificate of Authenticity and a tamper-proof, uniquely coded hologram, backed by our 100% Authenticity Guarantee.</p>
<p><strong>Sizing:</strong> This jersey comes in size L or XL. As a high-end signed collectible, it's intended for display rather than everyday wear. If you have questions about the size before ordering, contact us at info@autographauthentic.com.</p>
<p><strong>Packaging &amp; shipping:</strong> Handling typically takes 1–5 business days, and orders typically ship within 7 business days. As an autographed collectible, some orders can take a few additional weeks if the piece is being framed, the jersey is being sewn together, or we're waiting on a celebrity signing — we’ll keep you updated if that applies to your order. See our Shipping Policy for full details.</p>
<p>Photos shown are our catalogue images.</p>","<p>This licensed Tampa Bay Lightning jersey has been personally autographed by Steven Stamkos and is guaranteed authentic. Every item we sell is sourced directly from the player, from official signings, from exclusive distributors, or from autographs certified by recognized third-party authenticators. This piece ships with a numbered Certificate of Authenticity and a tamper-proof, uniquely coded hologram, backed by our 100% Authenticity Guarantee.</p>
<p><strong>Sizing:</strong> This jersey comes in size L or XL. As a high-end signed collectible, it's intended for display rather than everyday wear. If you have questions about the size before ordering, contact us at info@autographauthentic.com.</p>
<p><strong>Packaging &amp; shipping:</strong> Handling typically takes 1 to 5 business days, and orders typically ship within 7 business days. As an autographed collectible, some orders can take a few additional weeks if the piece is being framed, the jersey is being sewn together, or we're waiting on a celebrity signing, we’ll keep you updated if that applies to your order. See our Shipping Policy for full details.</p>
<p>Photos shown are our catalogue images.</p>"
8200589901913,doug-gilmour-autographed-toronto-36x44-framed-jersey-display,Doug Gilmour Signed Toronto Maple Leafs 36x44 Jersey Frame,"<p>This licensed Toronto Maple Leafs jersey display piece has been personally autographed by Doug Gilmour and is guaranteed authentic. Every item we sell is sourced directly from the player, from official signings, from exclusive distributors, or from autographs certified by recognized third-party authenticators. This piece ships with a numbered Certificate of Authenticity and a tamper-proof, uniquely coded hologram, backed by our 100% Authenticity Guarantee.</p>
<p><strong>Packaging &amp; shipping:</strong> Handling typically takes 1–5 business days, and orders typically ship within 7 business days. As an autographed collectible, some orders can take a few additional weeks if the piece is being framed, the jersey is being sewn together, or we're waiting on a celebrity signing — we’ll keep you updated if that applies to your order. See our Shipping Policy for full details.</p>
<p>Photos shown are our catalogue images.</p>
<p><strong>Framed size:</strong> 36"" x 44""</p>","<p>This licensed Toronto Maple Leafs jersey display piece has been personally autographed by Doug Gilmour and is guaranteed authentic. Every item we sell is sourced directly from the player, from official signings, from exclusive distributors, or from autographs certified by recognized third-party authenticators. This piece ships with a numbered Certificate of Authenticity and a tamper-proof, uniquely coded hologram, backed by our 100% Authenticity Guarantee.</p>
<p><strong>Packaging &amp; shipping:</strong> Handling typically takes 1 to 5 business days, and orders typically ship within 7 business days. As an autographed collectible, some orders can take a few additional weeks if the piece is being framed, the jersey is being sewn together, or we're waiting on a celebrity signing, we’ll keep you updated if that applies to your order. See our Shipping Policy for full details.</p>
<p>Photos shown are our catalogue images.</p>
<p><strong>Framed size:</strong> 36"" x 44""</p>"
8200590000217,johnny-bower-autographed-toronto-36x44-framed-jersey-display,Johnny Bower Signed Toronto Maple Leafs 36x44 Jersey Frame,"<p>This licensed Toronto Maple Leafs jersey display piece has been personally autographed by Johnny Bower and is guaranteed authentic. Every item we sell is sourced directly from the player, from official signings, from exclusive distributors, or from autographs certified by recognized third-party authenticators. This piece ships with a numbered Certificate of Authenticity and a tamper-proof, uniquely coded hologram, backed by our 100% Authenticity Guarantee.</p>
<p><strong>Packaging &amp; shipping:</strong> Handling typically takes 1–5 business days, and orders typically ship within 7 business days. As an autographed collectible, some orders can take a few additional weeks if the piece is being framed, the jersey is being sewn together, or we're waiting on a celebrity signing — we’ll keep you updated if that applies to your order. See our Shipping Policy for full details.</p>
<p>Photos shown are our catalogue images.</p>
<p><strong>Framed size:</strong> 36"" x 44""</p>","<p>This licensed Toronto Maple Leafs jersey display piece has been personally autographed by Johnny Bower and is guaranteed authentic. Every item we sell is sourced directly from the player, from official signings, from exclusive distributors, or from autographs certified by recognized third-party authenticators. This piece ships with a numbered Certificate of Authenticity and a tamper-proof, uniquely coded hologram, backed by our 100% Authenticity Guarantee.</p>
<p><strong>Packaging &amp; shipping:</strong> Handling typically takes 1 to 5 business days, and orders typically ship within 7 business days. As an autographed collectible, some orders can take a few additional weeks if the piece is being framed, the jersey is being sewn together, or we're waiting on a celebrity signing, we’ll keep you updated if that applies to your order. See our Shipping Policy for full details.</p>
<p>Photos shown are our catalogue images.</p>
<p><strong>Framed size:</strong> 36"" x 44""</p>"
8200590065753,joe-nieuwendyk-signed-toronto-hockey-white-fntcs-jersey,Joe Nieuwendyk Signed Toronto Maple Leafs White Jersey,"<p>This licensed Toronto Maple Leafs White jersey has been personally autographed by Joe Nieuwendyk and is guaranteed authentic. Every item we sell is sourced directly from the player, from official signings, from exclusive distributors, or from autographs certified by recognized third-party authenticators. This piece ships with a numbered Certificate of Authenticity and a tamper-proof, uniquely coded hologram, backed by our 100% Authenticity Guarantee.</p>
<p><strong>Sizing:</strong> This jersey comes in size L or XL. As a high-end signed collectible, it's intended for display rather than everyday wear. If you have questions about the size before ordering, contact us at info@autographauthentic.com.</p>
<p><strong>Packaging &amp; shipping:</strong> Handling typically takes 1–5 business days, and orders typically ship within 7 business days. As an autographed collectible, some orders can take a few additional weeks if the piece is being framed, the jersey is being sewn together, or we're waiting on a celebrity signing — we’ll keep you updated if that applies to your order. See our Shipping Policy for full details.</p>
<p>Photos shown are our catalogue images.</p>","<p>This licensed Toronto Maple Leafs White jersey has been personally autographed by Joe Nieuwendyk and is guaranteed authentic. Every item we sell is sourced directly from the player, from official signings, from exclusive distributors, or from autographs certified by recognized third-party authenticators. This piece ships with a numbered Certificate of Authenticity and a tamper-proof, uniquely coded hologram, backed by our 100% Authenticity Guarantee.</p>
<p><strong>Sizing:</strong> This jersey comes in size L or XL. As a high-end signed collectible, it's intended for display rather than everyday wear. If you have questions about the size before ordering, contact us at info@autographauthentic.com.</p>
<p><strong>Packaging &amp; shipping:</strong> Handling typically takes 1 to 5 business days, and orders typically ship within 7 business days. As an autographed collectible, some orders can take a few additional weeks if the piece is being framed, the jersey is being sewn together, or we're waiting on a celebrity signing, we’ll keep you updated if that applies to your order. See our Shipping Policy for full details.</p>
<p>Photos shown are our catalogue images.</p>"
8200590164057,mike-gartner-toronto-autographed-fntcs-jersey,Mike Gartner Toronto Maple Leafs Autographed Fanatics Jersey,"<p>This licensed Toronto Maple Leafs jersey has been personally autographed by Mike Gartner and is guaranteed authentic. Every item we sell is sourced directly from the player, from official signings, from exclusive distributors, or from autographs certified by recognized third-party authenticators. This piece ships with a numbered Certificate of Authenticity and a tamper-proof, uniquely coded hologram, backed by our 100% Authenticity Guarantee.</p>
<p><strong>Sizing:</strong> This jersey comes in size L or XL. As a high-end signed collectible, it's intended for display rather than everyday wear. If you have questions about the size before ordering, contact us at info@autographauthentic.com.</p>
<p><strong>Packaging &amp; shipping:</strong> Handling typically takes 1–5 business days, and orders typically ship within 7 business days. As an autographed collectible, some orders can take a few additional weeks if the piece is being framed, the jersey is being sewn together, or we're waiting on a celebrity signing — we’ll keep you updated if that applies to your order. See our Shipping Policy for full details.</p>
<p>Photos shown are our catalogue images.</p>","<p>This licensed Toronto Maple Leafs jersey has been personally autographed by Mike Gartner and is guaranteed authentic. Every item we sell is sourced directly from the player, from official signings, from exclusive distributors, or from autographs certified by recognized third-party authenticators. This piece ships with a numbered Certificate of Authenticity and a tamper-proof, uniquely coded hologram, backed by our 100% Authenticity Guarantee.</p>
<p><strong>Sizing:</strong> This jersey comes in size L or XL. As a high-end signed collectible, it's intended for display rather than everyday wear. If you have questions about the size before ordering, contact us at info@autographauthentic.com.</p>
<p><strong>Packaging &amp; shipping:</strong> Handling typically takes 1 to 5 business days, and orders typically ship within 7 business days. As an autographed collectible, some orders can take a few additional weeks if the piece is being framed, the jersey is being sewn together, or we're waiting on a celebrity signing, we’ll keep you updated if that applies to your order. See our Shipping Policy for full details.</p>
<p>Photos shown are our catalogue images.</p>"
8200590360665,mitch-marner-toronto-autographed-ads-jersey,Mitch Marner Toronto Maple Leafs Autographed Adidas Jersey,"<p>This licensed Toronto Maple Leafs jersey has been personally autographed by Mitch Marner and is guaranteed authentic. Every item we sell is sourced directly from the player, from official signings, from exclusive distributors, or from autographs certified by recognized third-party authenticators. This piece ships with a numbered Certificate of Authenticity and a tamper-proof, uniquely coded hologram, backed by our 100% Authenticity Guarantee.</p>
<p><strong>Sizing:</strong> This jersey comes in size L or XL. As a high-end signed collectible, it's intended for display rather than everyday wear. If you have questions about the size before ordering, contact us at info@autographauthentic.com.</p>
<p><strong>Packaging &amp; shipping:</strong> Handling typically takes 1–5 business days, and orders typically ship within 7 business days. As an autographed collectible, some orders can take a few additional weeks if the piece is being framed, the jersey is being sewn together, or we're waiting on a celebrity signing — we’ll keep you updated if that applies to your order. See our Shipping Policy for full details.</p>
<p>Photos shown are our catalogue images.</p>","<p>This licensed Toronto Maple Leafs jersey has been personally autographed by Mitch Marner and is guaranteed authentic. Every item we sell is sourced directly from the player, from official signings, from exclusive distributors, or from autographs certified by recognized third-party authenticators. This piece ships with a numbered Certificate of Authenticity and a tamper-proof, uniquely coded hologram, backed by our 100% Authenticity Guarantee.</p>
<p><strong>Sizing:</strong> This jersey comes in size L or XL. As a high-end signed collectible, it's intended for display rather than everyday wear. If you have questions about the size before ordering, contact us at info@autographauthentic.com.</p>
<p><strong>Packaging &amp; shipping:</strong> Handling typically takes 1 to 5 business days, and orders typically ship within 7 business days. As an autographed collectible, some orders can take a few additional weeks if the piece is being framed, the jersey is being sewn together, or we're waiting on a celebrity signing, we’ll keep you updated if that applies to your order. See our Shipping Policy for full details.</p>
<p>Photos shown are our catalogue images.</p>"
8200590426201,rick-vaive-signed-toronto-hockey-white-fntcs-jersey,Rick Vaive Signed Toronto Maple Leafs White Fanatics Jersey,"<p>This licensed Toronto Maple Leafs White jersey has been personally autographed by Rick Vaive and is guaranteed authentic. Every item we sell is sourced directly from the player, from official signings, from exclusive distributors, or from autographs certified by recognized third-party authenticators. This piece ships with a numbered Certificate of Authenticity and a tamper-proof, uniquely coded hologram, backed by our 100% Authenticity Guarantee.</p>
<p><strong>Sizing:</strong> This jersey comes in size L or XL. As a high-end signed collectible, it's intended for display rather than everyday wear. If you have questions about the size before ordering, contact us at info@autographauthentic.com.</p>
<p><strong>Packaging &amp; shipping:</strong> Handling typically takes 1–5 business days, and orders typically ship within 7 business days. As an autographed collectible, some orders can take a few additional weeks if the piece is being framed, the jersey is being sewn together, or we're waiting on a celebrity signing — we’ll keep you updated if that applies to your order. See our Shipping Policy for full details.</p>
<p>Photos shown are our catalogue images.</p>","<p>This licensed Toronto Maple Leafs White jersey has been personally autographed by Rick Vaive and is guaranteed authentic. Every item we sell is sourced directly from the player, from official signings, from exclusive distributors, or from autographs certified by recognized third-party authenticators. This piece ships with a numbered Certificate of Authenticity and a tamper-proof, uniquely coded hologram, backed by our 100% Authenticity Guarantee.</p>
<p><strong>Sizing:</strong> This jersey comes in size L or XL. As a high-end signed collectible, it's intended for display rather than everyday wear. If you have questions about the size before ordering, contact us at info@autographauthentic.com.</p>
<p><strong>Packaging &amp; shipping:</strong> Handling typically takes 1 to 5 business days, and orders typically ship within 7 business days. As an autographed collectible, some orders can take a few additional weeks if the piece is being framed, the jersey is being sewn together, or we're waiting on a celebrity signing, we’ll keep you updated if that applies to your order. See our Shipping Policy for full details.</p>
<p>Photos shown are our catalogue images.</p>"
8200590524505,adam-oates-autographed-washington-fntcs-jersey,Adam Oates Autographed Washington Capitals Fanatics Jersey,"<p>This licensed Washington Capitals jersey has been personally autographed by Adam Oates and is guaranteed authentic. Every item we sell is sourced directly from the player, from official signings, from exclusive distributors, or from autographs certified by recognized third-party authenticators. This piece ships with a numbered Certificate of Authenticity and a tamper-proof, uniquely coded hologram, backed by our 100% Authenticity Guarantee.</p>
<p><strong>Sizing:</strong> This jersey comes in size L or XL. As a high-end signed collectible, it's intended for display rather than everyday wear. If you have questions about the size before ordering, contact us at info@autographauthentic.com.</p>
<p><strong>Packaging &amp; shipping:</strong> Handling typically takes 1–5 business days, and orders typically ship within 7 business days. As an autographed collectible, some orders can take a few additional weeks if the piece is being framed, the jersey is being sewn together, or we're waiting on a celebrity signing — we’ll keep you updated if that applies to your order. See our Shipping Policy for full details.</p>
<p>Photos shown are our catalogue images.</p>","<p>This licensed Washington Capitals jersey has been personally autographed by Adam Oates and is guaranteed authentic. Every item we sell is sourced directly from the player, from official signings, from exclusive distributors, or from autographs certified by recognized third-party authenticators. This piece ships with a numbered Certificate of Authenticity and a tamper-proof, uniquely coded hologram, backed by our 100% Authenticity Guarantee.</p>
<p><strong>Sizing:</strong> This jersey comes in size L or XL. As a high-end signed collectible, it's intended for display rather than everyday wear. If you have questions about the size before ordering, contact us at info@autographauthentic.com.</p>
<p><strong>Packaging &amp; shipping:</strong> Handling typically takes 1 to 5 business days, and orders typically ship within 7 business days. As an autographed collectible, some orders can take a few additional weeks if the piece is being framed, the jersey is being sewn together, or we're waiting on a celebrity signing, we’ll keep you updated if that applies to your order. See our Shipping Policy for full details.</p>
<p>Photos shown are our catalogue images.</p>"
8200590819417,josh-morrissey-winnipeg-autographed-ads-jersey,Josh Morrissey Winnipeg Jets Autographed Adidas Jersey,"<p>This licensed Winnipeg Jets jersey has been personally autographed by Josh Morrissey and is guaranteed authentic. Every item we sell is sourced directly from the player, from official signings, from exclusive distributors, or from autographs certified by recognized third-party authenticators. This piece ships with a numbered Certificate of Authenticity and a tamper-proof, uniquely coded hologram, backed by our 100% Authenticity Guarantee.</p>
<p><strong>Sizing:</strong> This jersey comes in size L or XL. As a high-end signed collectible, it's intended for display rather than everyday wear. If you have questions about the size before ordering, contact us at info@autographauthentic.com.</p>
<p><strong>Packaging &amp; shipping:</strong> Handling typically takes 1–5 business days, and orders typically ship within 7 business days. As an autographed collectible, some orders can take a few additional weeks if the piece is being framed, the jersey is being sewn together, or we're waiting on a celebrity signing — we’ll keep you updated if that applies to your order. See our Shipping Policy for full details.</p>
<p>Photos shown are our catalogue images.</p>","<p>This licensed Winnipeg Jets jersey has been personally autographed by Josh Morrissey and is guaranteed authentic. Every item we sell is sourced directly from the player, from official signings, from exclusive distributors, or from autographs certified by recognized third-party authenticators. This piece ships with a numbered Certificate of Authenticity and a tamper-proof, uniquely coded hologram, backed by our 100% Authenticity Guarantee.</p>
<p><strong>Sizing:</strong> This jersey comes in size L or XL. As a high-end signed collectible, it's intended for display rather than everyday wear. If you have questions about the size before ordering, contact us at info@autographauthentic.com.</p>
<p><strong>Packaging &amp; shipping:</strong> Handling typically takes 1 to 5 business days, and orders typically ship within 7 business days. As an autographed collectible, some orders can take a few additional weeks if the piece is being framed, the jersey is being sewn together, or we're waiting on a celebrity signing, we’ll keep you updated if that applies to your order. See our Shipping Policy for full details.</p>
<p>Photos shown are our catalogue images.</p>"
8200590917721,dale-hawerchuk-winnipeg-signed-vintage-36x44-framed-jersey-display,Dale Hawerchuk Winnipeg Jets Signed Vintage 36x44 Frame,"<p>This licensed Winnipeg Jets Vintage jersey display piece has been personally autographed by Dale Hawerchuk and is guaranteed authentic. Every item we sell is sourced directly from the player, from official signings, from exclusive distributors, or from autographs certified by recognized third-party authenticators. This piece ships with a numbered Certificate of Authenticity and a tamper-proof, uniquely coded hologram, backed by our 100% Authenticity Guarantee.</p>
<p><strong>Packaging &amp; shipping:</strong> Handling typically takes 1–5 business days, and orders typically ship within 7 business days. As an autographed collectible, some orders can take a few additional weeks if the piece is being framed, the jersey is being sewn together, or we're waiting on a celebrity signing — we’ll keep you updated if that applies to your order. See our Shipping Policy for full details.</p>
<p>Photos shown are our catalogue images.</p>
<p><strong>Framed size:</strong> 36"" x 44""</p>","<p>This licensed Winnipeg Jets Vintage jersey display piece has been personally autographed by Dale Hawerchuk and is guaranteed authentic. Every item we sell is sourced directly from the player, from official signings, from exclusive distributors, or from autographs certified by recognized third-party authenticators. This piece ships with a numbered Certificate of Authenticity and a tamper-proof, uniquely coded hologram, backed by our 100% Authenticity Guarantee.</p>
<p><strong>Packaging &amp; shipping:</strong> Handling typically takes 1 to 5 business days, and orders typically ship within 7 business days. As an autographed collectible, some orders can take a few additional weeks if the piece is being framed, the jersey is being sewn together, or we're waiting on a celebrity signing, we’ll keep you updated if that applies to your order. See our Shipping Policy for full details.</p>
<p>Photos shown are our catalogue images.</p>
<p><strong>Framed size:</strong> 36"" x 44""</p>"
8200590983257,blake-wheeler-winnipeg-autographed-fntcs-jersey,Blake Wheeler Winnipeg Jets Autographed Fanatics Jersey,"<p>This licensed Winnipeg Jets jersey has been personally autographed by Blake Wheeler and is guaranteed authentic. Every item we sell is sourced directly from the player, from official signings, from exclusive distributors, or from autographs certified by recognized third-party authenticators. This piece ships with a numbered Certificate of Authenticity and a tamper-proof, uniquely coded hologram, backed by our 100% Authenticity Guarantee.</p>
<p><strong>Sizing:</strong> This jersey comes in size L or XL. As a high-end signed collectible, it's intended for display rather than everyday wear. If you have questions about the size before ordering, contact us at info@autographauthentic.com.</p>
<p><strong>Packaging &amp; shipping:</strong> Handling typically takes 1–5 business days, and orders typically ship within 7 business days. As an autographed collectible, some orders can take a few additional weeks if the piece is being framed, the jersey is being sewn together, or we're waiting on a celebrity signing — we’ll keep you updated if that applies to your order. See our Shipping Policy for full details.</p>
<p>Photos shown are our catalogue images.</p>","<p>This licensed Winnipeg Jets jersey has been personally autographed by Blake Wheeler and is guaranteed authentic. Every item we sell is sourced directly from the player, from official signings, from exclusive distributors, or from autographs certified by recognized third-party authenticators. This piece ships with a numbered Certificate of Authenticity and a tamper-proof, uniquely coded hologram, backed by our 100% Authenticity Guarantee.</p>
<p><strong>Sizing:</strong> This jersey comes in size L or XL. As a high-end signed collectible, it's intended for display rather than everyday wear. If you have questions about the size before ordering, contact us at info@autographauthentic.com.</p>
<p><strong>Packaging &amp; shipping:</strong> Handling typically takes 1 to 5 business days, and orders typically ship within 7 business days. As an autographed collectible, some orders can take a few additional weeks if the piece is being framed, the jersey is being sewn together, or we're waiting on a celebrity signing, we’ll keep you updated if that applies to your order. See our Shipping Policy for full details.</p>
<p>Photos shown are our catalogue images.</p>"
8200591048793,nathan-mackinnon-signed-halifax-mooseheads-chl-jersey,Nathan MacKinnon Signed Halifax Mooseheads CHL CCM Jersey,"<p>This licensed Halifax Mooseheads CHL jersey has been personally autographed by Nathan MacKinnon and is guaranteed authentic. Every item we sell is sourced directly from the player, from official signings, from exclusive distributors, or from autographs certified by recognized third-party authenticators. This piece ships with a numbered Certificate of Authenticity and a tamper-proof, uniquely coded hologram, backed by our 100% Authenticity Guarantee.</p>
<p><strong>Sizing:</strong> This jersey comes in size L or XL. As a high-end signed collectible, it's intended for display rather than everyday wear. If you have questions about the size before ordering, contact us at info@autographauthentic.com.</p>
<p><strong>Packaging &amp; shipping:</strong> Handling typically takes 1–5 business days, and orders typically ship within 7 business days. As an autographed collectible, some orders can take a few additional weeks if the piece is being framed, the jersey is being sewn together, or we're waiting on a celebrity signing — we’ll keep you updated if that applies to your order. See our Shipping Policy for full details.</p>
<p>Photos shown are our catalogue images.</p>","<p>This licensed Halifax Mooseheads CHL jersey has been personally autographed by Nathan MacKinnon and is guaranteed authentic. Every item we sell is sourced directly from the player, from official signings, from exclusive distributors, or from autographs certified by recognized third-party authenticators. This piece ships with a numbered Certificate of Authenticity and a tamper-proof, uniquely coded hologram, backed by our 100% Authenticity Guarantee.</p>
<p><strong>Sizing:</strong> This jersey comes in size L or XL. As a high-end signed collectible, it's intended for display rather than everyday wear. If you have questions about the size before ordering, contact us at info@autographauthentic.com.</p>
<p><strong>Packaging &amp; shipping:</strong> Handling typically takes 1 to 5 business days, and orders typically ship within 7 business days. As an autographed collectible, some orders can take a few additional weeks if the piece is being framed, the jersey is being sewn together, or we're waiting on a celebrity signing, we’ll keep you updated if that applies to your order. See our Shipping Policy for full details.</p>
<p>Photos shown are our catalogue images.</p>"
8200591114329,bobby-orr-autographed-oshawa-generals-chl-jersey,Bobby Orr Autographed Oshawa Generals CHL CCM Jersey,"<p>This licensed Oshawa Generals CHL jersey has been personally autographed by Bobby Orr and is guaranteed authentic. Every item we sell is sourced directly from the player, from official signings, from exclusive distributors, or from autographs certified by recognized third-party authenticators. This piece ships with a numbered Certificate of Authenticity and a tamper-proof, uniquely coded hologram, backed by our 100% Authenticity Guarantee.</p>
<p><strong>Sizing:</strong> This jersey comes in size L or XL. As a high-end signed collectible, it's intended for display rather than everyday wear. If you have questions about the size before ordering, contact us at info@autographauthentic.com.</p>
<p><strong>Packaging &amp; shipping:</strong> Handling typically takes 1–5 business days, and orders typically ship within 7 business days. As an autographed collectible, some orders can take a few additional weeks if the piece is being framed, the jersey is being sewn together, or we're waiting on a celebrity signing — we’ll keep you updated if that applies to your order. See our Shipping Policy for full details.</p>
<p>Photos shown are our catalogue images.</p>","<p>This licensed Oshawa Generals CHL jersey has been personally autographed by Bobby Orr and is guaranteed authentic. Every item we sell is sourced directly from the player, from official signings, from exclusive distributors, or from autographs certified by recognized third-party authenticators. This piece ships with a numbered Certificate of Authenticity and a tamper-proof, uniquely coded hologram, backed by our 100% Authenticity Guarantee.</p>
<p><strong>Sizing:</strong> This jersey comes in size L or XL. As a high-end signed collectible, it's intended for display rather than everyday wear. If you have questions about the size before ordering, contact us at info@autographauthentic.com.</p>
<p><strong>Packaging &amp; shipping:</strong> Handling typically takes 1 to 5 business days, and orders typically ship within 7 business days. As an autographed collectible, some orders can take a few additional weeks if the piece is being framed, the jersey is being sewn together, or we're waiting on a celebrity signing, we’ll keep you updated if that applies to your order. See our Shipping Policy for full details.</p>
<p>Photos shown are our catalogue images.</p>"
8200591179865,pete-mahovlich-1972-summit-series-signed-canada-hockey-jersey,Pete Mahovlich 1972 Summit Series Signed Team Canada Jersey,"<p>This licensed Team Canada jersey has been personally autographed by Pete Mahovlich and is guaranteed authentic. Every item we sell is sourced directly from the player, from official signings, from exclusive distributors, or from autographs certified by recognized third-party authenticators. This piece ships with a numbered Certificate of Authenticity and a tamper-proof, uniquely coded hologram, backed by our 100% Authenticity Guarantee.</p>
<p><strong>Sizing:</strong> This jersey comes in size L or XL. As a high-end signed collectible, it's intended for display rather than everyday wear. If you have questions about the size before ordering, contact us at info@autographauthentic.com.</p>
<p><strong>Packaging &amp; shipping:</strong> Handling typically takes 1–5 business days, and orders typically ship within 7 business days. As an autographed collectible, some orders can take a few additional weeks if the piece is being framed, the jersey is being sewn together, or we're waiting on a celebrity signing — we’ll keep you updated if that applies to your order. See our Shipping Policy for full details.</p>
<p>Photos shown are our catalogue images.</p>","<p>This licensed Team Canada jersey has been personally autographed by Pete Mahovlich and is guaranteed authentic. Every item we sell is sourced directly from the player, from official signings, from exclusive distributors, or from autographs certified by recognized third-party authenticators. This piece ships with a numbered Certificate of Authenticity and a tamper-proof, uniquely coded hologram, backed by our 100% Authenticity Guarantee.</p>
<p><strong>Sizing:</strong> This jersey comes in size L or XL. As a high-end signed collectible, it's intended for display rather than everyday wear. If you have questions about the size before ordering, contact us at info@autographauthentic.com.</p>
<p><strong>Packaging &amp; shipping:</strong> Handling typically takes 1 to 5 business days, and orders typically ship within 7 business days. As an autographed collectible, some orders can take a few additional weeks if the piece is being framed, the jersey is being sewn together, or we're waiting on a celebrity signing, we’ll keep you updated if that applies to your order. See our Shipping Policy for full details.</p>
<p>Photos shown are our catalogue images.</p>"
8200591278169,denis-potvin-autographed-canada-custom-jersey,Denis Potvin Autographed Team Canada Custom Jersey,"<p>This licensed Team Canada jersey has been personally autographed by Denis Potvin and is guaranteed authentic. Every item we sell is sourced directly from the player, from official signings, from exclusive distributors, or from autographs certified by recognized third-party authenticators. This piece ships with a numbered Certificate of Authenticity and a tamper-proof, uniquely coded hologram, backed by our 100% Authenticity Guarantee.</p>
<p><strong>Sizing:</strong> This jersey comes in size L or XL. As a high-end signed collectible, it's intended for display rather than everyday wear. If you have questions about the size before ordering, contact us at info@autographauthentic.com.</p>
<p><strong>Packaging &amp; shipping:</strong> Handling typically takes 1–5 business days, and orders typically ship within 7 business days. As an autographed collectible, some orders can take a few additional weeks if the piece is being framed, the jersey is being sewn together, or we're waiting on a celebrity signing — we’ll keep you updated if that applies to your order. See our Shipping Policy for full details.</p>
<p>Photos shown are our catalogue images.</p>","<p>This licensed Team Canada jersey has been personally autographed by Denis Potvin and is guaranteed authentic. Every item we sell is sourced directly from the player, from official signings, from exclusive distributors, or from autographs certified by recognized third-party authenticators. This piece ships with a numbered Certificate of Authenticity and a tamper-proof, uniquely coded hologram, backed by our 100% Authenticity Guarantee.</p>
<p><strong>Sizing:</strong> This jersey comes in size L or XL. As a high-end signed collectible, it's intended for display rather than everyday wear. If you have questions about the size before ordering, contact us at info@autographauthentic.com.</p>
<p><strong>Packaging &amp; shipping:</strong> Handling typically takes 1 to 5 business days, and orders typically ship within 7 business days. As an autographed collectible, some orders can take a few additional weeks if the piece is being framed, the jersey is being sewn together, or we're waiting on a celebrity signing, we’ll keep you updated if that applies to your order. See our Shipping Policy for full details.</p>
<p>Photos shown are our catalogue images.</p>"
8200591343705,brendan-shanahan-canada-autographed-centennial-jersey,Brendan Shanahan Team Canada Autographed Centennial Jersey,"<p>This licensed Team Canada jersey has been personally autographed by Brendan Shanahan and is guaranteed authentic. Every item we sell is sourced directly from the player, from official signings, from exclusive distributors, or from autographs certified by recognized third-party authenticators. This piece ships with a numbered Certificate of Authenticity and a tamper-proof, uniquely coded hologram, backed by our 100% Authenticity Guarantee.</p>
<p><strong>Sizing:</strong> This jersey comes in size L or XL. As a high-end signed collectible, it's intended for display rather than everyday wear. If you have questions about the size before ordering, contact us at info@autographauthentic.com.</p>
<p><strong>Packaging &amp; shipping:</strong> Handling typically takes 1–5 business days, and orders typically ship within 7 business days. As an autographed collectible, some orders can take a few additional weeks if the piece is being framed, the jersey is being sewn together, or we're waiting on a celebrity signing — we’ll keep you updated if that applies to your order. See our Shipping Policy for full details.</p>
<p>Photos shown are our catalogue images.</p>","<p>This licensed Team Canada jersey has been personally autographed by Brendan Shanahan and is guaranteed authentic. Every item we sell is sourced directly from the player, from official signings, from exclusive distributors, or from autographs certified by recognized third-party authenticators. This piece ships with a numbered Certificate of Authenticity and a tamper-proof, uniquely coded hologram, backed by our 100% Authenticity Guarantee.</p>
<p><strong>Sizing:</strong> This jersey comes in size L or XL. As a high-end signed collectible, it's intended for display rather than everyday wear. If you have questions about the size before ordering, contact us at info@autographauthentic.com.</p>
<p><strong>Packaging &amp; shipping:</strong> Handling typically takes 1 to 5 business days, and orders typically ship within 7 business days. As an autographed collectible, some orders can take a few additional weeks if the piece is being framed, the jersey is being sewn together, or we're waiting on a celebrity signing, we’ll keep you updated if that applies to your order. See our Shipping Policy for full details.</p>
<p>Photos shown are our catalogue images.</p>"
8200591376473,frank-mahovlich-canada-signed-red-1972-summit-series-jersey,Frank Mahovlich Team Canada Signed Red 1972 Summit Jersey,"<p>This licensed Team Canada Red jersey has been personally autographed by Frank Mahovlich and is guaranteed authentic. Every item we sell is sourced directly from the player, from official signings, from exclusive distributors, or from autographs certified by recognized third-party authenticators. This piece ships with a numbered Certificate of Authenticity and a tamper-proof, uniquely coded hologram, backed by our 100% Authenticity Guarantee.</p>
<p><strong>Sizing:</strong> This jersey comes in size L or XL. As a high-end signed collectible, it's intended for display rather than everyday wear. If you have questions about the size before ordering, contact us at info@autographauthentic.com.</p>
<p><strong>Packaging &amp; shipping:</strong> Handling typically takes 1–5 business days, and orders typically ship within 7 business days. As an autographed collectible, some orders can take a few additional weeks if the piece is being framed, the jersey is being sewn together, or we're waiting on a celebrity signing — we’ll keep you updated if that applies to your order. See our Shipping Policy for full details.</p>
<p>Photos shown are our catalogue images.</p>","<p>This licensed Team Canada Red jersey has been personally autographed by Frank Mahovlich and is guaranteed authentic. Every item we sell is sourced directly from the player, from official signings, from exclusive distributors, or from autographs certified by recognized third-party authenticators. This piece ships with a numbered Certificate of Authenticity and a tamper-proof, uniquely coded hologram, backed by our 100% Authenticity Guarantee.</p>
<p><strong>Sizing:</strong> This jersey comes in size L or XL. As a high-end signed collectible, it's intended for display rather than everyday wear. If you have questions about the size before ordering, contact us at info@autographauthentic.com.</p>
<p><strong>Packaging &amp; shipping:</strong> Handling typically takes 1 to 5 business days, and orders typically ship within 7 business days. As an autographed collectible, some orders can take a few additional weeks if the piece is being framed, the jersey is being sewn together, or we're waiting on a celebrity signing, we’ll keep you updated if that applies to your order. See our Shipping Policy for full details.</p>
<p>Photos shown are our catalogue images.</p>"
8200591474777,guy-lapointe-1972-summit-series-signed-canada-hockey-jersey,Guy Lapointe 1972 Summit Series Signed Team Canada Jersey,"<p>This licensed Team Canada jersey has been personally autographed by Guy Lapointe and is guaranteed authentic. Every item we sell is sourced directly from the player, from official signings, from exclusive distributors, or from autographs certified by recognized third-party authenticators. This piece ships with a numbered Certificate of Authenticity and a tamper-proof, uniquely coded hologram, backed by our 100% Authenticity Guarantee.</p>
<p><strong>Sizing:</strong> This jersey comes in size L or XL. As a high-end signed collectible, it's intended for display rather than everyday wear. If you have questions about the size before ordering, contact us at info@autographauthentic.com.</p>
<p><strong>Packaging &amp; shipping:</strong> Handling typically takes 1–5 business days, and orders typically ship within 7 business days. As an autographed collectible, some orders can take a few additional weeks if the piece is being framed, the jersey is being sewn together, or we're waiting on a celebrity signing — we’ll keep you updated if that applies to your order. See our Shipping Policy for full details.</p>
<p>Photos shown are our catalogue images.</p>","<p>This licensed Team Canada jersey has been personally autographed by Guy Lapointe and is guaranteed authentic. Every item we sell is sourced directly from the player, from official signings, from exclusive distributors, or from autographs certified by recognized third-party authenticators. This piece ships with a numbered Certificate of Authenticity and a tamper-proof, uniquely coded hologram, backed by our 100% Authenticity Guarantee.</p>
<p><strong>Sizing:</strong> This jersey comes in size L or XL. As a high-end signed collectible, it's intended for display rather than everyday wear. If you have questions about the size before ordering, contact us at info@autographauthentic.com.</p>
<p><strong>Packaging &amp; shipping:</strong> Handling typically takes 1 to 5 business days, and orders typically ship within 7 business days. As an autographed collectible, some orders can take a few additional weeks if the piece is being framed, the jersey is being sewn together, or we're waiting on a celebrity signing, we’ll keep you updated if that applies to your order. See our Shipping Policy for full details.</p>
<p>Photos shown are our catalogue images.</p>"
8200591540313,filip-forsberg-team-sweden-autographed-hockey-jersey,Filip Forsberg Team Sweden Autographed Hockey Jersey,"<p>This licensed Team Sweden Hockey jersey has been personally autographed by Filip Forsberg and is guaranteed authentic. Every item we sell is sourced directly from the player, from official signings, from exclusive distributors, or from autographs certified by recognized third-party authenticators. This piece ships with a numbered Certificate of Authenticity and a tamper-proof, uniquely coded hologram, backed by our 100% Authenticity Guarantee.</p>
<p><strong>Sizing:</strong> This jersey comes in size L or XL. As a high-end signed collectible, it's intended for display rather than everyday wear. If you have questions about the size before ordering, contact us at info@autographauthentic.com.</p>
<p><strong>Packaging &amp; shipping:</strong> Handling typically takes 1–5 business days, and orders typically ship within 7 business days. As an autographed collectible, some orders can take a few additional weeks if the piece is being framed, the jersey is being sewn together, or we're waiting on a celebrity signing — we’ll keep you updated if that applies to your order. See our Shipping Policy for full details.</p>
<p>Photos shown are our catalogue images.</p>","<p>This licensed Team Sweden Hockey jersey has been personally autographed by Filip Forsberg and is guaranteed authentic. Every item we sell is sourced directly from the player, from official signings, from exclusive distributors, or from autographs certified by recognized third-party authenticators. This piece ships with a numbered Certificate of Authenticity and a tamper-proof, uniquely coded hologram, backed by our 100% Authenticity Guarantee.</p>
<p><strong>Sizing:</strong> This jersey comes in size L or XL. As a high-end signed collectible, it's intended for display rather than everyday wear. If you have questions about the size before ordering, contact us at info@autographauthentic.com.</p>
<p><strong>Packaging &amp; shipping:</strong> Handling typically takes 1 to 5 business days, and orders typically ship within 7 business days. As an autographed collectible, some orders can take a few additional weeks if the piece is being framed, the jersey is being sewn together, or we're waiting on a celebrity signing, we’ll keep you updated if that applies to your order. See our Shipping Policy for full details.</p>
<p>Photos shown are our catalogue images.</p>"
8200591638617,jack-campbell-signed-2022-all-star-1st-asg-game-ads-jersey-22,Jack Campbell Signed 2022 NHL All-Star Game Jersey /22,"<p>This licensed autographed jersey has been personally autographed by Jack Campbell and is guaranteed authentic. Every item we sell is sourced directly from the player, from official signings, from exclusive distributors, or from autographs certified by recognized third-party authenticators. This piece ships with a numbered Certificate of Authenticity and a tamper-proof, uniquely coded hologram, backed by our 100% Authenticity Guarantee.</p>
<p><strong>Sizing:</strong> This jersey comes in size L or XL. As a high-end signed collectible, it's intended for display rather than everyday wear. If you have questions about the size before ordering, contact us at info@autographauthentic.com.</p>
<p><strong>Packaging &amp; shipping:</strong> Handling typically takes 1–5 business days, and orders typically ship within 7 business days. As an autographed collectible, some orders can take a few additional weeks if the piece is being framed, the jersey is being sewn together, or we're waiting on a celebrity signing — we’ll keep you updated if that applies to your order. See our Shipping Policy for full details.</p>
<p>Photos shown are our catalogue images.</p>","<p>This licensed autographed jersey has been personally autographed by Jack Campbell and is guaranteed authentic. Every item we sell is sourced directly from the player, from official signings, from exclusive distributors, or from autographs certified by recognized third-party authenticators. This piece ships with a numbered Certificate of Authenticity and a tamper-proof, uniquely coded hologram, backed by our 100% Authenticity Guarantee.</p>
<p><strong>Sizing:</strong> This jersey comes in size L or XL. As a high-end signed collectible, it's intended for display rather than everyday wear. If you have questions about the size before ordering, contact us at info@autographauthentic.com.</p>
<p><strong>Packaging &amp; shipping:</strong> Handling typically takes 1 to 5 business days, and orders typically ship within 7 business days. As an autographed collectible, some orders can take a few additional weeks if the piece is being framed, the jersey is being sewn together, or we're waiting on a celebrity signing, we’ll keep you updated if that applies to your order. See our Shipping Policy for full details.</p>
<p>Photos shown are our catalogue images.</p>"
8200591704153,artemi-panarin-signed-2023-all-star-game-ads-jersey,Artemi Panarin Signed 2023 All-Star Game Adidas Jersey,"<p>This licensed autographed jersey has been personally autographed by Artemi Panarin and is guaranteed authentic. Every item we sell is sourced directly from the player, from official signings, from exclusive distributors, or from autographs certified by recognized third-party authenticators. This piece ships with a numbered Certificate of Authenticity and a tamper-proof, uniquely coded hologram, backed by our 100% Authenticity Guarantee.</p>
<p><strong>Sizing:</strong> This jersey comes in size L or XL. As a high-end signed collectible, it's intended for display rather than everyday wear. If you have questions about the size before ordering, contact us at info@autographauthentic.com.</p>
<p><strong>Packaging &amp; shipping:</strong> Handling typically takes 1–5 business days, and orders typically ship within 7 business days. As an autographed collectible, some orders can take a few additional weeks if the piece is being framed, the jersey is being sewn together, or we're waiting on a celebrity signing — we’ll keep you updated if that applies to your order. See our Shipping Policy for full details.</p>
<p>Photos shown are our catalogue images.</p>","<p>This licensed autographed jersey has been personally autographed by Artemi Panarin and is guaranteed authentic. Every item we sell is sourced directly from the player, from official signings, from exclusive distributors, or from autographs certified by recognized third-party authenticators. This piece ships with a numbered Certificate of Authenticity and a tamper-proof, uniquely coded hologram, backed by our 100% Authenticity Guarantee.</p>
<p><strong>Sizing:</strong> This jersey comes in size L or XL. As a high-end signed collectible, it's intended for display rather than everyday wear. If you have questions about the size before ordering, contact us at info@autographauthentic.com.</p>
<p><strong>Packaging &amp; shipping:</strong> Handling typically takes 1 to 5 business days, and orders typically ship within 7 business days. As an autographed collectible, some orders can take a few additional weeks if the piece is being framed, the jersey is being sewn together, or we're waiting on a celebrity signing, we’ll keep you updated if that applies to your order. See our Shipping Policy for full details.</p>
<p>Photos shown are our catalogue images.</p>"
8200591736921,jeremy-roenick-phoenix-hockey-signed-alt-retro-fntcs-jersey,Jeremy Roenick Autographed Phoenix Coyotes Kachina Jersey,"<p>This licensed Phoenix Coyotes jersey has been personally autographed by Jeremy Roenick and is guaranteed authentic. Every item we sell is sourced directly from the player, from official signings, from exclusive distributors, or from autographs certified by recognized third-party authenticators. This piece ships with a numbered Certificate of Authenticity and a tamper-proof, uniquely coded hologram, backed by our 100% Authenticity Guarantee.</p>
<p><strong>Sizing:</strong> This jersey comes in size L or XL. As a high-end signed collectible, it's intended for display rather than everyday wear. If you have questions about the size before ordering, contact us at info@autographauthentic.com.</p>
<p><strong>Packaging &amp; shipping:</strong> Handling typically takes 1–5 business days, and orders typically ship within 7 business days. As an autographed collectible, some orders can take a few additional weeks if the piece is being framed, the jersey is being sewn together, or we're waiting on a celebrity signing — we’ll keep you updated if that applies to your order. See our Shipping Policy for full details.</p>
<p>Photos shown are our catalogue images.</p>","<p>This licensed Phoenix Coyotes jersey has been personally autographed by Jeremy Roenick and is guaranteed authentic. Every item we sell is sourced directly from the player, from official signings, from exclusive distributors, or from autographs certified by recognized third-party authenticators. This piece ships with a numbered Certificate of Authenticity and a tamper-proof, uniquely coded hologram, backed by our 100% Authenticity Guarantee.</p>
<p><strong>Sizing:</strong> This jersey comes in size L or XL. As a high-end signed collectible, it's intended for display rather than everyday wear. If you have questions about the size before ordering, contact us at info@autographauthentic.com.</p>
<p><strong>Packaging &amp; shipping:</strong> Handling typically takes 1 to 5 business days, and orders typically ship within 7 business days. As an autographed collectible, some orders can take a few additional weeks if the piece is being framed, the jersey is being sewn together, or we're waiting on a celebrity signing, we’ll keep you updated if that applies to your order. See our Shipping Policy for full details.</p>
<p>Photos shown are our catalogue images.</p>"
8200591802457,shane-doan-signed-arizona-hockey-vintage-rbk-jersey,Shane Doan Signed Arizona Coyotes Vintage Reebok Jersey,"<p>This licensed Arizona Coyotes Vintage jersey has been personally autographed by Shane Doan and is guaranteed authentic. Every item we sell is sourced directly from the player, from official signings, from exclusive distributors, or from autographs certified by recognized third-party authenticators. This piece ships with a numbered Certificate of Authenticity and a tamper-proof, uniquely coded hologram, backed by our 100% Authenticity Guarantee.</p>
<p><strong>Sizing:</strong> This jersey comes in size L or XL. As a high-end signed collectible, it's intended for display rather than everyday wear. If you have questions about the size before ordering, contact us at info@autographauthentic.com.</p>
<p><strong>Packaging &amp; shipping:</strong> Handling typically takes 1–5 business days, and orders typically ship within 7 business days. As an autographed collectible, some orders can take a few additional weeks if the piece is being framed, the jersey is being sewn together, or we're waiting on a celebrity signing — we’ll keep you updated if that applies to your order. See our Shipping Policy for full details.</p>
<p>Photos shown are our catalogue images.</p>","<p>This licensed Arizona Coyotes Vintage jersey has been personally autographed by Shane Doan and is guaranteed authentic. Every item we sell is sourced directly from the player, from official signings, from exclusive distributors, or from autographs certified by recognized third-party authenticators. This piece ships with a numbered Certificate of Authenticity and a tamper-proof, uniquely coded hologram, backed by our 100% Authenticity Guarantee.</p>
<p><strong>Sizing:</strong> This jersey comes in size L or XL. As a high-end signed collectible, it's intended for display rather than everyday wear. If you have questions about the size before ordering, contact us at info@autographauthentic.com.</p>
<p><strong>Packaging &amp; shipping:</strong> Handling typically takes 1 to 5 business days, and orders typically ship within 7 business days. As an autographed collectible, some orders can take a few additional weeks if the piece is being framed, the jersey is being sewn together, or we're waiting on a celebrity signing, we’ll keep you updated if that applies to your order. See our Shipping Policy for full details.</p>
<p>Photos shown are our catalogue images.</p>"
8200591835225,logan-cooley-arizona-hockey-signed-dated-1st-game-ads-jersey-92,Logan Cooley Arizona Coyotes Signed 1st Game Adidas Jersey /92,"<p>This licensed Arizona Coyotes jersey has been personally autographed by Logan Cooley and is guaranteed authentic. Every item we sell is sourced directly from the player, from official signings, from exclusive distributors, or from autographs certified by recognized third-party authenticators. This piece ships with a numbered Certificate of Authenticity and a tamper-proof, uniquely coded hologram, backed by our 100% Authenticity Guarantee.</p>
<p><strong>Sizing:</strong> This jersey comes in size L or XL. As a high-end signed collectible, it's intended for display rather than everyday wear. If you have questions about the size before ordering, contact us at info@autographauthentic.com.</p>
<p><strong>Packaging &amp; shipping:</strong> Handling typically takes 1–5 business days, and orders typically ship within 7 business days. As an autographed collectible, some orders can take a few additional weeks if the piece is being framed, the jersey is being sewn together, or we're waiting on a celebrity signing — we’ll keep you updated if that applies to your order. See our Shipping Policy for full details.</p>
<p>Photos shown are our catalogue images.</p>","<p>This licensed Arizona Coyotes jersey has been personally autographed by Logan Cooley and is guaranteed authentic. Every item we sell is sourced directly from the player, from official signings, from exclusive distributors, or from autographs certified by recognized third-party authenticators. This piece ships with a numbered Certificate of Authenticity and a tamper-proof, uniquely coded hologram, backed by our 100% Authenticity Guarantee.</p>
<p><strong>Sizing:</strong> This jersey comes in size L or XL. As a high-end signed collectible, it's intended for display rather than everyday wear. If you have questions about the size before ordering, contact us at info@autographauthentic.com.</p>
<p><strong>Packaging &amp; shipping:</strong> Handling typically takes 1 to 5 business days, and orders typically ship within 7 business days. As an autographed collectible, some orders can take a few additional weeks if the piece is being framed, the jersey is being sewn together, or we're waiting on a celebrity signing, we’ll keep you updated if that applies to your order. See our Shipping Policy for full details.</p>
<p>Photos shown are our catalogue images.</p>"
8200591867993,teemu-selanne-signed-anaheim-hockey-black-fntcs-breakaway-jersey,Teemu Selanne Signed Anaheim Ducks Black Fanatics Jersey,"<p>This licensed Anaheim Ducks Black jersey has been personally autographed by Teemu Selanne and is guaranteed authentic. Every item we sell is sourced directly from the player, from official signings, from exclusive distributors, or from autographs certified by recognized third-party authenticators. This piece ships with a numbered Certificate of Authenticity and a tamper-proof, uniquely coded hologram, backed by our 100% Authenticity Guarantee.</p>
<p><strong>Sizing:</strong> This jersey comes in size L or XL. As a high-end signed collectible, it's intended for display rather than everyday wear. If you have questions about the size before ordering, contact us at info@autographauthentic.com.</p>
<p><strong>Packaging &amp; shipping:</strong> Handling typically takes 1–5 business days, and orders typically ship within 7 business days. As an autographed collectible, some orders can take a few additional weeks if the piece is being framed, the jersey is being sewn together, or we're waiting on a celebrity signing — we’ll keep you updated if that applies to your order. See our Shipping Policy for full details.</p>
<p>Photos shown are our catalogue images.</p>","<p>This licensed Anaheim Ducks Black jersey has been personally autographed by Teemu Selanne and is guaranteed authentic. Every item we sell is sourced directly from the player, from official signings, from exclusive distributors, or from autographs certified by recognized third-party authenticators. This piece ships with a numbered Certificate of Authenticity and a tamper-proof, uniquely coded hologram, backed by our 100% Authenticity Guarantee.</p>
<p><strong>Sizing:</strong> This jersey comes in size L or XL. As a high-end signed collectible, it's intended for display rather than everyday wear. If you have questions about the size before ordering, contact us at info@autographauthentic.com.</p>
<p><strong>Packaging &amp; shipping:</strong> Handling typically takes 1 to 5 business days, and orders typically ship within 7 business days. As an autographed collectible, some orders can take a few additional weeks if the piece is being framed, the jersey is being sewn together, or we're waiting on a celebrity signing, we’ll keep you updated if that applies to your order. See our Shipping Policy for full details.</p>
<p>Photos shown are our catalogue images.</p>"
8200592130137,brad-marchand-autographed-boston-hockey-fntcs-premium-jersey,Brad Marchand Signed Boston Bruins Fanatics Premium Jersey,"<p>This licensed Boston Bruins jersey has been personally autographed by Brad Marchand and is guaranteed authentic. Every item we sell is sourced directly from the player, from official signings, from exclusive distributors, or from autographs certified by recognized third-party authenticators. This piece ships with a numbered Certificate of Authenticity and a tamper-proof, uniquely coded hologram, backed by our 100% Authenticity Guarantee.</p>
<p><strong>Sizing:</strong> This jersey comes in size L or XL. As a high-end signed collectible, it's intended for display rather than everyday wear. If you have questions about the size before ordering, contact us at info@autographauthentic.com.</p>
<p><strong>Packaging &amp; shipping:</strong> Handling typically takes 1–5 business days, and orders typically ship within 7 business days. As an autographed collectible, some orders can take a few additional weeks if the piece is being framed, the jersey is being sewn together, or we're waiting on a celebrity signing — we’ll keep you updated if that applies to your order. See our Shipping Policy for full details.</p>
<p>Photos shown are our catalogue images.</p>","<p>This licensed Boston Bruins jersey has been personally autographed by Brad Marchand and is guaranteed authentic. Every item we sell is sourced directly from the player, from official signings, from exclusive distributors, or from autographs certified by recognized third-party authenticators. This piece ships with a numbered Certificate of Authenticity and a tamper-proof, uniquely coded hologram, backed by our 100% Authenticity Guarantee.</p>
<p><strong>Sizing:</strong> This jersey comes in size L or XL. As a high-end signed collectible, it's intended for display rather than everyday wear. If you have questions about the size before ordering, contact us at info@autographauthentic.com.</p>
<p><strong>Packaging &amp; shipping:</strong> Handling typically takes 1 to 5 business days, and orders typically ship within 7 business days. As an autographed collectible, some orders can take a few additional weeks if the piece is being framed, the jersey is being sewn together, or we're waiting on a celebrity signing, we’ll keep you updated if that applies to your order. See our Shipping Policy for full details.</p>
<p>Photos shown are our catalogue images.</p>"
8200592162905,ray-bourque-signed-boston-hockey-puck-logo-36x44-jersey-frame,Ray Bourque Signed Boston Bruins Puck Logo 36x44 Frame,"<p>This licensed Boston Bruins jersey display piece has been personally autographed by Ray Bourque and is guaranteed authentic. Every item we sell is sourced directly from the player, from official signings, from exclusive distributors, or from autographs certified by recognized third-party authenticators. This piece ships with a numbered Certificate of Authenticity and a tamper-proof, uniquely coded hologram, backed by our 100% Authenticity Guarantee.</p>
<p><strong>Packaging &amp; shipping:</strong> Handling typically takes 1–5 business days, and orders typically ship within 7 business days. As an autographed collectible, some orders can take a few additional weeks if the piece is being framed, the jersey is being sewn together, or we're waiting on a celebrity signing — we’ll keep you updated if that applies to your order. See our Shipping Policy for full details.</p>
<p>Photos shown are our catalogue images.</p>
<p><strong>Framed size:</strong> 36"" x 44""</p>","<p>This licensed Boston Bruins jersey display piece has been personally autographed by Ray Bourque and is guaranteed authentic. Every item we sell is sourced directly from the player, from official signings, from exclusive distributors, or from autographs certified by recognized third-party authenticators. This piece ships with a numbered Certificate of Authenticity and a tamper-proof, uniquely coded hologram, backed by our 100% Authenticity Guarantee.</p>
<p><strong>Packaging &amp; shipping:</strong> Handling typically takes 1 to 5 business days, and orders typically ship within 7 business days. As an autographed collectible, some orders can take a few additional weeks if the piece is being framed, the jersey is being sewn together, or we're waiting on a celebrity signing, we’ll keep you updated if that applies to your order. See our Shipping Policy for full details.</p>
<p>Photos shown are our catalogue images.</p>
<p><strong>Framed size:</strong> 36"" x 44""</p>"
8200592228441,pierre-turgeon-signed-buffalo-hockey-fntcs-breakaway-jersey-with-1st-pick,Pierre Turgeon Signed Buffalo Sabres Jersey with 1st Pick,"<p>This licensed Buffalo Sabres jersey has been personally autographed by Pierre Turgeon and is guaranteed authentic. Every item we sell is sourced directly from the player, from official signings, from exclusive distributors, or from autographs certified by recognized third-party authenticators. This piece ships with a numbered Certificate of Authenticity and a tamper-proof, uniquely coded hologram, backed by our 100% Authenticity Guarantee.</p>
<p><strong>Sizing:</strong> This jersey comes in size L or XL. As a high-end signed collectible, it's intended for display rather than everyday wear. If you have questions about the size before ordering, contact us at info@autographauthentic.com.</p>
<p><strong>Packaging &amp; shipping:</strong> Handling typically takes 1–5 business days, and orders typically ship within 7 business days. As an autographed collectible, some orders can take a few additional weeks if the piece is being framed, the jersey is being sewn together, or we're waiting on a celebrity signing — we’ll keep you updated if that applies to your order. See our Shipping Policy for full details.</p>
<p>Photos shown are our catalogue images.</p>","<p>This licensed Buffalo Sabres jersey has been personally autographed by Pierre Turgeon and is guaranteed authentic. Every item we sell is sourced directly from the player, from official signings, from exclusive distributors, or from autographs certified by recognized third-party authenticators. This piece ships with a numbered Certificate of Authenticity and a tamper-proof, uniquely coded hologram, backed by our 100% Authenticity Guarantee.</p>
<p><strong>Sizing:</strong> This jersey comes in size L or XL. As a high-end signed collectible, it's intended for display rather than everyday wear. If you have questions about the size before ordering, contact us at info@autographauthentic.com.</p>
<p><strong>Packaging &amp; shipping:</strong> Handling typically takes 1 to 5 business days, and orders typically ship within 7 business days. As an autographed collectible, some orders can take a few additional weeks if the piece is being framed, the jersey is being sewn together, or we're waiting on a celebrity signing, we’ll keep you updated if that applies to your order. See our Shipping Policy for full details.</p>
<p>Photos shown are our catalogue images.</p>"
8200592293977,pat-lafontaine-signed-buffalo-hockey-puck-logo-36x44-jersey-frame,Pat Lafontaine Signed Buffalo Sabres Puck Logo 36x44 Frame,"<p>This licensed Buffalo Sabres jersey display piece has been personally autographed by Pat Lafontaine and is guaranteed authentic. Every item we sell is sourced directly from the player, from official signings, from exclusive distributors, or from autographs certified by recognized third-party authenticators. This piece ships with a numbered Certificate of Authenticity and a tamper-proof, uniquely coded hologram, backed by our 100% Authenticity Guarantee.</p>
<p><strong>Packaging &amp; shipping:</strong> Handling typically takes 1–5 business days, and orders typically ship within 7 business days. As an autographed collectible, some orders can take a few additional weeks if the piece is being framed, the jersey is being sewn together, or we're waiting on a celebrity signing — we’ll keep you updated if that applies to your order. See our Shipping Policy for full details.</p>
<p>Photos shown are our catalogue images.</p>
<p><strong>Framed size:</strong> 36"" x 44""</p>","<p>This licensed Buffalo Sabres jersey display piece has been personally autographed by Pat Lafontaine and is guaranteed authentic. Every item we sell is sourced directly from the player, from official signings, from exclusive distributors, or from autographs certified by recognized third-party authenticators. This piece ships with a numbered Certificate of Authenticity and a tamper-proof, uniquely coded hologram, backed by our 100% Authenticity Guarantee.</p>
<p><strong>Packaging &amp; shipping:</strong> Handling typically takes 1 to 5 business days, and orders typically ship within 7 business days. As an autographed collectible, some orders can take a few additional weeks if the piece is being framed, the jersey is being sewn together, or we're waiting on a celebrity signing, we’ll keep you updated if that applies to your order. See our Shipping Policy for full details.</p>
<p>Photos shown are our catalogue images.</p>
<p><strong>Framed size:</strong> 36"" x 44""</p>"
8200592326745,jarome-iginla-autographed-colorado-hockey-vintage-rbk-jersey,Jarome Iginla Autographed Colorado Avalanche Vintage Jersey,"<p>This licensed Colorado Avalanche Vintage jersey has been personally autographed by Jarome Iginla and is guaranteed authentic. Every item we sell is sourced directly from the player, from official signings, from exclusive distributors, or from autographs certified by recognized third-party authenticators. This piece ships with a numbered Certificate of Authenticity and a tamper-proof, uniquely coded hologram, backed by our 100% Authenticity Guarantee.</p>
<p><strong>Sizing:</strong> This jersey comes in size L or XL. As a high-end signed collectible, it's intended for display rather than everyday wear. If you have questions about the size before ordering, contact us at info@autographauthentic.com.</p>
<p><strong>Packaging &amp; shipping:</strong> Handling typically takes 1–5 business days, and orders typically ship within 7 business days. As an autographed collectible, some orders can take a few additional weeks if the piece is being framed, the jersey is being sewn together, or we're waiting on a celebrity signing — we’ll keep you updated if that applies to your order. See our Shipping Policy for full details.</p>
<p>Photos shown are our catalogue images.</p>","<p>This licensed Colorado Avalanche Vintage jersey has been personally autographed by Jarome Iginla and is guaranteed authentic. Every item we sell is sourced directly from the player, from official signings, from exclusive distributors, or from autographs certified by recognized third-party authenticators. This piece ships with a numbered Certificate of Authenticity and a tamper-proof, uniquely coded hologram, backed by our 100% Authenticity Guarantee.</p>
<p><strong>Sizing:</strong> This jersey comes in size L or XL. As a high-end signed collectible, it's intended for display rather than everyday wear. If you have questions about the size before ordering, contact us at info@autographauthentic.com.</p>
<p><strong>Packaging &amp; shipping:</strong> Handling typically takes 1 to 5 business days, and orders typically ship within 7 business days. As an autographed collectible, some orders can take a few additional weeks if the piece is being framed, the jersey is being sewn together, or we're waiting on a celebrity signing, we’ll keep you updated if that applies to your order. See our Shipping Policy for full details.</p>
<p>Photos shown are our catalogue images.</p>"
8200592359513,peter-forsberg-signed-colorado-hockey-vintage-rbk-jersey,Peter Forsberg Signed Colorado Avalanche Vintage Jersey,"<p>This licensed Colorado Avalanche Vintage jersey has been personally autographed by Peter Forsberg and is guaranteed authentic. Every item we sell is sourced directly from the player, from official signings, from exclusive distributors, or from autographs certified by recognized third-party authenticators. This piece ships with a numbered Certificate of Authenticity and a tamper-proof, uniquely coded hologram, backed by our 100% Authenticity Guarantee.</p>
<p><strong>Sizing:</strong> This jersey comes in size L or XL. As a high-end signed collectible, it's intended for display rather than everyday wear. If you have questions about the size before ordering, contact us at info@autographauthentic.com.</p>
<p><strong>Packaging &amp; shipping:</strong> Handling typically takes 1–5 business days, and orders typically ship within 7 business days. As an autographed collectible, some orders can take a few additional weeks if the piece is being framed, the jersey is being sewn together, or we're waiting on a celebrity signing — we’ll keep you updated if that applies to your order. See our Shipping Policy for full details.</p>
<p>Photos shown are our catalogue images.</p>","<p>This licensed Colorado Avalanche Vintage jersey has been personally autographed by Peter Forsberg and is guaranteed authentic. Every item we sell is sourced directly from the player, from official signings, from exclusive distributors, or from autographs certified by recognized third-party authenticators. This piece ships with a numbered Certificate of Authenticity and a tamper-proof, uniquely coded hologram, backed by our 100% Authenticity Guarantee.</p>
<p><strong>Sizing:</strong> This jersey comes in size L or XL. As a high-end signed collectible, it's intended for display rather than everyday wear. If you have questions about the size before ordering, contact us at info@autographauthentic.com.</p>
<p><strong>Packaging &amp; shipping:</strong> Handling typically takes 1 to 5 business days, and orders typically ship within 7 business days. As an autographed collectible, some orders can take a few additional weeks if the piece is being framed, the jersey is being sewn together, or we're waiting on a celebrity signing, we’ll keep you updated if that applies to your order. See our Shipping Policy for full details.</p>
<p>Photos shown are our catalogue images.</p>"
8200592425049,teemu-selanne-signed-colorado-hockey-vintage-rbk-jersey,Teemu Selanne Signed Colorado Avalanche Vintage Jersey,"<p>This licensed Colorado Avalanche Vintage jersey has been personally autographed by Teemu Selanne and is guaranteed authentic. Every item we sell is sourced directly from the player, from official signings, from exclusive distributors, or from autographs certified by recognized third-party authenticators. This piece ships with a numbered Certificate of Authenticity and a tamper-proof, uniquely coded hologram, backed by our 100% Authenticity Guarantee.</p>
<p><strong>Sizing:</strong> This jersey comes in size L or XL. As a high-end signed collectible, it's intended for display rather than everyday wear. If you have questions about the size before ordering, contact us at info@autographauthentic.com.</p>
<p><strong>Packaging &amp; shipping:</strong> Handling typically takes 1–5 business days, and orders typically ship within 7 business days. As an autographed collectible, some orders can take a few additional weeks if the piece is being framed, the jersey is being sewn together, or we're waiting on a celebrity signing — we’ll keep you updated if that applies to your order. See our Shipping Policy for full details.</p>
<p>Photos shown are our catalogue images.</p>","<p>This licensed Colorado Avalanche Vintage jersey has been personally autographed by Teemu Selanne and is guaranteed authentic. Every item we sell is sourced directly from the player, from official signings, from exclusive distributors, or from autographs certified by recognized third-party authenticators. This piece ships with a numbered Certificate of Authenticity and a tamper-proof, uniquely coded hologram, backed by our 100% Authenticity Guarantee.</p>
<p><strong>Sizing:</strong> This jersey comes in size L or XL. As a high-end signed collectible, it's intended for display rather than everyday wear. If you have questions about the size before ordering, contact us at info@autographauthentic.com.</p>
<p><strong>Packaging &amp; shipping:</strong> Handling typically takes 1 to 5 business days, and orders typically ship within 7 business days. As an autographed collectible, some orders can take a few additional weeks if the piece is being framed, the jersey is being sewn together, or we're waiting on a celebrity signing, we’ll keep you updated if that applies to your order. See our Shipping Policy for full details.</p>
<p>Photos shown are our catalogue images.</p>"
8200592457817,kevin-korchinski-autographed-chicago-hockey-red-ads-jersey,Kevin Korchinski Autographed Chicago Blackhawks Red Jersey,"<p>This licensed Chicago Blackhawks Red jersey has been personally autographed by Kevin Korchinski and is guaranteed authentic. Every item we sell is sourced directly from the player, from official signings, from exclusive distributors, or from autographs certified by recognized third-party authenticators. This piece ships with a numbered Certificate of Authenticity and a tamper-proof, uniquely coded hologram, backed by our 100% Authenticity Guarantee.</p>
<p><strong>Sizing:</strong> This jersey comes in size L or XL. As a high-end signed collectible, it's intended for display rather than everyday wear. If you have questions about the size before ordering, contact us at info@autographauthentic.com.</p>
<p><strong>Packaging &amp; shipping:</strong> Handling typically takes 1–5 business days, and orders typically ship within 7 business days. As an autographed collectible, some orders can take a few additional weeks if the piece is being framed, the jersey is being sewn together, or we're waiting on a celebrity signing — we’ll keep you updated if that applies to your order. See our Shipping Policy for full details.</p>
<p>Photos shown are our catalogue images.</p>","<p>This licensed Chicago Blackhawks Red jersey has been personally autographed by Kevin Korchinski and is guaranteed authentic. Every item we sell is sourced directly from the player, from official signings, from exclusive distributors, or from autographs certified by recognized third-party authenticators. This piece ships with a numbered Certificate of Authenticity and a tamper-proof, uniquely coded hologram, backed by our 100% Authenticity Guarantee.</p>
<p><strong>Sizing:</strong> This jersey comes in size L or XL. As a high-end signed collectible, it's intended for display rather than everyday wear. If you have questions about the size before ordering, contact us at info@autographauthentic.com.</p>
<p><strong>Packaging &amp; shipping:</strong> Handling typically takes 1 to 5 business days, and orders typically ship within 7 business days. As an autographed collectible, some orders can take a few additional weeks if the piece is being framed, the jersey is being sewn together, or we're waiting on a celebrity signing, we’ll keep you updated if that applies to your order. See our Shipping Policy for full details.</p>
<p>Photos shown are our catalogue images.</p>"
8200592523353,phil-esposito-signed-chicago-hockey-fntcs-breakaway-jersey,Phil Esposito Signed Chicago Blackhawks Fanatics Jersey,"<p>This licensed Chicago Blackhawks jersey has been personally autographed by Phil Esposito and is guaranteed authentic. Every item we sell is sourced directly from the player, from official signings, from exclusive distributors, or from autographs certified by recognized third-party authenticators. This piece ships with a numbered Certificate of Authenticity and a tamper-proof, uniquely coded hologram, backed by our 100% Authenticity Guarantee.</p>
<p><strong>Sizing:</strong> This jersey comes in size L or XL. As a high-end signed collectible, it's intended for display rather than everyday wear. If you have questions about the size before ordering, contact us at info@autographauthentic.com.</p>
<p><strong>Packaging &amp; shipping:</strong> Handling typically takes 1–5 business days, and orders typically ship within 7 business days. As an autographed collectible, some orders can take a few additional weeks if the piece is being framed, the jersey is being sewn together, or we're waiting on a celebrity signing — we’ll keep you updated if that applies to your order. See our Shipping Policy for full details.</p>
<p>Photos shown are our catalogue images.</p>","<p>This licensed Chicago Blackhawks jersey has been personally autographed by Phil Esposito and is guaranteed authentic. Every item we sell is sourced directly from the player, from official signings, from exclusive distributors, or from autographs certified by recognized third-party authenticators. This piece ships with a numbered Certificate of Authenticity and a tamper-proof, uniquely coded hologram, backed by our 100% Authenticity Guarantee.</p>
<p><strong>Sizing:</strong> This jersey comes in size L or XL. As a high-end signed collectible, it's intended for display rather than everyday wear. If you have questions about the size before ordering, contact us at info@autographauthentic.com.</p>
<p><strong>Packaging &amp; shipping:</strong> Handling typically takes 1 to 5 business days, and orders typically ship within 7 business days. As an autographed collectible, some orders can take a few additional weeks if the piece is being framed, the jersey is being sewn together, or we're waiting on a celebrity signing, we’ll keep you updated if that applies to your order. See our Shipping Policy for full details.</p>
<p>Photos shown are our catalogue images.</p>"
8200592588889,zach-werenski-autographed-columbus-hockey-ads-jersey,Zach Werenski Autographed Columbus Blue Jackets Jersey,"<p>This licensed Columbus Blue Jackets jersey has been personally autographed by Zach Werenski and is guaranteed authentic. Every item we sell is sourced directly from the player, from official signings, from exclusive distributors, or from autographs certified by recognized third-party authenticators. This piece ships with a numbered Certificate of Authenticity and a tamper-proof, uniquely coded hologram, backed by our 100% Authenticity Guarantee.</p>
<p><strong>Sizing:</strong> This jersey comes in size L or XL. As a high-end signed collectible, it's intended for display rather than everyday wear. If you have questions about the size before ordering, contact us at info@autographauthentic.com.</p>
<p><strong>Packaging &amp; shipping:</strong> Handling typically takes 1–5 business days, and orders typically ship within 7 business days. As an autographed collectible, some orders can take a few additional weeks if the piece is being framed, the jersey is being sewn together, or we're waiting on a celebrity signing — we’ll keep you updated if that applies to your order. See our Shipping Policy for full details.</p>
<p>Photos shown are our catalogue images.</p>","<p>This licensed Columbus Blue Jackets jersey has been personally autographed by Zach Werenski and is guaranteed authentic. Every item we sell is sourced directly from the player, from official signings, from exclusive distributors, or from autographs certified by recognized third-party authenticators. This piece ships with a numbered Certificate of Authenticity and a tamper-proof, uniquely coded hologram, backed by our 100% Authenticity Guarantee.</p>
<p><strong>Sizing:</strong> This jersey comes in size L or XL. As a high-end signed collectible, it's intended for display rather than everyday wear. If you have questions about the size before ordering, contact us at info@autographauthentic.com.</p>
<p><strong>Packaging &amp; shipping:</strong> Handling typically takes 1 to 5 business days, and orders typically ship within 7 business days. As an autographed collectible, some orders can take a few additional weeks if the piece is being framed, the jersey is being sewn together, or we're waiting on a celebrity signing, we’ll keep you updated if that applies to your order. See our Shipping Policy for full details.</p>
<p>Photos shown are our catalogue images.</p>"
8200592818265,lanny-mcdonald-signed-calgary-hockey-puck-logo-36x44-jersey-frame,Lanny McDonald Signed Calgary Flames Puck Logo 36x44 Frame,"<p>This licensed Calgary Flames jersey display piece has been personally autographed by Lanny McDonald and is guaranteed authentic. Every item we sell is sourced directly from the player, from official signings, from exclusive distributors, or from autographs certified by recognized third-party authenticators. This piece ships with a numbered Certificate of Authenticity and a tamper-proof, uniquely coded hologram, backed by our 100% Authenticity Guarantee.</p>
<p><strong>Packaging &amp; shipping:</strong> Handling typically takes 1–5 business days, and orders typically ship within 7 business days. As an autographed collectible, some orders can take a few additional weeks if the piece is being framed, the jersey is being sewn together, or we're waiting on a celebrity signing — we’ll keep you updated if that applies to your order. See our Shipping Policy for full details.</p>
<p>Photos shown are our catalogue images.</p>
<p><strong>Framed size:</strong> 36"" x 44""</p>","<p>This licensed Calgary Flames jersey display piece has been personally autographed by Lanny McDonald and is guaranteed authentic. Every item we sell is sourced directly from the player, from official signings, from exclusive distributors, or from autographs certified by recognized third-party authenticators. This piece ships with a numbered Certificate of Authenticity and a tamper-proof, uniquely coded hologram, backed by our 100% Authenticity Guarantee.</p>
<p><strong>Packaging &amp; shipping:</strong> Handling typically takes 1 to 5 business days, and orders typically ship within 7 business days. As an autographed collectible, some orders can take a few additional weeks if the piece is being framed, the jersey is being sewn together, or we're waiting on a celebrity signing, we’ll keep you updated if that applies to your order. See our Shipping Policy for full details.</p>
<p>Photos shown are our catalogue images.</p>
<p><strong>Framed size:</strong> 36"" x 44""</p>"
8200592916569,mike-vernon-signed-detroit-hockey-throwback-fntcs-jersey-with-97-note,Mike Vernon Signed Red Wings Throwback Jersey with 97 Note,"<p>This licensed Detroit Red Wings Throwback jersey has been personally autographed by Mike Vernon and is guaranteed authentic. Every item we sell is sourced directly from the player, from official signings, from exclusive distributors, or from autographs certified by recognized third-party authenticators. This piece ships with a numbered Certificate of Authenticity and a tamper-proof, uniquely coded hologram, backed by our 100% Authenticity Guarantee.</p>
<p><strong>Sizing:</strong> This jersey comes in size L or XL. As a high-end signed collectible, it's intended for display rather than everyday wear. If you have questions about the size before ordering, contact us at info@autographauthentic.com.</p>
<p><strong>Packaging &amp; shipping:</strong> Handling typically takes 1–5 business days, and orders typically ship within 7 business days. As an autographed collectible, some orders can take a few additional weeks if the piece is being framed, the jersey is being sewn together, or we're waiting on a celebrity signing — we’ll keep you updated if that applies to your order. See our Shipping Policy for full details.</p>
<p>Photos shown are our catalogue images.</p>","<p>This licensed Detroit Red Wings Throwback jersey has been personally autographed by Mike Vernon and is guaranteed authentic. Every item we sell is sourced directly from the player, from official signings, from exclusive distributors, or from autographs certified by recognized third-party authenticators. This piece ships with a numbered Certificate of Authenticity and a tamper-proof, uniquely coded hologram, backed by our 100% Authenticity Guarantee.</p>
<p><strong>Sizing:</strong> This jersey comes in size L or XL. As a high-end signed collectible, it's intended for display rather than everyday wear. If you have questions about the size before ordering, contact us at info@autographauthentic.com.</p>
<p><strong>Packaging &amp; shipping:</strong> Handling typically takes 1 to 5 business days, and orders typically ship within 7 business days. As an autographed collectible, some orders can take a few additional weeks if the piece is being framed, the jersey is being sewn together, or we're waiting on a celebrity signing, we’ll keep you updated if that applies to your order. See our Shipping Policy for full details.</p>
<p>Photos shown are our catalogue images.</p>"
8200592949337,adam-henrique-signed-edmonton-hockey-2024-cup-ads-jersey,Adam Henrique Signed Edmonton Oilers 2024 Stanley Cup Jersey,"<p>This licensed Edmonton Oilers jersey has been personally autographed by Adam Henrique and is guaranteed authentic. Every item we sell is sourced directly from the player, from official signings, from exclusive distributors, or from autographs certified by recognized third-party authenticators. This piece ships with a numbered Certificate of Authenticity and a tamper-proof, uniquely coded hologram, backed by our 100% Authenticity Guarantee.</p>
<p><strong>Sizing:</strong> This jersey comes in size L or XL. As a high-end signed collectible, it's intended for display rather than everyday wear. If you have questions about the size before ordering, contact us at info@autographauthentic.com.</p>
<p><strong>Packaging &amp; shipping:</strong> Handling typically takes 1–5 business days, and orders typically ship within 7 business days. As an autographed collectible, some orders can take a few additional weeks if the piece is being framed, the jersey is being sewn together, or we're waiting on a celebrity signing — we’ll keep you updated if that applies to your order. See our Shipping Policy for full details.</p>
<p>Photos shown are our catalogue images.</p>","<p>This licensed Edmonton Oilers jersey has been personally autographed by Adam Henrique and is guaranteed authentic. Every item we sell is sourced directly from the player, from official signings, from exclusive distributors, or from autographs certified by recognized third-party authenticators. This piece ships with a numbered Certificate of Authenticity and a tamper-proof, uniquely coded hologram, backed by our 100% Authenticity Guarantee.</p>
<p><strong>Sizing:</strong> This jersey comes in size L or XL. As a high-end signed collectible, it's intended for display rather than everyday wear. If you have questions about the size before ordering, contact us at info@autographauthentic.com.</p>
<p><strong>Packaging &amp; shipping:</strong> Handling typically takes 1 to 5 business days, and orders typically ship within 7 business days. As an autographed collectible, some orders can take a few additional weeks if the piece is being framed, the jersey is being sewn together, or we're waiting on a celebrity signing, we’ll keep you updated if that applies to your order. See our Shipping Policy for full details.</p>
<p>Photos shown are our catalogue images.</p>"
8200593047641,sam-reinhart-florida-hockey-signed-inscribed-2024-cup-ads-jersey,Sam Reinhart Inscribed 2024 Stanley Cup Adidas Jersey,"<p>This licensed Florida Panthers jersey has been personally autographed by Sam Reinhart and is guaranteed authentic. Every item we sell is sourced directly from the player, from official signings, from exclusive distributors, or from autographs certified by recognized third-party authenticators. This piece ships with a numbered Certificate of Authenticity and a tamper-proof, uniquely coded hologram, backed by our 100% Authenticity Guarantee.</p>
<p><strong>Sizing:</strong> This jersey comes in size L or XL. As a high-end signed collectible, it's intended for display rather than everyday wear. If you have questions about the size before ordering, contact us at info@autographauthentic.com.</p>
<p><strong>Packaging &amp; shipping:</strong> Handling typically takes 1–5 business days, and orders typically ship within 7 business days. As an autographed collectible, some orders can take a few additional weeks if the piece is being framed, the jersey is being sewn together, or we're waiting on a celebrity signing — we’ll keep you updated if that applies to your order. See our Shipping Policy for full details.</p>
<p>Photos shown are our catalogue images.</p>","<p>This licensed Florida Panthers jersey has been personally autographed by Sam Reinhart and is guaranteed authentic. Every item we sell is sourced directly from the player, from official signings, from exclusive distributors, or from autographs certified by recognized third-party authenticators. This piece ships with a numbered Certificate of Authenticity and a tamper-proof, uniquely coded hologram, backed by our 100% Authenticity Guarantee.</p>
<p><strong>Sizing:</strong> This jersey comes in size L or XL. As a high-end signed collectible, it's intended for display rather than everyday wear. If you have questions about the size before ordering, contact us at info@autographauthentic.com.</p>
<p><strong>Packaging &amp; shipping:</strong> Handling typically takes 1 to 5 business days, and orders typically ship within 7 business days. As an autographed collectible, some orders can take a few additional weeks if the piece is being framed, the jersey is being sewn together, or we're waiting on a celebrity signing, we’ll keep you updated if that applies to your order. See our Shipping Policy for full details.</p>
<p>Photos shown are our catalogue images.</p>"
8200593211481,roberto-luongo-signed-florida-hockey-vintage-rbk-jersey,Roberto Luongo Signed Florida Panthers Vintage Reebok Jersey,"<p>This licensed Florida Panthers Vintage jersey has been personally autographed by Roberto Luongo and is guaranteed authentic. Every item we sell is sourced directly from the player, from official signings, from exclusive distributors, or from autographs certified by recognized third-party authenticators. This piece ships with a numbered Certificate of Authenticity and a tamper-proof, uniquely coded hologram, backed by our 100% Authenticity Guarantee.</p>
<p><strong>Sizing:</strong> This jersey comes in size L or XL. As a high-end signed collectible, it's intended for display rather than everyday wear. If you have questions about the size before ordering, contact us at info@autographauthentic.com.</p>
<p><strong>Packaging &amp; shipping:</strong> Handling typically takes 1–5 business days, and orders typically ship within 7 business days. As an autographed collectible, some orders can take a few additional weeks if the piece is being framed, the jersey is being sewn together, or we're waiting on a celebrity signing — we’ll keep you updated if that applies to your order. See our Shipping Policy for full details.</p>
<p>Photos shown are our catalogue images.</p>","<p>This licensed Florida Panthers Vintage jersey has been personally autographed by Roberto Luongo and is guaranteed authentic. Every item we sell is sourced directly from the player, from official signings, from exclusive distributors, or from autographs certified by recognized third-party authenticators. This piece ships with a numbered Certificate of Authenticity and a tamper-proof, uniquely coded hologram, backed by our 100% Authenticity Guarantee.</p>
<p><strong>Sizing:</strong> This jersey comes in size L or XL. As a high-end signed collectible, it's intended for display rather than everyday wear. If you have questions about the size before ordering, contact us at info@autographauthentic.com.</p>
<p><strong>Packaging &amp; shipping:</strong> Handling typically takes 1 to 5 business days, and orders typically ship within 7 business days. As an autographed collectible, some orders can take a few additional weeks if the piece is being framed, the jersey is being sewn together, or we're waiting on a celebrity signing, we’ll keep you updated if that applies to your order. See our Shipping Policy for full details.</p>
<p>Photos shown are our catalogue images.</p>"
8200593277017,aaron-ekblad-signed-florida-hockey-2024-cup-ads-jersey,Aaron Ekblad Signed Florida Panthers 2024 Stanley Cup Jersey,"<p>This licensed Florida Panthers jersey has been personally autographed by Aaron Ekblad and is guaranteed authentic. Every item we sell is sourced directly from the player, from official signings, from exclusive distributors, or from autographs certified by recognized third-party authenticators. This piece ships with a numbered Certificate of Authenticity and a tamper-proof, uniquely coded hologram, backed by our 100% Authenticity Guarantee.</p>
<p><strong>Sizing:</strong> This jersey comes in size L or XL. As a high-end signed collectible, it's intended for display rather than everyday wear. If you have questions about the size before ordering, contact us at info@autographauthentic.com.</p>
<p><strong>Packaging &amp; shipping:</strong> Handling typically takes 1–5 business days, and orders typically ship within 7 business days. As an autographed collectible, some orders can take a few additional weeks if the piece is being framed, the jersey is being sewn together, or we're waiting on a celebrity signing — we’ll keep you updated if that applies to your order. See our Shipping Policy for full details.</p>
<p>Photos shown are our catalogue images.</p>","<p>This licensed Florida Panthers jersey has been personally autographed by Aaron Ekblad and is guaranteed authentic. Every item we sell is sourced directly from the player, from official signings, from exclusive distributors, or from autographs certified by recognized third-party authenticators. This piece ships with a numbered Certificate of Authenticity and a tamper-proof, uniquely coded hologram, backed by our 100% Authenticity Guarantee.</p>
<p><strong>Sizing:</strong> This jersey comes in size L or XL. As a high-end signed collectible, it's intended for display rather than everyday wear. If you have questions about the size before ordering, contact us at info@autographauthentic.com.</p>
<p><strong>Packaging &amp; shipping:</strong> Handling typically takes 1 to 5 business days, and orders typically ship within 7 business days. As an autographed collectible, some orders can take a few additional weeks if the piece is being framed, the jersey is being sewn together, or we're waiting on a celebrity signing, we’ll keep you updated if that applies to your order. See our Shipping Policy for full details.</p>
<p>Photos shown are our catalogue images.</p>"
8200593440857,dino-ciccarelli-autographed-florida-hockey-red-fntcs-breakaway-jersey,Dino Ciccarelli Autographed Florida Panthers Red Jersey,"<p>This licensed Florida Panthers Red jersey has been personally autographed by Dino Ciccarelli and is guaranteed authentic. Every item we sell is sourced directly from the player, from official signings, from exclusive distributors, or from autographs certified by recognized third-party authenticators. This piece ships with a numbered Certificate of Authenticity and a tamper-proof, uniquely coded hologram, backed by our 100% Authenticity Guarantee.</p>
<p><strong>Sizing:</strong> This jersey comes in size L or XL. As a high-end signed collectible, it's intended for display rather than everyday wear. If you have questions about the size before ordering, contact us at info@autographauthentic.com.</p>
<p><strong>Packaging &amp; shipping:</strong> Handling typically takes 1–5 business days, and orders typically ship within 7 business days. As an autographed collectible, some orders can take a few additional weeks if the piece is being framed, the jersey is being sewn together, or we're waiting on a celebrity signing — we’ll keep you updated if that applies to your order. See our Shipping Policy for full details.</p>
<p>Photos shown are our catalogue images.</p>","<p>This licensed Florida Panthers Red jersey has been personally autographed by Dino Ciccarelli and is guaranteed authentic. Every item we sell is sourced directly from the player, from official signings, from exclusive distributors, or from autographs certified by recognized third-party authenticators. This piece ships with a numbered Certificate of Authenticity and a tamper-proof, uniquely coded hologram, backed by our 100% Authenticity Guarantee.</p>
<p><strong>Sizing:</strong> This jersey comes in size L or XL. As a high-end signed collectible, it's intended for display rather than everyday wear. If you have questions about the size before ordering, contact us at info@autographauthentic.com.</p>
<p><strong>Packaging &amp; shipping:</strong> Handling typically takes 1 to 5 business days, and orders typically ship within 7 business days. As an autographed collectible, some orders can take a few additional weeks if the piece is being framed, the jersey is being sewn together, or we're waiting on a celebrity signing, we’ll keep you updated if that applies to your order. See our Shipping Policy for full details.</p>
<p>Photos shown are our catalogue images.</p>"
8200593539161,joe-thornton-autographed-florida-hockey-red-fntcs-breakaway-jersey,Joe Thornton Autographed Florida Panthers Red Jersey,"<p>This licensed Florida Panthers Red jersey has been personally autographed by Joe Thornton and is guaranteed authentic. Every item we sell is sourced directly from the player, from official signings, from exclusive distributors, or from autographs certified by recognized third-party authenticators. This piece ships with a numbered Certificate of Authenticity and a tamper-proof, uniquely coded hologram, backed by our 100% Authenticity Guarantee.</p>
<p><strong>Sizing:</strong> This jersey comes in size L or XL. As a high-end signed collectible, it's intended for display rather than everyday wear. If you have questions about the size before ordering, contact us at info@autographauthentic.com.</p>
<p><strong>Packaging &amp; shipping:</strong> Handling typically takes 1–5 business days, and orders typically ship within 7 business days. As an autographed collectible, some orders can take a few additional weeks if the piece is being framed, the jersey is being sewn together, or we're waiting on a celebrity signing — we’ll keep you updated if that applies to your order. See our Shipping Policy for full details.</p>
<p>Photos shown are our catalogue images.</p>","<p>This licensed Florida Panthers Red jersey has been personally autographed by Joe Thornton and is guaranteed authentic. Every item we sell is sourced directly from the player, from official signings, from exclusive distributors, or from autographs certified by recognized third-party authenticators. This piece ships with a numbered Certificate of Authenticity and a tamper-proof, uniquely coded hologram, backed by our 100% Authenticity Guarantee.</p>
<p><strong>Sizing:</strong> This jersey comes in size L or XL. As a high-end signed collectible, it's intended for display rather than everyday wear. If you have questions about the size before ordering, contact us at info@autographauthentic.com.</p>
<p><strong>Packaging &amp; shipping:</strong> Handling typically takes 1 to 5 business days, and orders typically ship within 7 business days. As an autographed collectible, some orders can take a few additional weeks if the piece is being framed, the jersey is being sewn together, or we're waiting on a celebrity signing, we’ll keep you updated if that applies to your order. See our Shipping Policy for full details.</p>
<p>Photos shown are our catalogue images.</p>"
8200593604697,vincent-trocheck-autographed-florida-hockey-fntcs-breakaway-jersey,Vincent Trocheck Autographed Florida Panthers Jersey,"<p>This licensed Florida Panthers jersey has been personally autographed by Vincent Trocheck and is guaranteed authentic. Every item we sell is sourced directly from the player, from official signings, from exclusive distributors, or from autographs certified by recognized third-party authenticators. This piece ships with a numbered Certificate of Authenticity and a tamper-proof, uniquely coded hologram, backed by our 100% Authenticity Guarantee.</p>
<p><strong>Sizing:</strong> This jersey comes in size L or XL. As a high-end signed collectible, it's intended for display rather than everyday wear. If you have questions about the size before ordering, contact us at info@autographauthentic.com.</p>
<p><strong>Packaging &amp; shipping:</strong> Handling typically takes 1–5 business days, and orders typically ship within 7 business days. As an autographed collectible, some orders can take a few additional weeks if the piece is being framed, the jersey is being sewn together, or we're waiting on a celebrity signing — we’ll keep you updated if that applies to your order. See our Shipping Policy for full details.</p>
<p>Photos shown are our catalogue images.</p>","<p>This licensed Florida Panthers jersey has been personally autographed by Vincent Trocheck and is guaranteed authentic. Every item we sell is sourced directly from the player, from official signings, from exclusive distributors, or from autographs certified by recognized third-party authenticators. This piece ships with a numbered Certificate of Authenticity and a tamper-proof, uniquely coded hologram, backed by our 100% Authenticity Guarantee.</p>
<p><strong>Sizing:</strong> This jersey comes in size L or XL. As a high-end signed collectible, it's intended for display rather than everyday wear. If you have questions about the size before ordering, contact us at info@autographauthentic.com.</p>
<p><strong>Packaging &amp; shipping:</strong> Handling typically takes 1 to 5 business days, and orders typically ship within 7 business days. As an autographed collectible, some orders can take a few additional weeks if the piece is being framed, the jersey is being sewn together, or we're waiting on a celebrity signing, we’ll keep you updated if that applies to your order. See our Shipping Policy for full details.</p>
<p>Photos shown are our catalogue images.</p>"
8200593670233,jari-kurri-autographed-los-angeles-hockey-fntcs-throwback-jersey,Jari Kurri Autographed Los Angeles Kings Fanatics Jersey,"<p>This licensed Los Angeles Kings jersey has been personally autographed by Jari Kurri and is guaranteed authentic. Every item we sell is sourced directly from the player, from official signings, from exclusive distributors, or from autographs certified by recognized third-party authenticators. This piece ships with a numbered Certificate of Authenticity and a tamper-proof, uniquely coded hologram, backed by our 100% Authenticity Guarantee.</p>
<p><strong>Sizing:</strong> This jersey comes in size L or XL. As a high-end signed collectible, it's intended for display rather than everyday wear. If you have questions about the size before ordering, contact us at info@autographauthentic.com.</p>
<p><strong>Packaging &amp; shipping:</strong> Handling typically takes 1–5 business days, and orders typically ship within 7 business days. As an autographed collectible, some orders can take a few additional weeks if the piece is being framed, the jersey is being sewn together, or we're waiting on a celebrity signing — we’ll keep you updated if that applies to your order. See our Shipping Policy for full details.</p>
<p>Photos shown are our catalogue images.</p>","<p>This licensed Los Angeles Kings jersey has been personally autographed by Jari Kurri and is guaranteed authentic. Every item we sell is sourced directly from the player, from official signings, from exclusive distributors, or from autographs certified by recognized third-party authenticators. This piece ships with a numbered Certificate of Authenticity and a tamper-proof, uniquely coded hologram, backed by our 100% Authenticity Guarantee.</p>
<p><strong>Sizing:</strong> This jersey comes in size L or XL. As a high-end signed collectible, it's intended for display rather than everyday wear. If you have questions about the size before ordering, contact us at info@autographauthentic.com.</p>
<p><strong>Packaging &amp; shipping:</strong> Handling typically takes 1 to 5 business days, and orders typically ship within 7 business days. As an autographed collectible, some orders can take a few additional weeks if the piece is being framed, the jersey is being sewn together, or we're waiting on a celebrity signing, we’ll keep you updated if that applies to your order. See our Shipping Policy for full details.</p>
<p>Photos shown are our catalogue images.</p>"
8200593735769,william-karlsson-autographed-vegas-hockey-fntcs-premium-jersey,William Karlsson Signed Golden Knights Fanatics Premium Jersey,"<p>This licensed Vegas Golden Knights jersey has been personally autographed by William Karlsson and is guaranteed authentic. Every item we sell is sourced directly from the player, from official signings, from exclusive distributors, or from autographs certified by recognized third-party authenticators. This piece ships with a numbered Certificate of Authenticity and a tamper-proof, uniquely coded hologram, backed by our 100% Authenticity Guarantee.</p>
<p><strong>Sizing:</strong> This jersey comes in size L or XL. As a high-end signed collectible, it's intended for display rather than everyday wear. If you have questions about the size before ordering, contact us at info@autographauthentic.com.</p>
<p><strong>Packaging &amp; shipping:</strong> Handling typically takes 1–5 business days, and orders typically ship within 7 business days. As an autographed collectible, some orders can take a few additional weeks if the piece is being framed, the jersey is being sewn together, or we're waiting on a celebrity signing — we’ll keep you updated if that applies to your order. See our Shipping Policy for full details.</p>
<p>Photos shown are our catalogue images.</p>","<p>This licensed Vegas Golden Knights jersey has been personally autographed by William Karlsson and is guaranteed authentic. Every item we sell is sourced directly from the player, from official signings, from exclusive distributors, or from autographs certified by recognized third-party authenticators. This piece ships with a numbered Certificate of Authenticity and a tamper-proof, uniquely coded hologram, backed by our 100% Authenticity Guarantee.</p>
<p><strong>Sizing:</strong> This jersey comes in size L or XL. As a high-end signed collectible, it's intended for display rather than everyday wear. If you have questions about the size before ordering, contact us at info@autographauthentic.com.</p>
<p><strong>Packaging &amp; shipping:</strong> Handling typically takes 1 to 5 business days, and orders typically ship within 7 business days. As an autographed collectible, some orders can take a few additional weeks if the piece is being framed, the jersey is being sewn together, or we're waiting on a celebrity signing, we’ll keep you updated if that applies to your order. See our Shipping Policy for full details.</p>
<p>Photos shown are our catalogue images.</p>"
8200593834073,larry-robinson-autographed-montreal-hockey-red-fntcs-breakaway-jersey,Larry Robinson Autographed Montreal Canadiens Red Jersey,"<p>This licensed Montreal Canadiens Red jersey has been personally autographed by Larry Robinson and is guaranteed authentic. Every item we sell is sourced directly from the player, from official signings, from exclusive distributors, or from autographs certified by recognized third-party authenticators. This piece ships with a numbered Certificate of Authenticity and a tamper-proof, uniquely coded hologram, backed by our 100% Authenticity Guarantee.</p>
<p><strong>Sizing:</strong> This jersey comes in size L or XL. As a high-end signed collectible, it's intended for display rather than everyday wear. If you have questions about the size before ordering, contact us at info@autographauthentic.com.</p>
<p><strong>Packaging &amp; shipping:</strong> Handling typically takes 1–5 business days, and orders typically ship within 7 business days. As an autographed collectible, some orders can take a few additional weeks if the piece is being framed, the jersey is being sewn together, or we're waiting on a celebrity signing — we’ll keep you updated if that applies to your order. See our Shipping Policy for full details.</p>
<p>Photos shown are our catalogue images.</p>","<p>This licensed Montreal Canadiens Red jersey has been personally autographed by Larry Robinson and is guaranteed authentic. Every item we sell is sourced directly from the player, from official signings, from exclusive distributors, or from autographs certified by recognized third-party authenticators. This piece ships with a numbered Certificate of Authenticity and a tamper-proof, uniquely coded hologram, backed by our 100% Authenticity Guarantee.</p>
<p><strong>Sizing:</strong> This jersey comes in size L or XL. As a high-end signed collectible, it's intended for display rather than everyday wear. If you have questions about the size before ordering, contact us at info@autographauthentic.com.</p>
<p><strong>Packaging &amp; shipping:</strong> Handling typically takes 1 to 5 business days, and orders typically ship within 7 business days. As an autographed collectible, some orders can take a few additional weeks if the piece is being framed, the jersey is being sewn together, or we're waiting on a celebrity signing, we’ll keep you updated if that applies to your order. See our Shipping Policy for full details.</p>
<p>Photos shown are our catalogue images.</p>"
8200593965145,filip-forsberg-autographed-nashville-hockey-fntcs-premium-jersey,Filip Forsberg Signed Predators Fanatics Premium Jersey,"<p>This licensed Nashville Predators jersey has been personally autographed by Filip Forsberg and is guaranteed authentic. Every item we sell is sourced directly from the player, from official signings, from exclusive distributors, or from autographs certified by recognized third-party authenticators. This piece ships with a numbered Certificate of Authenticity and a tamper-proof, uniquely coded hologram, backed by our 100% Authenticity Guarantee.</p>
<p><strong>Sizing:</strong> This jersey comes in size L or XL. As a high-end signed collectible, it's intended for display rather than everyday wear. If you have questions about the size before ordering, contact us at info@autographauthentic.com.</p>
<p><strong>Packaging &amp; shipping:</strong> Handling typically takes 1–5 business days, and orders typically ship within 7 business days. As an autographed collectible, some orders can take a few additional weeks if the piece is being framed, the jersey is being sewn together, or we're waiting on a celebrity signing — we’ll keep you updated if that applies to your order. See our Shipping Policy for full details.</p>
<p>Photos shown are our catalogue images.</p>","<p>This licensed Nashville Predators jersey has been personally autographed by Filip Forsberg and is guaranteed authentic. Every item we sell is sourced directly from the player, from official signings, from exclusive distributors, or from autographs certified by recognized third-party authenticators. This piece ships with a numbered Certificate of Authenticity and a tamper-proof, uniquely coded hologram, backed by our 100% Authenticity Guarantee.</p>
<p><strong>Sizing:</strong> This jersey comes in size L or XL. As a high-end signed collectible, it's intended for display rather than everyday wear. If you have questions about the size before ordering, contact us at info@autographauthentic.com.</p>
<p><strong>Packaging &amp; shipping:</strong> Handling typically takes 1 to 5 business days, and orders typically ship within 7 business days. As an autographed collectible, some orders can take a few additional weeks if the piece is being framed, the jersey is being sewn together, or we're waiting on a celebrity signing, we’ll keep you updated if that applies to your order. See our Shipping Policy for full details.</p>
<p>Photos shown are our catalogue images.</p>"
8200593997913,steve-thomas-autographed-new-york-hockey-blue-fntcs-breakaway-jersey,Steve Thomas Autographed New York Islanders Blue Jersey,"<p>This licensed New York Islanders Blue jersey has been personally autographed by Steve Thomas and is guaranteed authentic. Every item we sell is sourced directly from the player, from official signings, from exclusive distributors, or from autographs certified by recognized third-party authenticators. This piece ships with a numbered Certificate of Authenticity and a tamper-proof, uniquely coded hologram, backed by our 100% Authenticity Guarantee.</p>
<p><strong>Sizing:</strong> This jersey comes in size L or XL. As a high-end signed collectible, it's intended for display rather than everyday wear. If you have questions about the size before ordering, contact us at info@autographauthentic.com.</p>
<p><strong>Packaging &amp; shipping:</strong> Handling typically takes 1–5 business days, and orders typically ship within 7 business days. As an autographed collectible, some orders can take a few additional weeks if the piece is being framed, the jersey is being sewn together, or we're waiting on a celebrity signing — we’ll keep you updated if that applies to your order. See our Shipping Policy for full details.</p>
<p>Photos shown are our catalogue images.</p>","<p>This licensed New York Islanders Blue jersey has been personally autographed by Steve Thomas and is guaranteed authentic. Every item we sell is sourced directly from the player, from official signings, from exclusive distributors, or from autographs certified by recognized third-party authenticators. This piece ships with a numbered Certificate of Authenticity and a tamper-proof, uniquely coded hologram, backed by our 100% Authenticity Guarantee.</p>
<p><strong>Sizing:</strong> This jersey comes in size L or XL. As a high-end signed collectible, it's intended for display rather than everyday wear. If you have questions about the size before ordering, contact us at info@autographauthentic.com.</p>
<p><strong>Packaging &amp; shipping:</strong> Handling typically takes 1 to 5 business days, and orders typically ship within 7 business days. As an autographed collectible, some orders can take a few additional weeks if the piece is being framed, the jersey is being sewn together, or we're waiting on a celebrity signing, we’ll keep you updated if that applies to your order. See our Shipping Policy for full details.</p>
<p>Photos shown are our catalogue images.</p>"
8200594063449,mike-gartner-autographed-new-york-hockey-blue-fntcs-breakaway-jersey,Mike Gartner Autographed New York Rangers Blue Jersey,"<p>This licensed New York Rangers Blue jersey has been personally autographed by Mike Gartner and is guaranteed authentic. Every item we sell is sourced directly from the player, from official signings, from exclusive distributors, or from autographs certified by recognized third-party authenticators. This piece ships with a numbered Certificate of Authenticity and a tamper-proof, uniquely coded hologram, backed by our 100% Authenticity Guarantee.</p>
<p><strong>Sizing:</strong> This jersey comes in size L or XL. As a high-end signed collectible, it's intended for display rather than everyday wear. If you have questions about the size before ordering, contact us at info@autographauthentic.com.</p>
<p><strong>Packaging &amp; shipping:</strong> Handling typically takes 1–5 business days, and orders typically ship within 7 business days. As an autographed collectible, some orders can take a few additional weeks if the piece is being framed, the jersey is being sewn together, or we're waiting on a celebrity signing — we’ll keep you updated if that applies to your order. See our Shipping Policy for full details.</p>
<p>Photos shown are our catalogue images.</p>","<p>This licensed New York Rangers Blue jersey has been personally autographed by Mike Gartner and is guaranteed authentic. Every item we sell is sourced directly from the player, from official signings, from exclusive distributors, or from autographs certified by recognized third-party authenticators. This piece ships with a numbered Certificate of Authenticity and a tamper-proof, uniquely coded hologram, backed by our 100% Authenticity Guarantee.</p>
<p><strong>Sizing:</strong> This jersey comes in size L or XL. As a high-end signed collectible, it's intended for display rather than everyday wear. If you have questions about the size before ordering, contact us at info@autographauthentic.com.</p>
<p><strong>Packaging &amp; shipping:</strong> Handling typically takes 1 to 5 business days, and orders typically ship within 7 business days. As an autographed collectible, some orders can take a few additional weeks if the piece is being framed, the jersey is being sewn together, or we're waiting on a celebrity signing, we’ll keep you updated if that applies to your order. See our Shipping Policy for full details.</p>
<p>Photos shown are our catalogue images.</p>"
8200594161753,claude-giroux-signed-ottawa-hockey-reverse-retro-2-0-ads-jersey,Claude Giroux Signed Ottawa Senators Reverse Retro Jersey,"<p>This licensed Ottawa Senators jersey has been personally autographed by Claude Giroux and is guaranteed authentic. Every item we sell is sourced directly from the player, from official signings, from exclusive distributors, or from autographs certified by recognized third-party authenticators. This piece ships with a numbered Certificate of Authenticity and a tamper-proof, uniquely coded hologram, backed by our 100% Authenticity Guarantee.</p>
<p><strong>Sizing:</strong> This jersey comes in size L or XL. As a high-end signed collectible, it's intended for display rather than everyday wear. If you have questions about the size before ordering, contact us at info@autographauthentic.com.</p>
<p><strong>Packaging &amp; shipping:</strong> Handling typically takes 1–5 business days, and orders typically ship within 7 business days. As an autographed collectible, some orders can take a few additional weeks if the piece is being framed, the jersey is being sewn together, or we're waiting on a celebrity signing — we’ll keep you updated if that applies to your order. See our Shipping Policy for full details.</p>
<p>Photos shown are our catalogue images.</p>","<p>This licensed Ottawa Senators jersey has been personally autographed by Claude Giroux and is guaranteed authentic. Every item we sell is sourced directly from the player, from official signings, from exclusive distributors, or from autographs certified by recognized third-party authenticators. This piece ships with a numbered Certificate of Authenticity and a tamper-proof, uniquely coded hologram, backed by our 100% Authenticity Guarantee.</p>
<p><strong>Sizing:</strong> This jersey comes in size L or XL. As a high-end signed collectible, it's intended for display rather than everyday wear. If you have questions about the size before ordering, contact us at info@autographauthentic.com.</p>
<p><strong>Packaging &amp; shipping:</strong> Handling typically takes 1 to 5 business days, and orders typically ship within 7 business days. As an autographed collectible, some orders can take a few additional weeks if the piece is being framed, the jersey is being sewn together, or we're waiting on a celebrity signing, we’ll keep you updated if that applies to your order. See our Shipping Policy for full details.</p>
<p>Photos shown are our catalogue images.</p>"
8200594194521,evgeni-malkin-autographed-pittsburgh-hockey-fntcs-premium-jersey,Evgeni Malkin Signed Penguins Fanatics Premium Jersey,"<p>This licensed Pittsburgh Penguins jersey has been personally autographed by Evgeni Malkin and is guaranteed authentic. Every item we sell is sourced directly from the player, from official signings, from exclusive distributors, or from autographs certified by recognized third-party authenticators. This piece ships with a numbered Certificate of Authenticity and a tamper-proof, uniquely coded hologram, backed by our 100% Authenticity Guarantee.</p>
<p><strong>Sizing:</strong> This jersey comes in size L or XL. As a high-end signed collectible, it's intended for display rather than everyday wear. If you have questions about the size before ordering, contact us at info@autographauthentic.com.</p>
<p><strong>Packaging &amp; shipping:</strong> Handling typically takes 1–5 business days, and orders typically ship within 7 business days. As an autographed collectible, some orders can take a few additional weeks if the piece is being framed, the jersey is being sewn together, or we're waiting on a celebrity signing — we’ll keep you updated if that applies to your order. See our Shipping Policy for full details.</p>
<p>Photos shown are our catalogue images.</p>","<p>This licensed Pittsburgh Penguins jersey has been personally autographed by Evgeni Malkin and is guaranteed authentic. Every item we sell is sourced directly from the player, from official signings, from exclusive distributors, or from autographs certified by recognized third-party authenticators. This piece ships with a numbered Certificate of Authenticity and a tamper-proof, uniquely coded hologram, backed by our 100% Authenticity Guarantee.</p>
<p><strong>Sizing:</strong> This jersey comes in size L or XL. As a high-end signed collectible, it's intended for display rather than everyday wear. If you have questions about the size before ordering, contact us at info@autographauthentic.com.</p>
<p><strong>Packaging &amp; shipping:</strong> Handling typically takes 1 to 5 business days, and orders typically ship within 7 business days. As an autographed collectible, some orders can take a few additional weeks if the piece is being framed, the jersey is being sewn together, or we're waiting on a celebrity signing, we’ll keep you updated if that applies to your order. See our Shipping Policy for full details.</p>
<p>Photos shown are our catalogue images.</p>"
8200594260057,joe-sakic-signed-quebec-hockey-fntcs-breakaway-retro-jersey,Joe Sakic Signed Quebec Nordiques Fanatics Breakaway Jersey,"<p>This licensed Quebec Nordiques jersey has been personally autographed by Joe Sakic and is guaranteed authentic. Every item we sell is sourced directly from the player, from official signings, from exclusive distributors, or from autographs certified by recognized third-party authenticators. This piece ships with a numbered Certificate of Authenticity and a tamper-proof, uniquely coded hologram, backed by our 100% Authenticity Guarantee.</p>
<p><strong>Sizing:</strong> This jersey comes in size L or XL. As a high-end signed collectible, it's intended for display rather than everyday wear. If you have questions about the size before ordering, contact us at info@autographauthentic.com.</p>
<p><strong>Packaging &amp; shipping:</strong> Handling typically takes 1–5 business days, and orders typically ship within 7 business days. As an autographed collectible, some orders can take a few additional weeks if the piece is being framed, the jersey is being sewn together, or we're waiting on a celebrity signing — we’ll keep you updated if that applies to your order. See our Shipping Policy for full details.</p>
<p>Photos shown are our catalogue images.</p>","<p>This licensed Quebec Nordiques jersey has been personally autographed by Joe Sakic and is guaranteed authentic. Every item we sell is sourced directly from the player, from official signings, from exclusive distributors, or from autographs certified by recognized third-party authenticators. This piece ships with a numbered Certificate of Authenticity and a tamper-proof, uniquely coded hologram, backed by our 100% Authenticity Guarantee.</p>
<p><strong>Sizing:</strong> This jersey comes in size L or XL. As a high-end signed collectible, it's intended for display rather than everyday wear. If you have questions about the size before ordering, contact us at info@autographauthentic.com.</p>
<p><strong>Packaging &amp; shipping:</strong> Handling typically takes 1 to 5 business days, and orders typically ship within 7 business days. As an autographed collectible, some orders can take a few additional weeks if the piece is being framed, the jersey is being sewn together, or we're waiting on a celebrity signing, we’ll keep you updated if that applies to your order. See our Shipping Policy for full details.</p>
<p>Photos shown are our catalogue images.</p>"
8200594292825,gary-leeman-autographed-toronto-hockey-blue-fntcs-breakaway-jersey,Gary Leeman Autographed Toronto Maple Leafs Blue Jersey,"<p>This licensed Toronto Maple Leafs Blue jersey has been personally autographed by Gary Leeman and is guaranteed authentic. Every item we sell is sourced directly from the player, from official signings, from exclusive distributors, or from autographs certified by recognized third-party authenticators. This piece ships with a numbered Certificate of Authenticity and a tamper-proof, uniquely coded hologram, backed by our 100% Authenticity Guarantee.</p>
<p><strong>Sizing:</strong> This jersey comes in size L or XL. As a high-end signed collectible, it's intended for display rather than everyday wear. If you have questions about the size before ordering, contact us at info@autographauthentic.com.</p>
<p><strong>Packaging &amp; shipping:</strong> Handling typically takes 1–5 business days, and orders typically ship within 7 business days. As an autographed collectible, some orders can take a few additional weeks if the piece is being framed, the jersey is being sewn together, or we're waiting on a celebrity signing — we’ll keep you updated if that applies to your order. See our Shipping Policy for full details.</p>
<p>Photos shown are our catalogue images.</p>","<p>This licensed Toronto Maple Leafs Blue jersey has been personally autographed by Gary Leeman and is guaranteed authentic. Every item we sell is sourced directly from the player, from official signings, from exclusive distributors, or from autographs certified by recognized third-party authenticators. This piece ships with a numbered Certificate of Authenticity and a tamper-proof, uniquely coded hologram, backed by our 100% Authenticity Guarantee.</p>
<p><strong>Sizing:</strong> This jersey comes in size L or XL. As a high-end signed collectible, it's intended for display rather than everyday wear. If you have questions about the size before ordering, contact us at info@autographauthentic.com.</p>
<p><strong>Packaging &amp; shipping:</strong> Handling typically takes 1 to 5 business days, and orders typically ship within 7 business days. As an autographed collectible, some orders can take a few additional weeks if the piece is being framed, the jersey is being sewn together, or we're waiting on a celebrity signing, we’ll keep you updated if that applies to your order. See our Shipping Policy for full details.</p>
<p>Photos shown are our catalogue images.</p>"
8200594325593,anthony-stolarz-autographed-toronto-hockey-fntcs-premium-jersey,Anthony Stolarz Signed Maple Leafs Fanatics Premium Jersey,"<p>This licensed Toronto Maple Leafs jersey has been personally autographed by Anthony Stolarz and is guaranteed authentic. Every item we sell is sourced directly from the player, from official signings, from exclusive distributors, or from autographs certified by recognized third-party authenticators. This piece ships with a numbered Certificate of Authenticity and a tamper-proof, uniquely coded hologram, backed by our 100% Authenticity Guarantee.</p>
<p><strong>Sizing:</strong> This jersey comes in size L or XL. As a high-end signed collectible, it's intended for display rather than everyday wear. If you have questions about the size before ordering, contact us at info@autographauthentic.com.</p>
<p><strong>Packaging &amp; shipping:</strong> Handling typically takes 1–5 business days, and orders typically ship within 7 business days. As an autographed collectible, some orders can take a few additional weeks if the piece is being framed, the jersey is being sewn together, or we're waiting on a celebrity signing — we’ll keep you updated if that applies to your order. See our Shipping Policy for full details.</p>
<p>Photos shown are our catalogue images.</p>","<p>This licensed Toronto Maple Leafs jersey has been personally autographed by Anthony Stolarz and is guaranteed authentic. Every item we sell is sourced directly from the player, from official signings, from exclusive distributors, or from autographs certified by recognized third-party authenticators. This piece ships with a numbered Certificate of Authenticity and a tamper-proof, uniquely coded hologram, backed by our 100% Authenticity Guarantee.</p>
<p><strong>Sizing:</strong> This jersey comes in size L or XL. As a high-end signed collectible, it's intended for display rather than everyday wear. If you have questions about the size before ordering, contact us at info@autographauthentic.com.</p>
<p><strong>Packaging &amp; shipping:</strong> Handling typically takes 1 to 5 business days, and orders typically ship within 7 business days. As an autographed collectible, some orders can take a few additional weeks if the piece is being framed, the jersey is being sewn together, or we're waiting on a celebrity signing, we’ll keep you updated if that applies to your order. See our Shipping Policy for full details.</p>
<p>Photos shown are our catalogue images.</p>"
8200594391129,todd-bertuzzi-autographed-vancouver-hockey-fntcs-breakaway-jersey,Todd Bertuzzi Autographed Vancouver Canucks Fanatics Jersey,"<p>This licensed Vancouver Canucks jersey has been personally autographed by Todd Bertuzzi and is guaranteed authentic. Every item we sell is sourced directly from the player, from official signings, from exclusive distributors, or from autographs certified by recognized third-party authenticators. This piece ships with a numbered Certificate of Authenticity and a tamper-proof, uniquely coded hologram, backed by our 100% Authenticity Guarantee.</p>
<p><strong>Sizing:</strong> This jersey comes in size L or XL. As a high-end signed collectible, it's intended for display rather than everyday wear. If you have questions about the size before ordering, contact us at info@autographauthentic.com.</p>
<p><strong>Packaging &amp; shipping:</strong> Handling typically takes 1–5 business days, and orders typically ship within 7 business days. As an autographed collectible, some orders can take a few additional weeks if the piece is being framed, the jersey is being sewn together, or we're waiting on a celebrity signing — we’ll keep you updated if that applies to your order. See our Shipping Policy for full details.</p>
<p>Photos shown are our catalogue images.</p>","<p>This licensed Vancouver Canucks jersey has been personally autographed by Todd Bertuzzi and is guaranteed authentic. Every item we sell is sourced directly from the player, from official signings, from exclusive distributors, or from autographs certified by recognized third-party authenticators. This piece ships with a numbered Certificate of Authenticity and a tamper-proof, uniquely coded hologram, backed by our 100% Authenticity Guarantee.</p>
<p><strong>Sizing:</strong> This jersey comes in size L or XL. As a high-end signed collectible, it's intended for display rather than everyday wear. If you have questions about the size before ordering, contact us at info@autographauthentic.com.</p>
<p><strong>Packaging &amp; shipping:</strong> Handling typically takes 1 to 5 business days, and orders typically ship within 7 business days. As an autographed collectible, some orders can take a few additional weeks if the piece is being framed, the jersey is being sewn together, or we're waiting on a celebrity signing, we’ll keep you updated if that applies to your order. See our Shipping Policy for full details.</p>
<p>Photos shown are our catalogue images.</p>"
8200594456665,richard-brodeur-signed-vancouver-hockey-black-fntcs-throwback-jersey,Richard Brodeur Signed Vancouver Canucks Black Jersey,"<p>This licensed Vancouver Canucks Black jersey has been personally autographed by Richard Brodeur and is guaranteed authentic. Every item we sell is sourced directly from the player, from official signings, from exclusive distributors, or from autographs certified by recognized third-party authenticators. This piece ships with a numbered Certificate of Authenticity and a tamper-proof, uniquely coded hologram, backed by our 100% Authenticity Guarantee.</p>
<p><strong>Sizing:</strong> This jersey comes in size L or XL. As a high-end signed collectible, it's intended for display rather than everyday wear. If you have questions about the size before ordering, contact us at info@autographauthentic.com.</p>
<p><strong>Packaging &amp; shipping:</strong> Handling typically takes 1–5 business days, and orders typically ship within 7 business days. As an autographed collectible, some orders can take a few additional weeks if the piece is being framed, the jersey is being sewn together, or we're waiting on a celebrity signing — we’ll keep you updated if that applies to your order. See our Shipping Policy for full details.</p>
<p>Photos shown are our catalogue images.</p>","<p>This licensed Vancouver Canucks Black jersey has been personally autographed by Richard Brodeur and is guaranteed authentic. Every item we sell is sourced directly from the player, from official signings, from exclusive distributors, or from autographs certified by recognized third-party authenticators. This piece ships with a numbered Certificate of Authenticity and a tamper-proof, uniquely coded hologram, backed by our 100% Authenticity Guarantee.</p>
<p><strong>Sizing:</strong> This jersey comes in size L or XL. As a high-end signed collectible, it's intended for display rather than everyday wear. If you have questions about the size before ordering, contact us at info@autographauthentic.com.</p>
<p><strong>Packaging &amp; shipping:</strong> Handling typically takes 1 to 5 business days, and orders typically ship within 7 business days. As an autographed collectible, some orders can take a few additional weeks if the piece is being framed, the jersey is being sewn together, or we're waiting on a celebrity signing, we’ll keep you updated if that applies to your order. See our Shipping Policy for full details.</p>
<p>Photos shown are our catalogue images.</p>"
8200594489433,mark-scheifele-autographed-winnipeg-hockey-blue-ads-jersey,Mark Scheifele Autographed Winnipeg Jets Blue Adidas Jersey,"<p>This licensed Winnipeg Jets Blue jersey has been personally autographed by Mark Scheifele and is guaranteed authentic. Every item we sell is sourced directly from the player, from official signings, from exclusive distributors, or from autographs certified by recognized third-party authenticators. This piece ships with a numbered Certificate of Authenticity and a tamper-proof, uniquely coded hologram, backed by our 100% Authenticity Guarantee.</p>
<p><strong>Sizing:</strong> This jersey comes in size L or XL. As a high-end signed collectible, it's intended for display rather than everyday wear. If you have questions about the size before ordering, contact us at info@autographauthentic.com.</p>
<p><strong>Packaging &amp; shipping:</strong> Handling typically takes 1–5 business days, and orders typically ship within 7 business days. As an autographed collectible, some orders can take a few additional weeks if the piece is being framed, the jersey is being sewn together, or we're waiting on a celebrity signing — we’ll keep you updated if that applies to your order. See our Shipping Policy for full details.</p>
<p>Photos shown are our catalogue images.</p>","<p>This licensed Winnipeg Jets Blue jersey has been personally autographed by Mark Scheifele and is guaranteed authentic. Every item we sell is sourced directly from the player, from official signings, from exclusive distributors, or from autographs certified by recognized third-party authenticators. This piece ships with a numbered Certificate of Authenticity and a tamper-proof, uniquely coded hologram, backed by our 100% Authenticity Guarantee.</p>
<p><strong>Sizing:</strong> This jersey comes in size L or XL. As a high-end signed collectible, it's intended for display rather than everyday wear. If you have questions about the size before ordering, contact us at info@autographauthentic.com.</p>
<p><strong>Packaging &amp; shipping:</strong> Handling typically takes 1 to 5 business days, and orders typically ship within 7 business days. As an autographed collectible, some orders can take a few additional weeks if the piece is being framed, the jersey is being sewn together, or we're waiting on a celebrity signing, we’ll keep you updated if that applies to your order. See our Shipping Policy for full details.</p>
<p>Photos shown are our catalogue images.</p>"
8200594522201,teemu-selanne-signed-winnipeg-hockey-special-edition-fntcs-breakaway-jersey,Teemu Selanne Signed Winnipeg Jets Special Edition Jersey,"<p>This licensed Winnipeg Jets jersey has been personally autographed by Teemu Selanne and is guaranteed authentic. Every item we sell is sourced directly from the player, from official signings, from exclusive distributors, or from autographs certified by recognized third-party authenticators. This piece ships with a numbered Certificate of Authenticity and a tamper-proof, uniquely coded hologram, backed by our 100% Authenticity Guarantee.</p>
<p><strong>Sizing:</strong> This jersey comes in size L or XL. As a high-end signed collectible, it's intended for display rather than everyday wear. If you have questions about the size before ordering, contact us at info@autographauthentic.com.</p>
<p><strong>Packaging &amp; shipping:</strong> Handling typically takes 1–5 business days, and orders typically ship within 7 business days. As an autographed collectible, some orders can take a few additional weeks if the piece is being framed, the jersey is being sewn together, or we're waiting on a celebrity signing — we’ll keep you updated if that applies to your order. See our Shipping Policy for full details.</p>
<p>Photos shown are our catalogue images.</p>","<p>This licensed Winnipeg Jets jersey has been personally autographed by Teemu Selanne and is guaranteed authentic. Every item we sell is sourced directly from the player, from official signings, from exclusive distributors, or from autographs certified by recognized third-party authenticators. This piece ships with a numbered Certificate of Authenticity and a tamper-proof, uniquely coded hologram, backed by our 100% Authenticity Guarantee.</p>
<p><strong>Sizing:</strong> This jersey comes in size L or XL. As a high-end signed collectible, it's intended for display rather than everyday wear. If you have questions about the size before ordering, contact us at info@autographauthentic.com.</p>
<p><strong>Packaging &amp; shipping:</strong> Handling typically takes 1 to 5 business days, and orders typically ship within 7 business days. As an autographed collectible, some orders can take a few additional weeks if the piece is being framed, the jersey is being sewn together, or we're waiting on a celebrity signing, we’ll keep you updated if that applies to your order. See our Shipping Policy for full details.</p>
<p>Photos shown are our catalogue images.</p>"
8200594587737,connor-hellebuyck-autographed-winnipeg-hockey-fntcs-premium-jersey,Connor Hellebuyck Signed Winnipeg Jets Fanatics Premium Jersey,"<p>This licensed Winnipeg Jets jersey has been personally autographed by Connor Hellebuyck and is guaranteed authentic. Every item we sell is sourced directly from the player, from official signings, from exclusive distributors, or from autographs certified by recognized third-party authenticators. This piece ships with a numbered Certificate of Authenticity and a tamper-proof, uniquely coded hologram, backed by our 100% Authenticity Guarantee.</p>
<p><strong>Sizing:</strong> This jersey comes in size L or XL. As a high-end signed collectible, it's intended for display rather than everyday wear. If you have questions about the size before ordering, contact us at info@autographauthentic.com.</p>
<p><strong>Packaging &amp; shipping:</strong> Handling typically takes 1–5 business days, and orders typically ship within 7 business days. As an autographed collectible, some orders can take a few additional weeks if the piece is being framed, the jersey is being sewn together, or we're waiting on a celebrity signing — we’ll keep you updated if that applies to your order. See our Shipping Policy for full details.</p>
<p>Photos shown are our catalogue images.</p>","<p>This licensed Winnipeg Jets jersey has been personally autographed by Connor Hellebuyck and is guaranteed authentic. Every item we sell is sourced directly from the player, from official signings, from exclusive distributors, or from autographs certified by recognized third-party authenticators. This piece ships with a numbered Certificate of Authenticity and a tamper-proof, uniquely coded hologram, backed by our 100% Authenticity Guarantee.</p>
<p><strong>Sizing:</strong> This jersey comes in size L or XL. As a high-end signed collectible, it's intended for display rather than everyday wear. If you have questions about the size before ordering, contact us at info@autographauthentic.com.</p>
<p><strong>Packaging &amp; shipping:</strong> Handling typically takes 1 to 5 business days, and orders typically ship within 7 business days. As an autographed collectible, some orders can take a few additional weeks if the piece is being framed, the jersey is being sewn together, or we're waiting on a celebrity signing, we’ll keep you updated if that applies to your order. See our Shipping Policy for full details.</p>
<p>Photos shown are our catalogue images.</p>"
8200594620505,tom-glavine-autographed-atlanta-braves-white-majestic-jersey,Tom Glavine Autographed Atlanta Braves White Majestic Jersey,"<p>This licensed autographed jersey has been personally autographed by Tom Glavine and is guaranteed authentic. Every item we sell is sourced directly from the player, from official signings, from exclusive distributors, or from autographs certified by recognized third-party authenticators. This piece ships with a numbered Certificate of Authenticity and a tamper-proof, uniquely coded hologram, backed by our 100% Authenticity Guarantee.</p>
<p><strong>Sizing:</strong> This jersey comes in size L or XL. As a high-end signed collectible, it's intended for display rather than everyday wear. If you have questions about the size before ordering, contact us at info@autographauthentic.com.</p>
<p><strong>Packaging &amp; shipping:</strong> Handling typically takes 1–5 business days, and orders typically ship within 7 business days. As an autographed collectible, some orders can take a few additional weeks if the piece is being framed, the jersey is being sewn together, or we're waiting on a celebrity signing — we’ll keep you updated if that applies to your order. See our Shipping Policy for full details.</p>
<p>Photos shown are our catalogue images.</p>","<p>This licensed autographed jersey has been personally autographed by Tom Glavine and is guaranteed authentic. Every item we sell is sourced directly from the player, from official signings, from exclusive distributors, or from autographs certified by recognized third-party authenticators. This piece ships with a numbered Certificate of Authenticity and a tamper-proof, uniquely coded hologram, backed by our 100% Authenticity Guarantee.</p>
<p><strong>Sizing:</strong> This jersey comes in size L or XL. As a high-end signed collectible, it's intended for display rather than everyday wear. If you have questions about the size before ordering, contact us at info@autographauthentic.com.</p>
<p><strong>Packaging &amp; shipping:</strong> Handling typically takes 1 to 5 business days, and orders typically ship within 7 business days. As an autographed collectible, some orders can take a few additional weeks if the piece is being framed, the jersey is being sewn together, or we're waiting on a celebrity signing, we’ll keep you updated if that applies to your order. See our Shipping Policy for full details.</p>
<p>Photos shown are our catalogue images.</p>"
8200594686041,andy-moog-autographed-canada-custom-hockey-nation-jersey,Andy Moog Autographed Team Canada Custom Hockey Jersey,"<p>This licensed Team Canada jersey has been personally autographed by Andy Moog and is guaranteed authentic. Every item we sell is sourced directly from the player, from official signings, from exclusive distributors, or from autographs certified by recognized third-party authenticators. This piece ships with a numbered Certificate of Authenticity and a tamper-proof, uniquely coded hologram, backed by our 100% Authenticity Guarantee.</p>
<p><strong>Sizing:</strong> This jersey comes in size L or XL. As a high-end signed collectible, it's intended for display rather than everyday wear. If you have questions about the size before ordering, contact us at info@autographauthentic.com.</p>
<p><strong>Packaging &amp; shipping:</strong> Handling typically takes 1–5 business days, and orders typically ship within 7 business days. As an autographed collectible, some orders can take a few additional weeks if the piece is being framed, the jersey is being sewn together, or we're waiting on a celebrity signing — we’ll keep you updated if that applies to your order. See our Shipping Policy for full details.</p>
<p>Photos shown are our catalogue images.</p>","<p>This licensed Team Canada jersey has been personally autographed by Andy Moog and is guaranteed authentic. Every item we sell is sourced directly from the player, from official signings, from exclusive distributors, or from autographs certified by recognized third-party authenticators. This piece ships with a numbered Certificate of Authenticity and a tamper-proof, uniquely coded hologram, backed by our 100% Authenticity Guarantee.</p>
<p><strong>Sizing:</strong> This jersey comes in size L or XL. As a high-end signed collectible, it's intended for display rather than everyday wear. If you have questions about the size before ordering, contact us at info@autographauthentic.com.</p>
<p><strong>Packaging &amp; shipping:</strong> Handling typically takes 1 to 5 business days, and orders typically ship within 7 business days. As an autographed collectible, some orders can take a few additional weeks if the piece is being framed, the jersey is being sewn together, or we're waiting on a celebrity signing, we’ll keep you updated if that applies to your order. See our Shipping Policy for full details.</p>
<p>Photos shown are our catalogue images.</p>"
8200594718809,mitch-marner-signed-2024-all-star-game-blue-ads-jersey,Mitch Marner Signed 2024 NHL All-Star Game Blue Jersey,"<p>This licensed autographed jersey has been personally autographed by Mitch Marner and is guaranteed authentic. Every item we sell is sourced directly from the player, from official signings, from exclusive distributors, or from autographs certified by recognized third-party authenticators. This piece ships with a numbered Certificate of Authenticity and a tamper-proof, uniquely coded hologram, backed by our 100% Authenticity Guarantee.</p>
<p><strong>Sizing:</strong> This jersey comes in size L or XL. As a high-end signed collectible, it's intended for display rather than everyday wear. If you have questions about the size before ordering, contact us at info@autographauthentic.com.</p>
<p><strong>Packaging &amp; shipping:</strong> Handling typically takes 1–5 business days, and orders typically ship within 7 business days. As an autographed collectible, some orders can take a few additional weeks if the piece is being framed, the jersey is being sewn together, or we're waiting on a celebrity signing — we’ll keep you updated if that applies to your order. See our Shipping Policy for full details.</p>
<p>Photos shown are our catalogue images.</p>","<p>This licensed autographed jersey has been personally autographed by Mitch Marner and is guaranteed authentic. Every item we sell is sourced directly from the player, from official signings, from exclusive distributors, or from autographs certified by recognized third-party authenticators. This piece ships with a numbered Certificate of Authenticity and a tamper-proof, uniquely coded hologram, backed by our 100% Authenticity Guarantee.</p>
<p><strong>Sizing:</strong> This jersey comes in size L or XL. As a high-end signed collectible, it's intended for display rather than everyday wear. If you have questions about the size before ordering, contact us at info@autographauthentic.com.</p>
<p><strong>Packaging &amp; shipping:</strong> Handling typically takes 1 to 5 business days, and orders typically ship within 7 business days. As an autographed collectible, some orders can take a few additional weeks if the piece is being framed, the jersey is being sewn together, or we're waiting on a celebrity signing, we’ll keep you updated if that applies to your order. See our Shipping Policy for full details.</p>
<p>Photos shown are our catalogue images.</p>"
8200594784345,sam-reinhart-signed-inscribed-2024-all-star-game-ads-jersey-13,Sam Reinhart Inscribed 2024 NHL All-Star Jersey /13,"<p>This licensed autographed jersey has been personally autographed by Sam Reinhart and is guaranteed authentic. Every item we sell is sourced directly from the player, from official signings, from exclusive distributors, or from autographs certified by recognized third-party authenticators. This piece ships with a numbered Certificate of Authenticity and a tamper-proof, uniquely coded hologram, backed by our 100% Authenticity Guarantee.</p>
<p><strong>Sizing:</strong> This jersey comes in size L or XL. As a high-end signed collectible, it's intended for display rather than everyday wear. If you have questions about the size before ordering, contact us at info@autographauthentic.com.</p>
<p><strong>Packaging &amp; shipping:</strong> Handling typically takes 1–5 business days, and orders typically ship within 7 business days. As an autographed collectible, some orders can take a few additional weeks if the piece is being framed, the jersey is being sewn together, or we're waiting on a celebrity signing — we’ll keep you updated if that applies to your order. See our Shipping Policy for full details.</p>
<p>Photos shown are our catalogue images.</p>","<p>This licensed autographed jersey has been personally autographed by Sam Reinhart and is guaranteed authentic. Every item we sell is sourced directly from the player, from official signings, from exclusive distributors, or from autographs certified by recognized third-party authenticators. This piece ships with a numbered Certificate of Authenticity and a tamper-proof, uniquely coded hologram, backed by our 100% Authenticity Guarantee.</p>
<p><strong>Sizing:</strong> This jersey comes in size L or XL. As a high-end signed collectible, it's intended for display rather than everyday wear. If you have questions about the size before ordering, contact us at info@autographauthentic.com.</p>
<p><strong>Packaging &amp; shipping:</strong> Handling typically takes 1 to 5 business days, and orders typically ship within 7 business days. As an autographed collectible, some orders can take a few additional weeks if the piece is being framed, the jersey is being sewn together, or we're waiting on a celebrity signing, we’ll keep you updated if that applies to your order. See our Shipping Policy for full details.</p>
<p>Photos shown are our catalogue images.</p>"
8200594817113,mike-gartner-signed-phoenix-hockey-black-kachina-fntcs-breakaway-jersey,Mike Gartner Signed Phoenix Coyotes Black Kachina Jersey,"<p>This licensed Phoenix Coyotes Black jersey has been personally autographed by Mike Gartner and is guaranteed authentic. Every item we sell is sourced directly from the player, from official signings, from exclusive distributors, or from autographs certified by recognized third-party authenticators. This piece ships with a numbered Certificate of Authenticity and a tamper-proof, uniquely coded hologram, backed by our 100% Authenticity Guarantee.</p>
<p><strong>Sizing:</strong> This jersey comes in size L or XL. As a high-end signed collectible, it's intended for display rather than everyday wear. If you have questions about the size before ordering, contact us at info@autographauthentic.com.</p>
<p><strong>Packaging &amp; shipping:</strong> Handling typically takes 1–5 business days, and orders typically ship within 7 business days. As an autographed collectible, some orders can take a few additional weeks if the piece is being framed, the jersey is being sewn together, or we're waiting on a celebrity signing — we’ll keep you updated if that applies to your order. See our Shipping Policy for full details.</p>
<p>Photos shown are our catalogue images.</p>","<p>This licensed Phoenix Coyotes Black jersey has been personally autographed by Mike Gartner and is guaranteed authentic. Every item we sell is sourced directly from the player, from official signings, from exclusive distributors, or from autographs certified by recognized third-party authenticators. This piece ships with a numbered Certificate of Authenticity and a tamper-proof, uniquely coded hologram, backed by our 100% Authenticity Guarantee.</p>
<p><strong>Sizing:</strong> This jersey comes in size L or XL. As a high-end signed collectible, it's intended for display rather than everyday wear. If you have questions about the size before ordering, contact us at info@autographauthentic.com.</p>
<p><strong>Packaging &amp; shipping:</strong> Handling typically takes 1 to 5 business days, and orders typically ship within 7 business days. As an autographed collectible, some orders can take a few additional weeks if the piece is being framed, the jersey is being sewn together, or we're waiting on a celebrity signing, we’ll keep you updated if that applies to your order. See our Shipping Policy for full details.</p>
<p>Photos shown are our catalogue images.</p>"
8246299394137,collectors-crate-fan-edition-aacmh33498,Collector's Crate Hockey Mystery Box,"<p>Autograph Authentic’s Collector's Crate – The Fan Edition is the ultimate mystery box for dedicated hockey collectors and fans. Each crate is carefully curated to deliver an exciting collecting experience, packed with authentic hockey memorabilia, licensed collectibles, and the thrill of the chase.</p>
<p>Unveil the excitement of authentic sports history and search the series for fantastic finds.</p>
<ul>
<li>
<strong>Open a sealed Collector Crate!</strong>
<ul>
<li>discover a mystery mix of authentic hockey memorabilia, licensed collectibles, and unique treasures from our collection of hockey items. </li>
</ul>
</li>
<li>
<strong>Chance for Greatness!</strong>
<ul>
<li>1 in 3 Collector Crates contains a signed hockey jersey. Look for fan favorites, legends, heroes, and current stars, with possible names including Bobby Orr, Guy Lafleur, Doug Gilmour, Eric Lindros, Ray Bourque, Teemu Selanne, and more. </li>
</ul>
</li>
<li>
<strong>Exceptional Value!</strong>
<ul>
<li>Each Collector Crate includes up to 6 hockey collectibles, with at least 1 signed item guaranteed. </li>
</ul>
</li>
<li>
<strong>Hunt for Signed Jerseys!</strong>
<ul>
<li>Every crate includes a licensed replica jersey, hockey photo, hockey puck, and other collectibles — plus 35% of crates include an autographed hockey jersey. </li>
</ul>
</li>
<li>
<strong>Guaranteed!</strong>
<ul>
<li>Collectibles accompanied with COAs and tamper-proof holograms. <br>
</li>
</ul>
</li>
</ul>
<p><em>No Returns or Exchanges: Please note, the Collector’s Crate is a mystery product. Due to the nature of the product, there are no returns, refunds, or exchanges on Collector’s Crate items.</em></p>
<p>Every Collector Crate is part of a limited mystery series built for hockey fans who love the thrill of the chase. Inside the series, collectors can find authentic signed memorabilia from a mix of hockey stars, fan favourites, heroes, and legends.</p>
<p>Every Collector Crate is part of a limited mystery series built for hockey fans who love the thrill of the chase. Inside the series, collectors can find authentic signed memorabilia from a mix of hockey stars, fan favourites, heroes, and legends. Because this is a true mystery product, each crate is different, and specific players, autographs, jerseys, or advertised chase items are not guaranteed in any individual crate. Each Collector Crate is packed, sealed, and mixed by Autograph Authentic. All Collector Crate sales are final, with no returns, refunds, or exchanges.</p>
<p>Photos shown are our catalogue images.</p>","<p>Autograph Authentic’s Collector's Crate, The Fan Edition is the ultimate mystery box for dedicated hockey collectors and fans. Each crate is carefully curated to deliver an exciting collecting experience, packed with authentic hockey memorabilia, licensed collectibles, and the thrill of the chase.</p>
<p>Unveil the excitement of authentic sports history and search the series for fantastic finds.</p>
<ul>
<li>
<strong>Open a sealed Collector Crate!</strong>
<ul>
<li>discover a mystery mix of authentic hockey memorabilia, licensed collectibles, and unique treasures from our collection of hockey items. </li>
</ul>
</li>
<li>
<strong>Chance for Greatness!</strong>
<ul>
<li>1 in 3 Collector Crates contains a signed hockey jersey. Look for fan favorites, legends, heroes, and current stars, with possible names including Bobby Orr, Guy Lafleur, Doug Gilmour, Eric Lindros, Ray Bourque, Teemu Selanne, and more. </li>
</ul>
</li>
<li>
<strong>Exceptional Value!</strong>
<ul>
<li>Each Collector Crate includes up to 6 hockey collectibles, with at least 1 signed item guaranteed. </li>
</ul>
</li>
<li>
<strong>Hunt for Signed Jerseys!</strong>
<ul>
<li>Every crate includes a licensed replica jersey, hockey photo, hockey puck, and other collectibles, plus 35% of crates include an autographed hockey jersey. </li>
</ul>
</li>
<li>
<strong>Guaranteed!</strong>
<ul>
<li>Collectibles accompanied with COAs and tamper-proof holograms. <br>
</li>
</ul>
</li>
</ul>
<p><em>No Returns or Exchanges: Please note, the Collector’s Crate is a mystery product. Due to the nature of the product, there are no returns, refunds, or exchanges on Collector’s Crate items.</em></p>
<p>Every Collector Crate is part of a limited mystery series built for hockey fans who love the thrill of the chase. Inside the series, collectors can find authentic signed memorabilia from a mix of hockey stars, fan favourites, heroes, and legends.</p>
<p>Every Collector Crate is part of a limited mystery series built for hockey fans who love the thrill of the chase. Inside the series, collectors can find authentic signed memorabilia from a mix of hockey stars, fan favourites, heroes, and legends. Because this is a true mystery product, each crate is different, and specific players, autographs, jerseys, or advertised chase items are not guaranteed in any individual crate. Each Collector Crate is packed, sealed, and mixed by Autograph Authentic. All Collector Crate sales are final, with no returns, refunds, or exchanges.</p>
<p>Photos shown are our catalogue images.</p>"
8255883837529,logan-cooley-autographed-usa-custom-hockey-nation-jersey,Logan Cooley Autographed Team USA Custom Hockey Jersey,"<p>This licensed Team USA jersey has been personally autographed by Logan Cooley and is guaranteed authentic. Every item we sell is sourced directly from the player, from official signings, from exclusive distributors, or from autographs certified by recognized third-party authenticators. This piece ships with a numbered Certificate of Authenticity and a tamper-proof, uniquely coded hologram, backed by our 100% Authenticity Guarantee.</p>
<p><strong>Sizing:</strong> This jersey comes in size L or XL. As a high-end signed collectible, it's intended for display rather than everyday wear. If you have questions about the size before ordering, contact us at info@autographauthentic.com.</p>
<p><strong>Packaging &amp; shipping:</strong> Handling typically takes 1–5 business days, and orders typically ship within 7 business days. As an autographed collectible, some orders can take a few additional weeks if the piece is being framed, the jersey is being sewn together, or we're waiting on a celebrity signing — we’ll keep you updated if that applies to your order. See our Shipping Policy for full details.</p>
<p>Photos shown are our catalogue images.</p>","<p>This licensed Team USA jersey has been personally autographed by Logan Cooley and is guaranteed authentic. Every item we sell is sourced directly from the player, from official signings, from exclusive distributors, or from autographs certified by recognized third-party authenticators. This piece ships with a numbered Certificate of Authenticity and a tamper-proof, uniquely coded hologram, backed by our 100% Authenticity Guarantee.</p>
<p><strong>Sizing:</strong> This jersey comes in size L or XL. As a high-end signed collectible, it's intended for display rather than everyday wear. If you have questions about the size before ordering, contact us at info@autographauthentic.com.</p>
<p><strong>Packaging &amp; shipping:</strong> Handling typically takes 1 to 5 business days, and orders typically ship within 7 business days. As an autographed collectible, some orders can take a few additional weeks if the piece is being framed, the jersey is being sewn together, or we're waiting on a celebrity signing, we’ll keep you updated if that applies to your order. See our Shipping Policy for full details.</p>
<p>Photos shown are our catalogue images.</p>"
8255885738073,will-smith-autographed-usa-custom-hockey-nation-jersey,Will Smith Autographed Team USA Custom Hockey Nation Jersey,"<p>This licensed Team USA jersey has been personally autographed by Will Smith and is guaranteed authentic. Every item we sell is sourced directly from the player, from official signings, from exclusive distributors, or from autographs certified by recognized third-party authenticators. This piece ships with a numbered Certificate of Authenticity and a tamper-proof, uniquely coded hologram, backed by our 100% Authenticity Guarantee.</p>
<p><strong>Sizing:</strong> This jersey comes in size L or XL. As a high-end signed collectible, it's intended for display rather than everyday wear. If you have questions about the size before ordering, contact us at info@autographauthentic.com.</p>
<p><strong>Packaging &amp; shipping:</strong> Handling typically takes 1–5 business days, and orders typically ship within 7 business days. As an autographed collectible, some orders can take a few additional weeks if the piece is being framed, the jersey is being sewn together, or we're waiting on a celebrity signing — we’ll keep you updated if that applies to your order. See our Shipping Policy for full details.</p>
<p>Photos shown are our catalogue images.</p>","<p>This licensed Team USA jersey has been personally autographed by Will Smith and is guaranteed authentic. Every item we sell is sourced directly from the player, from official signings, from exclusive distributors, or from autographs certified by recognized third-party authenticators. This piece ships with a numbered Certificate of Authenticity and a tamper-proof, uniquely coded hologram, backed by our 100% Authenticity Guarantee.</p>
<p><strong>Sizing:</strong> This jersey comes in size L or XL. As a high-end signed collectible, it's intended for display rather than everyday wear. If you have questions about the size before ordering, contact us at info@autographauthentic.com.</p>
<p><strong>Packaging &amp; shipping:</strong> Handling typically takes 1 to 5 business days, and orders typically ship within 7 business days. As an autographed collectible, some orders can take a few additional weeks if the piece is being framed, the jersey is being sewn together, or we're waiting on a celebrity signing, we’ll keep you updated if that applies to your order. See our Shipping Policy for full details.</p>
<p>Photos shown are our catalogue images.</p>"
8267592728665,collectors-crate-series-photos-entertainment-50-aacmc33514,Collector's Crate Signed Entertainment Mystery Box,"<p>Step into the spotlight with the <strong>Collector’s Crate – Signed Entertainment Photo Series</strong>, a limited-edition mystery crate built for fans and collectors of movies, television, music, pop culture, sci-fi, wrestling, and legendary entertainment icons.</p>
<p>Only <strong>50 crates</strong> are available in this exclusive series. Each crate includes <strong>3 signed photos guaranteed</strong>, giving collectors the thrill of opening authentic entertainment memorabilia while hunting for rare and valuable signed pieces.</p>
<p>The biggest chase prizes are the <strong>Golden Ticket Museum Frames</strong>. Find a Golden Ticket inside your crate and claim one of the premium framed chase items:</p>
<ul>
<li>
<strong>Billy Dee Williams Signed Lando Calrissian Star Wars Art Collage</strong> — $1,200 value</li>
<li>
<strong>The Incredible Hulk #1 Framed Print Signed by Stan Lee</strong> — $1,400 value</li>
</ul>
<p>Only <strong>one of each framed chase item</strong> is available.</p>
<p>Inside the series, collectors can hunt for signed photos featuring entertainment legends such as <strong>Stan Lee, Leonard Nimoy as Spock, William Shatner, David Prowse as Darth Vader, Kenny Baker as R2-D2, Patrick Stewart, Joe Frazier with Muhammad Ali, Hulk Hogan with Ultimate Warrior, Bruce Campbell, Julie Newmar as Catwoman, Nichelle Nichols, Priscilla Presley, Ron Perlman, Vanna White, and Keir Dullea</strong>. Some signed photos in this series carry values of <strong>$300 to $800+</strong>.</p>
<p>Unbox the excitement, chase the legends, and experience the thrill of authentic entertainment collecting with Autograph Authentic.</p>
<p><br>•<strong>3 Signed Photos Guaranteed:</strong> Every crate includes a minimum of 3 signed entertainment photos. <br>•<strong>Limited Series:</strong> Only 50 crates available. Once they are gone, this series is closed. <br>•<strong>Golden Ticket Chase Items:</strong> Hunt for 2 premium museum-framed prizes valued at $1,200 and $1,400. <br>•<strong>High-Value Finds:</strong> Search for rare signed entertainment photos with values of $300 to $800+. <br>•<strong>Entertainment Legends:</strong> Movies, TV, sci-fi, wrestling, music, pop culture, and iconic celebrity autographs. <br>•<strong>Authenticity Included:</strong> Signed items are accompanied by COAs and tamper-proof holograms where applicable. <br>•<strong>No Returns or Exchanges:</strong> Collector’s Crate is a mystery product. Due to the nature of the product, there are no returns, refunds, or exchanges on Collector’s Crate items.</p>
<p>Order your <strong>Collector’s Crate – Signed Entertainment Photo Series</strong> today. Only <strong>50</strong> are available.</p>
<p>Photos shown are our catalogue images. Items shown represent examples and possible chase items within the series. Specific autographs, actors, characters, movies, values, or Golden Ticket prizes are not guaranteed unless specifically found inside the crate.</p>","<p>Step into the spotlight with the <strong>Collector’s Crate, Signed Entertainment Photo Series</strong>, a limited-edition mystery crate built for fans and collectors of movies, television, music, pop culture, sci-fi, wrestling, and legendary entertainment icons.</p>
<p>Only <strong>50 crates</strong> are available in this exclusive series. Each crate includes <strong>3 signed photos guaranteed</strong>, giving collectors the thrill of opening authentic entertainment memorabilia while hunting for rare and valuable signed pieces.</p>
<p>The biggest chase prizes are the <strong>Golden Ticket Museum Frames</strong>. Find a Golden Ticket inside your crate and claim one of the premium framed chase items:</p>
<ul>
<li>
<strong>Billy Dee Williams Signed Lando Calrissian Star Wars Art Collage</strong>, $1,200 value</li>
<li>
<strong>The Incredible Hulk #1 Framed Print Signed by Stan Lee</strong>, $1,400 value</li>
</ul>
<p>Only <strong>one of each framed chase item</strong> is available.</p>
<p>Inside the series, collectors can hunt for signed photos featuring entertainment legends such as <strong>Stan Lee, Leonard Nimoy as Spock, William Shatner, David Prowse as Darth Vader, Kenny Baker as R2-D2, Patrick Stewart, Joe Frazier with Muhammad Ali, Hulk Hogan with Ultimate Warrior, Bruce Campbell, Julie Newmar as Catwoman, Nichelle Nichols, Priscilla Presley, Ron Perlman, Vanna White, and Keir Dullea</strong>. Some signed photos in this series carry values of <strong>$300 to $800+</strong>.</p>
<p>Unbox the excitement, chase the legends, and experience the thrill of authentic entertainment collecting with Autograph Authentic.</p>
<p><br>•<strong>3 Signed Photos Guaranteed:</strong> Every crate includes a minimum of 3 signed entertainment photos. <br>•<strong>Limited Series:</strong> Only 50 crates available. Once they are gone, this series is closed. <br>•<strong>Golden Ticket Chase Items:</strong> Hunt for 2 premium museum-framed prizes valued at $1,200 and $1,400. <br>•<strong>High-Value Finds:</strong> Search for rare signed entertainment photos with values of $300 to $800+. <br>•<strong>Entertainment Legends:</strong> Movies, TV, sci-fi, wrestling, music, pop culture, and iconic celebrity autographs. <br>•<strong>Authenticity Included:</strong> Signed items are accompanied by COAs and tamper-proof holograms where applicable. <br>•<strong>No Returns or Exchanges:</strong> Collector’s Crate is a mystery product. Due to the nature of the product, there are no returns, refunds, or exchanges on Collector’s Crate items.</p>
<p>Order your <strong>Collector’s Crate, Signed Entertainment Photo Series</strong> today. Only <strong>50</strong> are available.</p>
<p>Photos shown are our catalogue images. Items shown represent examples and possible chase items within the series. Specific autographs, actors, characters, movies, values, or Golden Ticket prizes are not guaranteed unless specifically found inside the crate.</p>"
8349627023449,career-jersey-beliveau-1of299-cjpch30075,Jean Beliveau Career Jersey #1 of 299,"<p>The Jean Beliveau Career Jersey is an autographed limited edition jersey, very rare and a great investment. The jersey is custom made with the accomplishments that highlighted his legendary career. This is <strong>number 1 of the 299 that exist</strong> — the first jersey of the edition. It comes with a Certificate of Authenticity matching the edition number and guaranteeing the autograph. Own a true piece of Hockey History.</p><p>Photos shown are our catalogue images.</p>","<p>The Jean Beliveau Career Jersey is an autographed limited edition jersey, very rare and a great investment. The jersey is custom made with the accomplishments that highlighted his legendary career. This is <strong>number 1 of the 299 that exist</strong>, the first jersey of the edition. It comes with a Certificate of Authenticity matching the edition number and guaranteeing the autograph. Own a true piece of Hockey History.</p><p>Photos shown are our catalogue images.</p>"
8349627088985,career-jersey-beliveau-299of299-cjpch30076,Jean Beliveau Career Jersey #299 of 299,"<p>The Jean Beliveau Career Jersey is an autographed limited edition jersey, very rare and a great investment. The jersey is custom made with the accomplishments that highlighted his legendary career. This is <strong>number 299 of 299</strong> — the final jersey of the edition. It comes with a Certificate of Authenticity matching the edition number and guaranteeing the autograph. Own a true piece of Hockey History.</p><p>Photos shown are our catalogue images.</p>","<p>The Jean Beliveau Career Jersey is an autographed limited edition jersey, very rare and a great investment. The jersey is custom made with the accomplishments that highlighted his legendary career. This is <strong>number 299 of 299</strong>, the final jersey of the edition. It comes with a Certificate of Authenticity matching the edition number and guaranteeing the autograph. Own a true piece of Hockey History.</p><p>Photos shown are our catalogue images.</p>"
