product_id,title,reason
4719045345369,Jean Beliveau Career Jersey,already 66 words
4719046983769,Billy Smith Career Jersey,already 66 words
4719051604057,Ray Bourque Autographed Career Jersey,already 168 words
4719053242457,Johnny Bower Toronto Maple Leafs Career Jersey /299,already 66 words
4719057600601,Paul Coffey Autographed Career Jersey /199,already 66 words
4719065333849,Doug Gilmour Toronto Maple Leafs Career Jersey /193,already 66 words
4719074803801,Gordie Howe Detroit Red Wings Career Jersey /199,already 66 words
4719074967641,Henri Richard Montreal Canadiens Career Jersey /199,already 66 words
4719075524697,Bobby Hull Chicago Blackhawks Career Jersey /399,already 168 words
4719075655769,Bobby Hull Chicago Blackhawks Career Jersey #9 of 399,already 102 words
4719076278361,Guy Lafleur Montreal Canadiens Career Jersey /299,already 168 words
4719076507737,Mario Lemieux Pittsburgh Penguins Career Jersey /166,already 168 words
4719077458009,Eric Lindros Philadelphia Flyers Career Jersey /188,already 168 words
4719077687385,Frank Mahovlich Toronto Maple Leafs Career Jersey /199,already 66 words
4719079653465,Pavel Bure Vancouver Canucks Career Jersey /199,already 168 words
4719080439897,Darryl Sittler Toronto Maple Leafs Career Jersey /199,already 66 words
4719080669273,Darryl Sittler Toronto Maple Leafs Career Jersey Elite Edition,already 68 words
4719080734809,Mats Sundin Autographed Career Jersey,already 66 words
4719081095257,Vladislav Tretiak Autographed Career Jersey,already 66 words
4719081193561,Steve Yzerman Autographed Career Jersey,already 169 words
4719081390169,Chicago Blackhawks Legends Autographed Flag,already 150 words
4719081521241,Montreal Canadiens Legends Autographed Flag,already 152 words
4719081914457,Let's Ask Lithograph Signed by Johnny Bower & Gerry Cheevers,already 156 words
4719081947225,Let's Ask Lithograph Signed by Johnny Bower & Jean Béliveau,already 153 words
4719082111065,Bobby Hull Signed Lithograph,already 149 words
4719082209369,Saturday Morning Signed Lithograph,already 157 words
4719082569817,"Saturday Morning HHOF Lithograph Signed by Bower, Hull",already 158 words
4719082668121,Saturday's Heroes Lithograph Signed by Jean Béliveau,already 152 words
4719082864729,Where Legends Begin Lithograph Signed by Johnny Bower,already 155 words
4719082963033,"Where Legends Begin Lithograph Signed by Bower, Lafleur",already 51 words
4719082995801,"Where Legends Begin Litho - Bower, Hull, Cournoyer, Dionne",already 51 words
4719083094105,"Where Legends Begin Litho Signed by Bower, Hull & Lafleur",already 151 words
4719083159641,"Where Legends Begin Lithograph Signed by Cheevers, Hall (10x10)",already 51 words
4719083749465,1992 Toronto Blue Jays World Series First Day of Issue Stamp,already 77 words
4719083815001,2002 Glenn Hall & Howie Morenz First Day of Issue Stamps,already 55 words
4719083880537,"Canada Post 2001 All-Star Stamp Set, Hull & Beliveau",already 77 words
4719083913305,Red Kelly & Phil Esposito 2002 Day of Issue Stamp Set,already 67 words
4719083978841,Canada Post 2002 Alumni All-Star Stamp Set,already 75 words
4719084830809,Bobby Orr the Goal Framed Photo with Cut Signature /244 (24x20),already 51 words
4719084896345,Bobby Orr the Goal 11x14 Framed Photo,already 77 words
4719086764121,Toronto Maple Leafs Gardens Final Ticket Tribute Photo (24x20),already 56 words
4719086862425,Wayne Gretzky and Connor McDavid Edmonton 16x20 Photograph,already 60 words
4719086927961,Kawhi Leonard Game 7 Winning Shot 16x20 Framed Photo,already 93 words
4719087026265,Kawhi Leonard Game 7 Buzzer Beater 16x20 Framed Photo,already 91 words
4719088107609,Bobby Orr “The Goal” 16x20 Framed Photo,already 78 words
4719088631897,Three Great Nines Hockey Legends Framed Display (24x20),already 51 words
4719089909849,Frank Mahovlich and Red Kelly Signed 11x14 Photo,already 72 words
4719091384409,A.J. Casson Group of Seven “Blue Heron” Framed Print (28x24),already 97 words
4719091449945,A.J. Casson Group of Seven “White Pine” Framed Print (28x24),already 97 words
4719091482713,A.Y. Jackson Group of Seven “Red Maple” Framed Print (28x24),already 142 words
4719091515481,Classic Mafia Bosses Framed Art (33.5x23.5),already 87 words
4719091548249,DC Batman 1966 Adam West & Burt Ward Framed Poster (33.5x23.5),already 90 words
4719091581017,Marvel Amazing Fantasy Spider-Man #15 Cover Framed Poster,already 89 words
4719091613785,Marvel Classic Comic Collection Framed Poster Art (33.5x23.5),already 73 words
4719091679321,Beware of Pit Bulls Colorful Framed Canvas Wall Art (33.5x23.5),already 87 words
4719091810393,Dog Is Love Colorful Framed Canvas Wall Art (33.5x23.5),already 82 words
4719091941465,Lab Love Colorful Framed Canvas Wall Art (33.5x23.5),already 84 words
4719091974233,Silence Is Golden Retriever Framed Canvas Wall Art (33.5x23.5),already 87 words
4719092072537,"Frederick Varley “Stormy Weather, Georgian Bay 1921” Framed Print",already 58 words
4719092236377,Led Zeppelin Aug 1969 Toronto Rockpile Concert Poster (33.5x23.5),already 68 words
4719092269145,Love and a Dog Colorful Pop Art Framed Wall Decor (33.5x23.5),already 88 words
4719092367449,Back to the Future Michael J. Fox Vintage Framed Film Poster,already 73 words
4719092564057,Marvel Star Wars #1 First Issue Comic Cover Reproduction,already 74 words
4719092662361,Gone with the Wind Vintage Framed Film Poster (33.5x23.5),already 76 words
4719092826201,Rocky Vintage Framed Film Poster (33.5x23.5),already 74 words
4719092891737,Star Wars Episode IV a New Hope Framed Poster Print Wall Art,already 77 words
4719092957273,Star Wars Episode V the Empire Strikes Back Framed Poster,already 82 words
4719093022809,Star Wars Episode VI Revenge of the Jedi Framed Poster,already 60 words
4719093055577,Star Wars Return of the Jedi Framed Poster (33.5x23.5),already 83 words
4719093121113,Star Wars Episode VI Return of the Jedi Framed Poster Print,already 78 words
4719093153881,Star Wars The Empire Strikes Back Marvel Comic Framed Poster,already 80 words
4719093678169,The Beatles Maple Leaf Gardens 1966 Framed Photo (33.5x23.5),already 84 words
4719093743705,The Beatles at the Eiffel Tower Framed Canvas (33.5x23.5),already 146 words
4719097118809,Bobby Hull & Brett Hull Signed Photo,already 160 words
4719098331225,Kawhi Leonard Spotlight Framed Canvas (33.5x23.5),already 86 words
4719098396761,Kawhi Leonard “The Launch” Framed Canvas (33.5x23.5),already 83 words
4719098527833,LeBron James Slam Dunk Tribute Framed Canvas (33.5x23.5),already 86 words
4719098626137,Michael Jordan 1988 Slam Dunk Contest Framed Canvas (33.5x23.5),already 93 words
4719099019353,Star Wars Episode I the Phantom Menace Framed Poster Print,already 82 words
4719099150425,Star Wars Episode II Attack of the Clones Framed Poster,already 83 words
4719099248729,Star Wars Episode III Revenge of the Sith Movie Poster,already 83 words
4719099314265,Star Wars Episode IV A New Hope Blasters Framed Poster,already 82 words
4719099347033,Star Wars Episode IV A New Hope Lightsaber Framed Poster,already 78 words
4719099576409,Star Wars Episode VII The Force Awakens Framed Poster (33.5x23.5),already 83 words
4719099773017,Muhammad Ali vs Sonny Liston First Round KO Framed Canvas,already 77 words
4719100231769,Star Wars The Mandalorian Mando and Baby Yoda Framed Poster,already 83 words
4719100297305,Wayne Gretzky the Great One Card Deck Display (31x25),already 88 words
4719100395609,Sidney Crosby Rookie Card Collector's Set (39x29),already 87 words
4719100428377,Johnny Bower Signed Toronto Maple Leafs Gardens Last Set /99,already 67 words
4719101509721,Game of Thrones Dragon Poster (37x25.5),already 77 words
4719103508569,Jean Béliveau Signed Lithograph /600 (24x20),already 159 words
4719103606873,Jean Beliveau Autographed Framed Lithograph #1 of 4 (24x20),already 58 words
4719103672409,Jean Beliveau Signed Framed Lithograph #2 of 4 (24x20),already 54 words
4719103737945,Jean Beliveau Autographed Lithograph #3 of 4 (24x20),already 59 words
4719103869017,Bobby Hull Signed Lithograph /909 (27x23),already 51 words
4719104098393,Bobby Hull Autographed Player Proof Lithograph /9 (27x23),already 173 words
4719104589913,Framed When We Were Six Lithograph /201 (30x26),already 59 words
4719104655449,When We Were Six Signed Lithograph (16x14),already 142 words
4719105867865,Muhammad Ali & George Chuvalo Framed Photo Set /199 (32x24),already 108 words
4719105998937,Bobby Hull Autographed 1961 Stanley Cup Double Photo (27x18),already 60 words
4719107801177,"Blue Jays 1992 World Series Signed Poster, 4 Autographs",already 79 words
4719108259929,Star Wars Framed Poster - All Characters Collection Wall Art,already 73 words
4719109111897,Auston Matthews Autographed Toronto Maple Leafs Blue Jersey,already 195 words
4719109144665,Bobby Baun Autographed Toronto Maple Leafs Blue Jersey,already 194 words
4719109406809,Jean Beliveau Autographed Montreal Canadiens White Jersey,already 169 words
4719109996633,Raymond Bourque Autographed Boston Bruins Black Jersey,already 187 words
4719110062169,Raymond Bourque Autographed Boston Bruins White Jersey,already 169 words
4719110160473,Johnny Bower Autographed Toronto Maple Leafs Blue Jersey,already 170 words
4719110389849,Pavel Bure Autographed Vancouver Canucks Retro Black Jersey,already 168 words
4719110455385,Gerry Cheevers Autographed Boston Bruins Black Jersey,already 190 words
4719110553689,Wendel Clark Autographed Toronto Maple Leafs Blue Jersey,already 170 words
4719110783065,Darryl Sittler Autographed Toronto Maple Leafs Blue Jersey,already 170 words
4719110815833,Darryl Sittler Autographed Toronto Maple Leafs White Jersey,already 192 words
4719110881369,Dave Keon Autographed Toronto Maple Leafs Blue Jersey,already 170 words
4719111045209,Phil Esposito Autographed Boston Bruins Black Jersey,already 190 words
4719111110745,Theoren Fleury Autographed Calgary Flames Jersey,already 168 words
4719111274585,Doug Gilmour Autographed Toronto Maple Leafs Blue Jersey,already 170 words
4719111405657,Doug Gilmour Autographed Toronto Maple Leafs White Jersey,already 170 words
4719111667801,Paul Henderson Team Canada Autographed 1972 Summit Jersey Red,already 168 words
4719111700569,Paul Henderson Team Canada Autographed 1972 Summit Jersey White,already 168 words
4719111831641,Henri Richard Autographed Montreal Canadiens Red Jersey,already 169 words
4719112028249,Bobby Hull Autographed Chicago Blackhawks Red Jersey,already 169 words
4719112126553,Bobby Hull Autographed Chicago Blackhawks Red Jersey #7,already 169 words
4719112388697,Bobby Hull Autographed Team Canada Red Jersey,already 169 words
4719112454233,Bobby Hull Autographed Chicago Blackhawks White Jersey,already 169 words
4719112487001,Jarome Iginla Signed Calgary Flames Red Jersey HHOF 2020,already 169 words
4719112585305,John Tavares Autographed Toronto Maple Leafs Blue Jersey,already 170 words
4719112814681,Guy Lafleur Autographed Montreal Canadiens Red Jersey,already 169 words
4719112847449,Guy Lafleur Autographed Montreal Canadiens White Jersey,already 169 words
4719112978521,Eric Lindros Autographed Philadelphia Flyers Orange Jersey,already 169 words
4719113044057,Frank Mahovlich Autographed Toronto Maple Leafs Blue Jersey,already 170 words
4719113109593,Mario Lemieux Signed Pittsburgh Penguins Black Jersey,already 169 words
4719113240665,Connor McDavid Autographed Edmonton Oilers Blue Jersey,already 169 words
4719113699417,Paul Coffey Autographed Edmonton Oilers Blue Jersey,already 169 words
4719113764953,Paul Coffey Autographed Edmonton Oilers White Jersey,already 169 words
4719113830489,Red Kelly Autographed Toronto Maple Leafs Blue Jersey,already 170 words
4719114092633,Billy Smith Autographed New York Islanders Blue Jersey,already 170 words
4719114125401,Mats Sundin Autographed Toronto Maple Leafs Blue Jersey,already 170 words
4719114190937,Vladislav Tretiak Autographed CCCP Red Jersey,already 168 words
4719114256473,Vladislav Tretiak Autographed Russian CCCP Red Jersey,already 169 words
4719114322009,Wendel Clark Autographed Toronto Maple Leafs White Jersey,already 170 words
4719114420313,Steve Yzerman Autographed Detroit Red Wings Red Jersey,already 170 words
4719114453081,Steve Yzerman Autographed Detroit Red Wings White Jersey,already 170 words
4719114616921,Bobby Hull Signed Winnipeg Jets Puck,already 163 words
4719115206745,Bobby Orr Autographed Boston Bruins Logo Puck,already 162 words
4719115534425,Bobby Hull & Maurice Richard Dual Autographed Vintage Sign,already 164 words
4719115796569,"Red Kelly, Johnny Bower & Pierre Pilote Triple Signed Sign",already 164 words
4719115862105,Gordie Howe Autographed Vintage Hockey Sign,already 157 words
4719116058713,"Norm Ullman, Pierre Pilote & Darryl Sittler Autographed Sign",already 167 words
4719116091481,Peter Zezel & Mike Krushelnyski Dual Signed Hockey Sign (28x22),already 165 words
4719432695897,Star Wars Imperial Fleet Death Star Blueprint Framed Display,already 75 words
4719432728665,Star Wars Rebel Fleet Blueprint Framed Canvas Wall Art,already 79 words
4719432826969,Led Zeppelin Airplane Photograph Framed Canvas Wall Display,already 71 words
4722349113433,Star Trek USS Enterprise Blueprint Framed Canvas Wall Art,already 75 words
4726353789017,Maple Leaf Gardens 65th Anniversary 11x14 Photo 5 Autographs,already 99 words
4726354182233,Johnny Bower Autographed 8x10 Photograph,already 149 words
4726354444377,Bobby Hull Autographed 8x10 Bloody Photograph,already 146 words
4726354477145,Bobby Hull Autographed 8x10 Action Photograph,already 149 words
4726354870361,Sid Abel & Ted Lindsay Signed 8x10 Photo,already 154 words
4726354935897,Bobby Hull Signed Three Great Nines 8x10 Photograph /999,already 59 words
4726355198041,Carlos Delgado Rookie Card 1993 Upper Deck,already 68 words
4726355591257,Bobby Hull Signed Artist Proof Lithograph /90,already 164 words
4726355689561,Original Six Legends Signed Lithograph /197,already 163 words
4755768475737,Doug Gilmour Signed 8x10 White Jersey Photograph,already 162 words
4755768508505,Bobby Hull Autographed 50th Goal 8x10 Colour Photograph,already 146 words
4755768541273,Bobby Hull & Guy Lafleur Dual Signed 8x10 Photograph,already 152 words
4755768737881,The Golden Jet Bobby Hull Autographed Lithograph,already 148 words
4755768803417,Legends Of The Crease Autographed Limited Edition Lithograph,already 53 words
4755768836185,Legends of the Crease Autographed Lithograph,already 154 words
4755768901721,Mark Messier Edmonton Oilers Limited Edition Lithograph (25x20),already 72 words
4755769065561,When We Were Six Autographed Lithograph,already 152 words
4755784826969,Teemu Selanne Autographed Winnipeg Jets White Jersey,already 169 words
4767807176793,Wayne Gretzky & Gordie Howe Dual Photo Display (24x20),already 72 words
6551567728729,Wayne Gretzky White Career Jersey /99,already 168 words
6551567794265,Wayne Gretzky White Career Jersey #1 of 99,already 168 words
6551568187481,Wayne Gretzky Autographed Edmonton Oilers Blue Jersey,already 169 words
6551568253017,Wayne Gretzky Autographed Edmonton Oilers White Jersey,already 169 words
6551570284633,Wayne Gretzky Blue Career Jersey /199,already 167 words
6563751886937,Connor McDavid and Leon Draisaitl Edmonton 16x20 Photograph,already 52 words
6591925944409,Marvel & DC Superheroes Lunch on a Skyscraper Framed Poster,already 90 words
6591926698073,AC/DC Let There Be Rock Framed Pop Art Poster (33.5x23.5),already 72 words
6591926730841,Bon Jovi Bad Medicine Framed Music Wall Poster (33.5x23.5),already 75 words
6591926763609,Eddie Van Halen Guitar Solo Framed Wall Poster (33.5x23.5),already 80 words
6591926796377,Guns N' Roses Appetite for Destruction Framed Poster Art,already 81 words
6591926861913,Kiss Band Framed Music Wall Poster (33.5x23.5),already 74 words
6591926992985,Prince Purple Rain Framed Music Movie Poster (33.5x23.5),already 72 words
6591927222361,The Doors Jim Morrison Pop Art Framed Wall Poster (33.5x23.5),already 74 words
6591927255129,Rolling Stones Band Portrait Framed Art Reprint (33.5x23.5),already 76 words
6600272478297,Kobe Bryant Soars Over LeBron James Framed Canvas (33.5x23.5),already 81 words
6647213654105,Vladimir Guerrero Jr. Bat Breaking Framed Canvas (33.5x23.5),already 81 words
6748508225625,Frederic Church “A Sunset” Framed Print (30x24),already 76 words
6748509339737,"Albert Bierstadt “Cho-Looke, the Yosemite Falls” Framed Print",already 76 words
6748511699033,Albert Bierstadt “Lake Louise” Framed Print (30x24),already 72 words
6748512059481,Rockwell Kent “Maine Headland Evening” Framed Print (30x24),already 72 words
6748514123865,Frederic Church “Niagara Falls” Framed Print (30x24),already 72 words
6748515336281,William Bradford “Sunset Calm in the Bay of Fundy” Framed Print,already 72 words
6748516122713,Thomas Cole “The Garden of Eden” Framed Print (30x24),already 76 words
6748516352089,Rockwell Kent “The Trapper” Framed Print (30x24),already 72 words
6748516679769,Frederic Church “Treasures from Olana” Framed Print (30x24),already 72 words
6748517236825,Rockwell Kent “Vermont Study” Framed Print (30x24),already 72 words
6748517367897,John Frederick Kensett “View on the Hudson” Framed Print (30x24),already 74 words
6748522971225,"Michael Jordan, Kobe Bryant & LeBron James Framed Canvas",already 71 words
6748525658201,Michael Jordan & Kobe Bryant Framed Canvas (33.5x23.5),already 88 words
6845613146201,Johnny Bower Signed 8x10 Horizontal Photo,already 151 words
6845613310041,Johnny Bower & Bobby Hull Autographed 8x10 Photograph,already 159 words
6845614325849,Bobby Hull Autographed 8x10 White Jersey Photograph,already 149 words
6845614784601,Guy Lafleur Signed 8x10 White Jersey Photograph,already 146 words
6845619470425,"Where Legends Begin Litho - Bower, Hull, Stanley, Dionne",already 103 words
6845620584537,Gerry Cheevers the Mask Autographed 10x15 Photograph,already 150 words
6845665116249,Mark Messier Limited Edition Lithograph /1111 (32x28),already 57 words
6845682778201,Mario Lemieux Autographed Pittsburgh Penguins White Jersey,already 169 words
6845685137497,Patrick Roy Autographed Montreal Canadiens White Jersey,already 169 words
6911244271705,Joe Sakic Autographed Colorado Avalanche White Jersey,already 169 words
6914765586521,Theoren Fleury Career Jersey Limited Edition of 14,already 168 words
6923958779993,Bobby Hull Signed Blackhawks Puck 6-Time Stanley Cup,already 176 words
6980719214681,Franklin Carmichael Group of Seven “Mirror Lake” Framed Print,already 86 words
6980719706201,Lawren Harris Group of Seven “Island in the Lake” Framed Print,already 132 words
6980719837273,Lawren Harris Group of Seven “Maligne Lake” Framed Print (26x24),already 132 words
6980719968345,Lawren Harris Group of Seven “Northern Lake 1923” Framed Print,already 132 words
6980720066649,Lawren Harris Group of Seven “Winter Wonderland” Framed Print,already 132 words
6980724195417,Tom Thomson Group of Seven “Autumn's Garland” Framed Print,already 104 words
6986196189273,Tom Brady Framed Canvas Wall Art (33.5x23.5),already 74 words
7005642326105,Bobby Orr Boston Bruins Career Jersey /44,already 168 words
7005648355417,Mark Messier Career Jersey Elite Edition of 11,already 70 words
7018392813657,Connor McDavid Autographed Edmonton Oilers Orange Jersey,already 169 words
7018393043033,Leon Draisaitl Autographed Edmonton Oilers Orange Jersey,already 169 words
7022151073881,Bobby Orr Historic Collectors Plaque - Limited Edition of 44 /44,already 58 words
7101491445849,Guy Lafleur Autographed Team Canada 1976 Red Jersey,already 169 words
7119285026905,Bobby Hull Hartford Whalers Career Jersey White Edition /16,already 169 words
7119307505753,Doug Gilmour Autographed 8x10 Blue Jersey Photograph,already 160 words
7119307931737,John Daly Autographed 8x10 Golf Photo,already 147 words
7119401517145,Bobby Orr Historic Collectors Plaque #1 of 44 - Framed (27x26.5),already 62 words
7119402369113,Bobby Orr Historic Collectors Plaque #44 of 44 - Framed (27x26.5),already 62 words
7119402598489,Bobby Orr Historic Collectors Plaque #4 of 44 - Framed (27x26.5),already 62 words
7119413149785,Doug Gilmour Autographed Toronto Maple Leafs Blue Jersey Blue,already 170 words
7119413182553,Doug Gilmour Autographed Toronto Maple Leafs White Jersey White,already 170 words
7119414493273,Doug Gilmour Autographed Hockey Puck,already 169 words
7119415115865,Wayne Gretzky Career Jerseys Pair Matching Ltd Ed 84 of 99,already 167 words
7119415181401,Wayne Gretzky Career Jerseys Pair Matching Ltd Ed 85 of 99,already 167 words
7119415246937,Wayne Gretzky Stanley Cup Career Jerseys Pair #87 of 99,already 168 words
7119415312473,Wayne Gretzky Stanley Cup Career Jerseys Pair #88 of 99,already 168 words
7119416066137,Steve Yzerman White Elite Edition Career Jersey,already 169 words
7119416361049,Jean Beliveau Autographed Red Montreal Canadiens Jersey,already 168 words
7153970249817,Banksy Opening the Curtain Street Art Canvas Print (33.5x23.5),already 77 words
7160035147865,Michael Jordan Last Shot Framed Canvas (33.5x23.5),already 50 words
7160078205017,Three Great Nines 16x20 Maurice Richard Photograph,already 83 words
7160078270553,Toronto Maple Leafs 16x20 Signed by Stanley Photograph,already 153 words
7170983690329,Doug Gilmour Signed Photo,already 51 words
7177437741145,Josh Allen Framed Canvas Wall Art (30x25),already 88 words
7188752400473,Lanny McDonald Autographed Calgary Flames Jersey,already 168 words
7238710952025,Bobby Hull Autographed Winnipeg Jets Blue Alternate Jersey,already 169 words
7254316023897,Auston Matthews Slapshot Toronto Framed Canvas (31.5x22.5),already 53 words
7254316351577,Connor McDavid and Leon Draisaitl Edmonton Framed Canvas,already 82 words
7254316417113,Wayne Gretzky Connor McDavid Edmonton Oilers NHL Display,already 74 words
7263196577881,Alexander Ovechkin Autographed Washington Capitals Jersey White,already 169 words
7263197495385,Alexander Ovechkin Autographed Red Washington Jersey,already 168 words
7267245457497,Connor McDavid Autographed Edmonton Oilers White Jersey,already 169 words
7286903668825,Ryan Lewis “Amanita Muscaria” Signed Framed Print /77 (31x24),already 74 words
7286903734361,Ryan Lewis “Le Château” Signed Framed Print /77 (30x24),already 58 words
7288260001881,Banksy Cuddles on the Bench with Dog & Red Heart (33.5x23.5),already 102 words
7288260034649,Banksy First Kiss - Urban Street Art Canvas Wall Decor,already 128 words
7288261935193,Wendel Clark Signed Adidas Toronto Maple Leafs Blue Jersey,already 170 words
7288261967961,Wendel Clark Signed Adidas Toronto Maple Leafs White Jersey,already 170 words
7288262557785,Eric Lindros Autographed Toronto Maple Leafs Blue Jersey,already 170 words
7288262787161,Mitch Marner Autographed Toronto Maple Leafs Blue Jersey,already 170 words
7298708144217,Frank Mahovlich Autographed 11x14 Photo,already 152 words
7298708275289,Bobby Hull & Gordie Howe Signed 16x20 Photo,already 158 words
7298708373593,Maurice Richard Signed 16x20 Stanley Cup Photo,already 147 words
7298708668505,Maurice Richard Autographed 5x7 Sepia Photo,already 148 words
7298708996185,Stan Lee Signed 8x10 Amazing Spider-Man #1 Comic Cover,already 143 words
7304939896921,Ryan Lewis “Le Château” Signed Unframed Print /77 (20x17),already 59 words
7304939929689,Ryan Lewis “Amanita Muscaria” Signed Unframed Print /77 (20x16.5),already 70 words
7312119890009,Jose Bautista Iconic Bat Flip Framed Canvas (33.5x23.5),already 96 words
7312119922777,Lionel Messi & Diego Maradona Argentina Framed Canvas (33.5x23.5),already 72 words
7312119955545,Jean Beliveau Signed Stanley Cup Edition Jersey Ltd /10,already 167 words
7333203935321,Bobby Orr Signed 11x14 Photo,already 148 words
7354436485209,Guy Lafleur Autographed Quebec Nordiques Blue Jersey,already 169 words
7397752864857,Eric Lindros Autographed 8x10 Photograph,already 147 words
7397863522393,Theoren Fleury Career Jersey #1 of 199,already 168 words
7397947539545,Connor Bedard Signed Jersey Chicago Blackhawks Fanatics,already 168 words
7397947637849,Connor Bedard Signed Jersey Chicago Blackhawks Adidas,already 168 words
7408132620377,Connor McDavid NHL Trophy Wins Framed Canvas (33.5x23.5),already 83 words
7417187795033,Sidney Crosby Autographed Pittsburgh Penguins White Jersey /87,already 169 words
7417187827801,Gordie Howe Autographed Detroit Red Wings Red Jersey,already 170 words
7436155420761,Ryan Lewis “Chariot of the Brave” Signed Framed Print /77,already 59 words
7436155519065,Ryan Lewis “Chariot of the Brave” Signed Unframed Print /77,already 60 words
7446588588121,Sidney Crosby Signed 2014 Team Canada Black Jersey,already 169 words
7453800235097,Autograph Authentic Gift Card,excluded by design
7455057412185,Guy Lafleur Autographed Montreal Canadiens Light Blue Jersey,already 168 words
7455057674329,Patrick Roy Autographed Montreal Canadiens Red Jersey,already 169 words
7455057805401,Maurice Richard Signed 5x7 Lithograph Photo,already 148 words
7456419938393,Johnny Bower Autographed Toronto Arenas Navy Blue Jersey,already 168 words
7462229508185,Legends of the Crease Signed Lithograph - Johnny Bower,already 151 words
7462229540953,The Last Line of Defence Signed Lithograph,already 152 words
7463324123225,Raymond Bourque Boston Bruins Career Jersey #1 of 177,already 168 words
7463324254297,Paul Coffey Edmonton Oilers Career Jersey #199 of 199,already 168 words
7463324319833,Paul Coffey Edmonton Oilers Career Jersey #1 of 199,already 168 words
7463324450905,Doug Gilmour Career Jersey #193 of 193,already 169 words
7463324909657,Gordie Howe Career Jersey Ltd Ed 199 of 199,already 169 words
7463325007961,Henri Richard Career Jersey #1 of 199,already 168 words
7463325597785,Jarome Iginla Career Jersey #112 of 112,already 168 words
7463325663321,Jarome Iginla Career Jersey #1 of 112,already 168 words
7463325925465,Frank Mahovlich Career Jersey #199 of 199,already 169 words
7463326089305,Pavel Bure Career Jersey #10 of 199,already 168 words
7463326122073,Pavel Bure Career Jersey #199 of 199,already 168 words
7463326220377,Pavel Bure Career Jersey #1 of 199,already 168 words
7463326351449,Mats Sundin Toronto Maple Leafs Career Jersey #199 of 199,already 169 words
7463326416985,Mats Sundin Toronto Maple Leafs Career Jersey #1 of 199,already 169 words
7463326449753,Steve Yzerman Career Jersey #1 of 199,already 169 words
7463326482521,Bobby Orr “The Goal” Signed 16x20 Framed Photo,already 58 words
7463326810201,Bobby Hull Autographed Lithograph Framed (22x18),already 60 words
7463326941273,Legends of the Crease Signed Lithograph Framed (16x14),already 165 words
7464047870041,Saturday's Heroes Lithograph Signed by Bower & Hull,already 152 words
7464878243929,Mario Lemieux Signed Penguins Black Mitchell & Ness Jersey,already 169 words
7470073741401,Jean Beliveau Autographed Limited Edition Lithograph,already 153 words
7470073774169,Bobby Hull Autographed Lithograph,already 156 words
7497141026905,Bobby Hull & Brett Hull Signed 10x15 Photo Chicago,already 156 words
7497141256281,George Chuvalo Signed 11x11 Boxing Photo Canada,already 146 words
7497141420121,Bobby Hull Signed 11x14 Photo Chicago Blackhawks,already 147 words
7497141551193,Bobby Hull & Gordie Howe Dual-Signed 11x14 Photo,already 157 words
7497142370393,Jean Beliveau & Johnny Bower Dual-Signed 16x20 Photo,already 156 words
7497142501465,Maple Leaf Gardens Final Ticket 16x20 Signed by Bower,already 162 words
7497142665305,Bobby Hull Signed “Golden Jet” 16x20 Blackhawks Photo,already 146 words
7497143255129,Gordie Howe Autographed 5x7 Sepia Photo,already 149 words
7497143418969,Bobby Hull Signed Chicago Blackhawks & Winnipeg Jets Photo,already 152 words
7497143615577,Bobby Hull Autographed Winnipeg Jets 8x10 Bloody Photo,already 147 words
7497144172633,Johnny Bower & Gump Worsley Dual Signed 8x10 Photograph,already 157 words
7497144369241,George Chuvalo Signed 8x10 Boxing Photo,already 144 words
7497144500313,Craig Stadler Signed 8x10 Golf Photo,already 144 words
7497144631385,Bobby Hull Autographed 51st Goal 8x10 Photograph,already 146 words
7497144795225,Bobby Hull & Jean Beliveau Dual Signed 8x10 Photograph,already 156 words
7497145090137,Bobby Hull Autographed Stanley Cup 8x10 Photograph,already 147 words
7497145286745,Bobby Hull Autographed 8x10 Hall of Fame Photograph,already 146 words
7497145417817,Bobby Hull Autographed 8x10 Red Jersey Photograph,already 147 words
7497145581657,Bobby Hull Scores on Johnny Bower Signed 8x10 Photograph,already 159 words
7497145778265,Bobby Hull Autographed 8x10 Photograph,already 147 words
7497146007641,Guy Lafleur Autographed 8x10 Winter Classic Photograph,already 149 words
7497146171481,Stan Mikita Autographed 8x10 Photograph,already 149 words
7497146433625,Stan Mikita Autographed 8x10 Faceoff Photograph,already 146 words
7497146663001,Johnny Bower & Bobby Hull Dual Signed 8x12 Photograph,already 162 words
7497146892377,Bobby Hull Signed 8x12 Photograph with Johnny Bower,already 156 words
7497147088985,George Chuvalo Boxing Card,already 59 words
7497147351129,Guy Lafleur Topps Collectible Hockey Card Montreal,already 62 words
7497147547737,Autographed Jean Beliveau Lithograph,already 148 words
7497147711577,"Bettman, Brodeur, St. Louis & O'Ree Signed Lithograph",already 56 words
7497147842649,Autographed Bobby Hull Lithograph,already 145 words
7497147973721,Bobby Hull Signed Sample Lithograph,already 145 words
7497148137561,The Golden Jet Unsigned Lithograph (13x11),already 144 words
7497148301401,In the Slot Signed Lithograph,already 53 words
7497148530777,Legends of the Crease Original Six Goalies Lithograph /20,already 98 words
7497148661849,Legends of the Crease Signed Lithograph (24x20),already 146 words
7497148891225,Saturday Morning NHL Legends Signed Lithograph,already 51 words
7497149120601,"Where Legends Begin Lithograph Signed by Béliveau, Bower",already 158 words
7497149251673,"Where Legends Begin Lithograph Signed by Bower, Cheevers",already 51 words
7497149612121,Framed When We Were Six Lithograph /20 (30x26),already 59 words
7506443960409,Guy Lafleur Signed Lithograph #10 of 1010 (24x20),already 66 words
7506444189785,Guy Lafleur Signed Lithograph #1010 of 1010 (24x20),already 57 words
7519771557977,Collector's Crate Mystery Box /50,already 187 words
7564566233177,Eric Lindros Autographed Philadelphia Flyers Puck,already 173 words
7626599039065,Steven Stamkos Signed Lightning 2021 Stanley Cup Puck,already 157 words
7626599301209,Steven Stamkos Tampa Bay Lightning Autographed 8x10 Photo,already 136 words
7626599596121,Brayden Point Tampa Bay Lightning Autographed 8x10 Photo,already 139 words
7626599694425,Anthony Cirelli Signed Tampa Bay Lightning White Jersey,already 170 words
7626600022105,Aaron Ekblad Signed Florida Panthers Uniform 26x32 Frame,already 145 words
7626600185945,Aaron Ekblad Florida Panthers Autographed Fanatics Jersey,already 168 words
7626600349785,Sergei Bobrovsky Signed Florida Panthers Uniform 19x23 Frame,already 142 words
7626600480857,John Carlson Signed Washington Capitals Uniform 19x23 Frame,already 142 words
7626600579161,John Carlson Washington Capitals Autographed 8x10 Photo,already 138 words
7626600644697,John Carlson Washington Capitals Autographed Official Puck,already 153 words
7626600939609,Brad Marchand Autographed Boston Bruins Hockey 8x10 Photo,already 138 words
7626601037913,Brad Marchand Signed Boston Bruins Graphic Rink 19x23 Frame,already 142 words
7626601201753,Brad Marchand Autographed Boston Bruins Adidas Jersey,already 168 words
7626601431129,Adam Fox New York Rangers Autographed Official Game Puck,already 155 words
7626601529433,Adam Fox Signed New York Rangers 1st Game Graphic 19x23 Frame,already 143 words
7626601627737,Artemi Panarin New York Rangers Autographed Fanatics Jersey,already 169 words
7626601726041,Mika Zibanejad New York Rangers Autographed 20x24 Puck Frame,already 155 words
7626601791577,Mika Zibanejad Signed New York Rangers Reverse Retro Jersey,already 169 words
7626601922649,Anders Lee New York Islanders Autographed Hockey 8x10 Photo,already 136 words
7626602086489,Anders Lee New York Islanders Autographed Hockey Puck,already 155 words
7626602217561,Mitch Marner Signed Toronto Maple Leafs Puck 23x27 Frame,already 154 words
7626602446937,Sebastian Aho Carolina Hurricanes Autographed Adidas Jersey,already 168 words
7626602610777,Sebastian Aho Carolina Hurricanes Signed 20x24 Number Frame,already 145 words
7626602676313,Martin Necas Autographed Carolina Hurricanes 8x10 Photo,already 136 words
7626602905689,Andrei Svechnikov Carolina Hurricanes Autographed Jersey,already 168 words
7626603069529,Mark Stone Vegas Golden Knights Autographed Hockey Puck,already 155 words
7626603561049,Tyler Seguin Dallas Stars Signed Official Game Puck,already 154 words
7626603626585,Tyler Seguin Dallas Stars Autographed Hockey 8x10 Photo,already 138 words
7626603724889,Joe Pavelski Autographed Dallas Stars Green Fanatics Jersey,already 169 words
7626603987033,Joe Pavelski Autographed Dallas Stars Adidas Jersey,already 168 words
7626604609625,Nathan MacKinnon Colorado Avalanche Signed 26x32 Frame,already 142 words
7626604707929,Nathan MacKinnon Colorado Avalanche Autographed 8x10 Photo,already 135 words
7626604773465,Kyle Connor Winnipeg Jets Signed Official Game Puck,already 156 words
7626604806233,Kyle Connor Winnipeg Jets Signed Shooter 8x10 Photo,already 136 words
7626604970073,Kyle Connor Winnipeg Jets Signed Aviator Alt Adidas Jersey,already 168 words
7626605396057,Connor Hellebuyck Winnipeg Jets Autographed Hockey Puck,already 153 words
7626605625433,Filip Forsberg Autographed Nashville Predators 19x23 Frame,already 142 words
7626605854809,Filip Forsberg Nashville Predators Autographed Hockey Puck,already 153 words
7626605953113,Filip Forsberg Nashville Predators Autographed Jersey,already 168 words
7626606051417,Roman Josi Nashville Predators Autographed Official Puck,already 154 words
7626606116953,Roman Josi Nashville Predators Autographed Hockey Puck,already 154 words
7626606182489,Roman Josi Nashville Predators Autographed Adidas Jersey,already 168 words
7626606346329,Juuse Saros Autographed Nashville Predators Hockey Puck,already 153 words
7626606870617,J.T. Miller Autographed Vancouver Canucks Uniform 19x23 Frame,already 142 words
7626607460441,Nils Hoglander Vancouver Canucks Signed White Adidas Jersey,already 169 words
7626607689817,Drew Doughty Los Angeles Kings Autographed Reebok Jersey,already 169 words
7626607919193,Drew Doughty Los Angeles Kings Autographed Action 8x10 Photo,already 139 words
7626608017497,Drew Doughty Los Angeles Kings Signed Skating 8x10 Photo,already 139 words
7626608115801,Adrian Kempe Autographed Los Angeles Kings Hockey 8x10 Photo,already 136 words
7626608214105,Adrian Kempe Signed Los Angeles Kings Official Game Puck,already 154 words
7668530446425,Stan Lee Signed Spider-Man First Appearance Framed Marvel,already 59 words
7668530577497,Stan Lee Signed Incredible Hulk #1 Framed Marvel Collectible,already 55 words
7676806627417,Maurice Richard Signed 5x7 Sepia Photo with Gold Ink,already 147 words
7695198093401,Bobby Orr Autographed Boston Bruins White Adidas Jersey,already 169 words
7695198322777,Framed Legends of the Crease Artist Proof Lithograph /197 (30x26),already 108 words
7707265106009,Jarome Iginla Calgary Flames Career Jersey Elite Edition,already 168 words
7707268120665,William Shatner Autographed Star Trek Captain Kirk Photo (38x28),already 50 words
7751332003929,Eric Lindros Autographed Team Canada Jersey,already 168 words
7761577836633,Henri Richard Autographed Montreal Canadiens White Jersey,already 169 words
7774707679321,Maurice Richard Signed 16x20 Framed Photo #1 of 9,already 89 words
7774707712089,Maurice Richard Signed 16x20 Framed Photo /9,already 92 words
7774707908697,Mike Tyson Autographed Left-Hand Boxing Glove,already 100 words
7778967322713,Bobby Orr Signed “The Flying Goal” 1970 Puck,already 162 words
7780992680025,Michael Jordan Epic Chicago Bulls Framed Rookie & Jerseys (97x45),already 318 words
7780992778329,Bobby Hull & Guy Lafleur Signed Team Canada 8x10 Frame /10,already 97 words
7780992909401,Hockey Canada Cup 1976 Framed Autograph /10 (30x19.5),already 107 words
7780993007705,Team Canada Cup 1976 Signed Photo /10 (30x19.5),already 105 words
7780993138777,Bobby Hull & Guy Lafleur Signed 1976 Canada Cup Photo (30x19.5),already 107 words
7783925579865,Stan Lee Autographed Spider-Man Amazing Fantasy Comic Book,already 129 words
7783925678169,Mason McTavish Signed Anaheim Ducks Alt Orange Adidas Jersey,already 168 words
7783925710937,Chris Pronger Autographed Anaheim Ducks Fanatics Jersey,already 168 words
7783925907545,Mikko Rantanen Signed Colorado Avalanche Rookie Jersey,already 168 words
7783925940313,Nathan MacKinnon Colorado Avalanche Signed Alt Adidas Jersey,already 168 words
7783926038617,Brett Hull Autographed Detroit Red Wings Throwback Jersey,already 170 words
7783926267993,Drew Doughty Los Angeles Kings Signed & Noted 2016 Jersey,already 169 words
7783926366297,Erik Haula Vegas Golden Knights Autographed Fanatics Jersey,already 169 words
7783926464601,Shea Theodore Vegas Golden Knights Autographed Alt Jersey,already 169 words
7783926595673,Dominik Hasek Ottawa Senators Autographed Fanatics Jersey,already 168 words
7783926661209,Brady Tkachuk Signed Ottawa Senators Rookie Fanatics Jersey,already 168 words
7783926726745,Erik Karlsson San Jose Sharks Autographed Adidas Jersey,already 169 words
7783926825049,Jeremy Roenick San Jose Sharks Signed Last Game Jersey,already 169 words
7783926890585,Teemu Selanne San Jose Sharks Autographed Reebok Jersey,already 169 words
7783927054425,Doug Gilmour Signed St. Louis Blues Retro Fanatics Jersey,already 169 words
7783927152729,Grant Fuhr Signed St. Louis Blues Diagonal Throwback Jersey,already 169 words
7783927316569,Steven Stamkos Signed Lightning 2021 Stanley Cup Jersey,already 169 words
7783927545945,Morgan Rielly Toronto Maple Leafs Autographed Adidas Jersey,already 169 words
7783927742553,Kyle Connor Winnipeg Jets Signed White Fanatics Jersey,already 169 words
7783929643097,Brett Lawrie Signed Toronto Blue Jays Isolation 16x20 Photo,already 136 words
7783930036313,Magic Johnson Autographed Spalding NBA I/O Basketball,already 132 words
7783930232921,Magic Johnson Los Angeles Lakers Signed Rivalry 8x10 Photo,already 136 words
7783930724441,Charles Oakley Autographed New York Knicks 8x10 Photo,already 137 words
7783930953817,Charles Oakley Autographed Spalding NBA I/O Basketball,already 130 words
7783931150425,Charles Oakley Signed New York Knicks Mitchell & Ness Jersey,already 169 words
7783931445337,Aaron Rodgers Green Bay Packers Signed Full Size Helmet,already 131 words
7783931740249,Dan Marino Miami Dolphins Signed Replica Throwback Helmet,already 128 words
7783931838553,Mick Foley Autographed Mankind with Socko 8x10 Photo,already 134 words
7783932100697,Kurt Angle Autographed 8x10 Photo,already 134 words
7783932330073,Bret Hitman Hart WWE Autographed Wrestling 8x10 Photo,already 134 words
7783932461145,Bret Hitman Hart Autographed Sharpshooter 26x32 Frame,already 142 words
7795180732505,Brett Favre Signed Green Bay Football Stadium 19x23 Frame,already 141 words
7795180830809,Drew Doughty Guelph Storm Autographed CHL Hockey Jersey,already 168 words
7795180863577,Sir Edmund Hillary Autographed Mount Everest & Beyond Poster,already 136 words
7795180896345,Mason McTavish Anaheim Ducks Signed 1st Goal Adidas Jersey /37,already 168 words
7795180961881,Scott Niedermayer Ducks Signed 2007 Stanley Cup 8x10 Photo,already 138 words
7795181027417,Scott Niedermayer Signed Anaheim Ducks Etched 26x32 Frame,already 142 words
7795181191257,John Gibson Anaheim Mighty Ducks Signed Alt Retro Jersey,already 169 words
7795181256793,Jari Kurri Anaheim Mighty Ducks Autographed 8x10 Photo,already 135 words
7795181584473,Joe Thornton Boston Bruins Signed Official Game Puck,already 154 words
7795181846617,Brad Marchand Autographed Boston Bruins Hockey Puck,already 153 words
7795182043225,David Krejci Autographed Boston Bruins Hockey 8x10 Photo,already 136 words
7795182141529,Reggie Lemelin Boston Bruins Autographed In-Goal 8x10 Photo,already 136 words
7795182370905,Mike Peca Buffalo Sabres Autographed Captain 8x10 Photo,already 136 words
7795182534745,Ryan Miller Buffalo Sabres Autographed Reebok Jersey,already 168 words
7795182764121,Jack Eichel Buffalo Sabres Autographed 2018 Winter Frame (20x24),already 142 words
7795182829657,Dominik Hasek Buffalo Sabres Autographed Goal 8x10 Photo,already 135 words
7795182862425,Joe Sakic Colorado Avalanche Autographed Hockey Puck,already 154 words
7795183124569,Nathan MacKinnon Signed Colorado Avalanche 23x27 Frame,already 143 words
7795183157337,Mikko Rantanen Signed Colorado Avalanche Reverse Jersey,already 168 words
7795183222873,Nathan MacKinnon Colorado Avalanche Signed Salute 8x10 Photo,already 136 words
7795183353945,Patrick Roy Signed Colorado Avalanche Stadium 19x23 Frame,already 145 words
7795183452249,Kris Versteeg Chicago Blackhawks Autographed Fanatics Jersey,already 168 words
7795183485017,Warren Skorodenski Chicago Blackhawks Autographed Puck,already 153 words
7795183550553,Tod Sloan Chicago Blackhawks Autographed Original 8x10 Photo,already 136 words
7795183616089,Tony Esposito Chicago Blackhawks Signed Butterfly 8x10 Photo,already 136 words
7795183681625,Dennis Hull Chicago Blackhawks Autographed Hockey Puck,already 156 words
7795183747161,Dennis Hull Chicago Blackhawks Signed Hockey 8x10 Photo,already 136 words
7795183878233,Jeremy Roenick Autographed Chicago Blackhawks 8x10 Photo,already 138 words
7795183976537,Jeremy Roenick Autographed Chicago Blackhawks Hockey Puck,already 156 words
7795184042073,Ed Belfour Chicago Blackhawks Signed Puck with HOF Note,already 164 words
7795184533593,Rasmus Andersson Autographed Calgary Flames Puck 23x27 Frame,already 153 words
7795184631897,Mike Vernon Calgary Flames Signed 20x24 Retired Number Frame,already 142 words
7795184730201,Mike Vernon Autographed Calgary Flames 1989 Stanley Cup Puck,already 156 words
7795184828505,Mark Giordano Calgary Flames Signed 2019 Norris Jersey,already 168 words
7795184926809,Mark Giordano Calgary Flames Autographed Captain 8x10 Photo,already 138 words
7795185090649,Matthew Tkachuk Calgary Flames Signed Black Logo Jersey,already 169 words
7795185156185,Matthew Tkachuk Calgary Flames Signed Poised to 8x10 Photo,already 135 words
7795185221721,Sam Bennett Signed Calgary Flames 1st Goal 11x14 Photo,already 138 words
7795185287257,Sam Bennett Signed Calgary Flames Rookie 16x20 Photo,already 138 words
7795185320025,Sam Bennett Calgary Flames Autographed Fanatics Jersey,already 168 words
7795185713241,Brian Elliott Calgary Flames Autographed Hockey 8x10 Photo,already 136 words
7795185811545,Brett Hull Autographed Calgary Flames Red Fanatics Jersey,already 169 words
7795185877081,Johnny Gaudreau Signed Calgary Flames Graphic 19x23 Frame,already 143 words
7795185975385,Joe Mullen Calgary Flames Autographed Hockey 8x10 Photo,already 138 words
7795186008153,Joe Mullen Autographed 1989 Calgary Flames Cup Puck,already 153 words
7795186106457,Joe Nieuwendyk Calgary Flames Autographed Captain 8x10 Photo,already 136 words
7795186401369,Jacob Markstrom Signed Calgary Flames Official Game Puck,already 154 words
7795186499673,Dion Phaneuf Calgary Flames Autographed Fanatics Jersey,already 168 words
7795186597977,Hakan Loob Calgary Flames Autographed Hockey 8x10 Photo,already 136 words
7795186794585,Mark Recchi Carolina Hurricanes Signed 2006 Stanley Cup Puck,already 153 words
7795186892889,Mark Recchi Autographed Carolina Hurricanes Fanatics Jersey,already 168 words
7795187056729,Rod Brind'Amour Carolina Hurricanes Signed Official Puck,already 154 words
7795187187801,Frederik Andersen Autographed Carolina Hurricanes Jersey,already 168 words
7795187286105,Frederik Andersen Signed Carolina Hurricanes Mask 8x10 Photo,already 138 words
7795187384409,Eric Staal Hurricanes Signed 2006 Stanley Cup 8x10 Photo,already 136 words
7795187482713,Dylan Larkin Detroit Red Wings Autographed Rookie 8x10 Photo,already 136 words
7795187581017,Mark Howe Detroit Red Wings Autographed Hockey Puck,already 155 words
7795187646553,Mark Howe Detroit Red Wings Autographed Hockey 8x10 Photo,already 137 words
7795187744857,Marcel Dionne Detroit Red Wings Autographed 8x10 Photo,already 139 words
7795188007001,Tyler Seguin Dallas Stars Signed 2020 Winter 8x10 Photo,already 135 words
7795188170841,Grant Fuhr Signed Oilers Goalie 8x10 Photo with HOF Note,already 144 words
7795188269145,Andrew Ference Edmonton Oilers Autographed Hockey Puck,already 153 words
7795188367449,Andrew Ference Edmonton Oilers Autographed Fanatics Jersey,already 168 words
7795188465753,Cam Talbot Inscribed 42 Wins Record 26x32 Frame /33,already 162 words
7795188564057,Cam Talbot Signed & Inscribed Oilers Wins Record 16x20 Photo,already 148 words
7795188662361,Cam Talbot Edmonton Oilers Autographed Leg Save 8x10 Photo,already 136 words
7795188760665,Taylor Hall Edmonton Oilers Autographed Fanatics Jersey,already 168 words
7795188924505,Taylor Hall Edmonton Oilers Autographed First NHL 8x10 Photo,already 136 words
7795188957273,Matthew Tkachuk Autographed Florida Panthers Hockey Puck,already 154 words
7795189055577,Matthew Tkachuk Signed Florida Panthers Official Game Puck,already 153 words
7795189186649,Aaron Ekblad Florida Panthers Autographed Rookie 8x10 Photo,already 136 words
7795189219417,Aaron Ekblad Florida Panthers Autographed Road 8x10 Photo,already 136 words
7795189252185,Aaron Ekblad Florida Panthers Signed Color 8x10 Photo,already 138 words
7795189317721,Dave Keon Hartford Whalers Autographed Retro Hockey Puck,already 156 words
7795189383257,Chris Pronger Hartford Whalers Autographed Rookie 8x10 Photo,already 135 words
7795189579865,Drew Doughty Los Angeles Kings Autographed Official Puck,already 154 words
7795189645401,Drew Doughty Inscribed LA Kings Cup 20x24 Puck Frame /20,already 176 words
7795189776473,Jonathan Quick Kings Signed 2014 Stanley Cup 8x10 Photo,already 139 words
7795190071385,Mark Stone Vegas Golden Knights Signed Official Game Puck,already 157 words
7795190628441,Dominique Wilkins Signed Atlanta Style Basketball Jersey,already 167 words
7795190792281,Larry Bird Autographed Boston Celtics Graphic 26x32 Frame,already 144 words
7795190923353,Jermaine O'Neal Indiana Pacers Autographed 8x10 Photo,already 136 words
7795191152729,T.J. Ford Toronto Raptors Autographed Basketball 8x10 Photo,already 128 words
7795191349337,Lou Williams Toronto Raptors Autographed Retro 8x10 Photo,already 138 words
7795191513177,Pascal Siakam Toronto Raptors 2019 NBA Champion 20x24 Frame,already 58 words
7795191611481,Jermaine O'Neal Signed Toronto Raptors 11x14 Photo,already 136 words
7795191775321,Jonas Valanciunas Toronto Raptors Signed First 8x10 Photo,already 135 words
7795191873625,Greivis Vasquez Toronto Raptors Autographed 8x10 Photo,already 138 words
7795191939161,Demar Derozan Signed Toronto Raptors Aerial Hoop 19x23 Frame,already 142 words
7795192004697,Demar Derozan Toronto Raptors Signed Game 7 26x32 Frame,already 145 words
7795192168537,Andrea Bargnani Toronto Huskies Autographed 8x10 Photo,already 135 words
7802305871961,Bobby Hull Autographed Full Size Hockey Stick,already 53 words
7802305937497,Gilbert Perreault Signed Full Size Hockey Stick,already 166 words
7802306134105,Gordie Howe Northland Custom Pro Full Size Collectible Stick,already 54 words
7806221221977,Gordie Howe & Bobby Hull Signed 11x14 Framed Photo /16,already 94 words
7806221418585,Gordie Howe & Bobby Hull Signed 11x14 Framed Photo #1 of 16,already 101 words
7806221549657,Gordie Howe & Bobby Hull Signed 11x14 Framed Photo #9 of 16,already 102 words
7806221680729,Gordie Howe & Bobby Hull Signed 11x14 Framed Photo #16 of 16,already 103 words
7806221811801,Gordie Howe & Bobby Hull Signed 16x20 Limited Edition Framed,already 94 words
7806221942873,Gordie Howe & Bobby Hull Signed 16x20 Framed #1 of 16,already 101 words
7806222172249,Gordie Howe & Bobby Hull Signed 16x20 Framed #16 of 16,already 103 words
7806263853145,Wayne Gretzky Signature Plaque & Canvas (49.5x29.5),already 60 words
7806263885913,Bobby Orr Signature Framed Plaque & Canvas (49.5x29.5),already 55 words
7806263918681,Mario Lemieux Signature Plaque & Canvas (49.5x29.5),already 53 words
7806263951449,Bobby Hull Signature Framed Plaque & Canvas (49.5x29.5),already 56 words
7806263984217,Gordie Howe Signature Plaque & Canvas (49.5x29.5),already 65 words
7806264016985,Maurice Richard Signature Plaque & Canvas (49.5x29.5),already 58 words
7810195390553,Dave Keon Autographed Toronto Maple Leafs Reverse Jersey,already 169 words
7810195423321,Frank Mahovlich Autographed Toronto Maple Leafs Jersey,already 169 words
7810195456089,Johnny Bower Autographed Toronto Maple Leafs Reverse Jersey,already 169 words
7812321050713,Josh Anderson Columbus Blue Jackets Autographed Hockey Puck,already 154 words
7812321280089,Rick Nash Columbus Blue Jackets Autographed Hockey Puck,already 157 words
7812321345625,Rick Nash Columbus Blue Jackets Autographed Reebok Jersey,already 169 words
7812321411161,Patrik Laine Autographed Columbus Blue Jackets 19x23 Frame,already 143 words
7812321509465,Patrik Laine Columbus Blue Jackets Autographed Hockey Puck,already 155 words
7817758900313,Shohei Ohtani Framed Canvas 50th Home Run Record Moment,already 72 words
7817758965849,Shohei Ohtani Framed Canvas - 50th Stolen Base Milestone,already 80 words
7817758998617,Shohei Ohtani Framed Canvas - 50 HR / 50 SB Record Season,already 80 words
7818811146329,Wendel Clark Signed Toronto Maple Leafs Hockey Puck,already 167 words
7818811211865,Chicago Blackhawks Official NHL Puck,already 70 words
7818811375705,Eric Lindros Signed & Inscribed Team Canada Jersey,already 168 words
7818811441241,Wayne Gretzky Signed Kings Throwback Jersey M&N 1992-93,already 170 words
7818811474009,Eddie Shack Autographed Toronto Maple Leafs Blue Jersey,already 170 words
7818811637849,Bobby Orr Autographed Chicago Blackhawks White Jersey /4,already 169 words
7818811670617,Bobby Orr Autographed Chicago Blackhawks White Jersey,already 169 words
7818811703385,Allan Stanley Autographed Toronto Maple Leafs Blue Jersey,already 170 words
7818811736153,Vintage Full Size Hockey Stick Signed by 19 NHL Legends,already 64 words
7818811834457,Oldtimers Hockey Challenge Full Size Goalie Stick,already 50 words
7818811932761,Jean Béliveau Montreal Lithograph /44 (26x24),already 102 words
7818812588121,Joe Sakic Career Jersey #1 of 199,already 168 words
7818812686425,Joe Sakic Career Jersey #19 of 199,already 168 words
7818812719193,Joe Sakic Career Jersey #199 of 199,already 168 words
7818812784729,Yvan Cournoyer Montreal Canadiens Career Jersey #199 of 199,already 168 words
7818923409497,Teemu Selanne Autographed Winnipeg Jets Heritage Jersey,already 168 words
7818923442265,Bobby Hull Autographed Winnipeg Jets Heritage Classic Jersey,already 168 words
7818923737177,William Shatner Signed 8x10 Star Trek Photo,already 146 words
7818923769945,David Prowse Signed Star Wars 8x10 Photo,already 164 words
7818923802713,Robert Jackson Signed 8x10 Historic JFK Moment Photo,already 75 words
7820711821401,Mark Messier Oilers Career Jersey Elite Edition #11 of 11,already 106 words
7820711952473,Mark Messier Career Jersey Elite Edition #1 of 11,already 107 words
7820712083545,Mark Messier Career Jersey #199 of 199,already 83 words
7820712181849,Mark Messier NY Rangers Career Jersey #11 of 199,already 99 words
7820712312921,Collector's Crate Mystery Box - Bobby Orr Super Series,already 241 words
7820712411225,Collector's Crate Mystery Box - Guy Lafleur Super Series,already 236 words
7820712476761,Collector's Crate Mystery Box - Bobby Hull Golden Series /20,already 245 words
7820712837209,Jean Beliveau Autographed Framed Lithograph #1 of 600 (24x20),already 58 words
7883764727897,Bobby Hull Autographed Artist Proof Framed Lithograph (27x23),already 51 words
7913595633753,Ryan Lewis “Water Is Timeless” Signed Framed Print /77,already 77 words
7913595699289,Ryan Lewis “Water Is Timeless” Signed Unframed Print /77,already 86 words
7927797907545,Ray Park Signed Darth Maul Framed Star Wars Collectible (38.5x28),already 211 words
7927797940313,David Prowse Autographed Darth Vader Framed Display (38.5x28),already 156 words
7927797973081,Star Wars Empire Strikes Back Framed Photo (38.5x28),already 223 words
7927798038617,Billy Dee Williams Signed Lando & Boba Fett Framed Photo,already 152 words
7927798136921,Billy Dee Williams Signed Lando Calrissian Betrayal Photo,already 165 words
7927798169689,Kenny Baker Signed Star Wars R2-D2 Dagobah Framed Photo (38.5x28),already 141 words
7927798235225,Anthony Daniels Signed Star Wars C-3PO & R2-D2 Framed Photo,already 167 words
7928719016025,Cassandra Peterson Signed Elvira Macabre Mobile 8x10 Photo,already 131 words
7928719114329,Cassandra Peterson Signed Elvira 8x10 Photo,already 134 words
7928719179865,Nichelle Nichols Signed Lt. Uhura Star Trek 8x10 Photo,already 136 words
7928719245401,Stan Lee Autographed Iron Man First Appearance Display (38.5x28),already 125 words
7928719310937,Stan Lee Autographed Iron Man Framed Vertical Display (38.5x28),already 137 words
7928719343705,Stan Lee Autographed Thor First Appearance Framed Display,already 105 words
7928719442009,Elijah Wood Signed The Lord of the Rings Autographed Display,already 182 words
7928719474777,Elijah Wood Autographed The Lord of the Rings Framed Display,already 169 words
7928719507545,Shatner & Nimoy Dual Signed Star Trek Framed Print (38.5x28),already 178 words
7928719540313,Patrick Stewart Signed Star Trek: Nemesis Display (38.5x28),already 101 words
7928719638617,Star Wars R2-D2 & Yoda Dagobah Autographed Framed Display,already 108 words
7928719671385,Tricia Helfer Signed Battlestar Galactica Display (38.5x28),already 98 words
7928719704153,Tricia Helfer Autographed Battlestar Galactica Display (38.5x28),already 93 words
7928719769689,Ron Perlman Signed Sons of Anarchy - Clay Morrow AK-47 Display,already 172 words
7928719867993,Ron Perlman Signed Sons of Anarchy Framed Motorcycle Photo,already 165 words
7928719900761,Michael Rooker Signed Walking Dead Merle Dixon Frame (38.5x28),already 161 words
7930866729049,Michael Rooker Autographed The Walking Dead Framed Display,already 161 words
7930866761817,Bobby Hull Winnipeg Jets Career Jersey,already 168 words
7930866860121,Bobby Hull Winnipeg Jets Blue Alternate Career Jersey #1 of 9,already 169 words
7932156280921,Patrick Stewart Signed X-Men Professor Charles Display (38.5x28),already 141 words
7937804828761,Guy Lafleur Montreal Canadiens Career Jersey - Red Edition /10,already 168 words
7937805058137,Collector's Crate Mystery Box /30,already 253 words
7937806270553,Guy Lafleur Montreal Canadiens Career Jersey - White /10,already 168 words
7944235417689,Alexander Ovechkin Signed Washington Capitals White Jersey,already 169 words
7944235450457,Alexander Ovechkin Signed Washington Capitals Red Jersey,already 169 words
7950288486489,Joe Daley Autographed Winnipeg Jets Fanatics Jersey,already 168 words
7950288715865,Cole Perfetti Signed Winnipeg Jets White Adidas Jersey,already 169 words
7950288879705,Cole Perfetti Signed Jets Alt Retro Fanatics Premium Jersey,already 168 words
7950289043545,Mark Scheifele Signed Winnipeg Jets Fanatics Premium Jersey,already 168 words
7950289240153,Kyle Connor Signed Winnipeg Jets White Fanatics Premium Jersey,already 169 words
7950289305689,Kyle Connor Autographed Winnipeg Jets Puck Logo 28x30 Frame,already 154 words
7950289338457,Connor McMichael Signed Washington Capitals 8x10 Photo,already 136 words
7950289403993,Connor McMichael Signed Washington Capitals Fanatics Jersey,already 168 words
7950289436761,Tom Wilson Autographed Washington Capitals 8x10 Photo,already 138 words
7950289600601,Mitch Marner Autographed Toronto Maple Leafs 19x23 Frame,already 144 words
7950289633369,Mitch Marner Autographed Royal Blue CCM Hockey Helmet,already 132 words
7950289666137,Morgan Rielly Signed Maple Leafs Fanatics Premium Jersey,already 169 words
7950289731673,Mitch Marner Signed Toronto Maple Leafs Official Game Puck,already 155 words
7950289764441,Oliver Ekman-Larsson Signed Maple Leafs Drew House Jersey,already 169 words
7950289829977,Oliver Ekman-Larsson Signed Toronto Maple Leafs 8x10 Photo,already 139 words
7950289862745,Auston Matthews Authentic Game Used Hockey Stick Collector /69,already 58 words
7950289928281,Jack Campbell Signed Toronto Maple Leafs Goalie 11x14 Photo,already 139 words
7950289993817,Steven Stamkos Signed Tampa Bay Lightning Uniform 26x32 Frame,already 146 words
7950290026585,Brayden Schenn Signed St. Louis Blues Sheet Music Jersey,already 169 words
7950290059353,Victor Hedman Signed Lightning Fanatics Premium Jersey,already 169 words
7950290092121,Brayden Schenn Blues Signed 2019 Stanley Cup Jersey,already 169 words
7950290157657,Brady Tkachuk Autographed Ottawa Senators Centre 26x32 Frame,already 143 words
7950290288729,William Karlsson Golden Knights Signed 2023 Stanley Cup Jersey,already 169 words
7950290452569,Sergei Bobrovsky Autographed Florida Panthers 8x10 Photo,already 135 words
7950290485337,Sam Reinhart Autographed Florida Panthers Hockey Puck,already 156 words
7950290550873,Sergei Bobrovsky Signed Panthers Fanatics Premium Jersey,already 168 words
7950290616409,Matthew Tkachuk Signed Panthers Fanatics Premium Jersey,already 168 words
7950290649177,Sam Reinhart Autographed Florida Panthers Cup 23x27 Frame,already 145 words
7950290681945,Blake Wheeler Winnipeg Jets Autographed Official Game Puck,already 154 words
7950290714713,Blake Wheeler Winnipeg Jets Autographed Hockey Puck,already 156 words
7950290747481,Nikolaj Ehlers Winnipeg Jets Autographed Hockey Puck,already 156 words
7950290813017,Kevin Fiala Signed Los Angeles Kings Hockey 8x10 Photo,already 136 words
7950290845785,Kevin Fiala Autographed Los Angeles Kings Hockey Puck,already 155 words
7957955182681,Auston Matthews Slapshot Toronto NHL Licensed Hockey Print,already 62 words
7957955248217,Auston Matthews Slapshot Toronto Hockey NHL Licensed Canvas,already 56 words
7957955313753,Connor McDavid and Leon Draisaitl Edmonton NHL Display (16x20),already 82 words
7957955412057,Wayne Gretzky and Connor McDavid Edmonton NHL Canvas (16x20),already 74 words
7957955510361,Alexander Ovechkin Goal #895 Capitals Framed Print (31.5x22.5),already 74 words
7957955575897,Alexander Ovechkin Record Breaking Goal #895 Capitals Canvas,already 72 words
7959220551769,Stan Lee Signed Thor First Appearance 8x10 Photo,already 168 words
7959220617305,Stan Lee Signed Iron Man First Appearance 8x10 Photo,already 53 words
7959220879449,Elijah Wood Signed Frodo Baggins LOTR 8x10 Photo,already 50 words
7959220944985,Elijah Wood Signed Frodo vs Shelob LOTR 8x10 Photo,already 51 words
7959221076057,Shatner & Nimoy Signed Star Trek 8x10 Photo,already 167 words
7959221141593,Patrick Stewart Signed Star Trek Nemesis 8x10 Display,already 176 words
7959221207129,Billy Dee Williams Signed Star Wars 8x10 Pose Photo,already 163 words
7959221272665,Patrick Stewart Signed X-Men Professor X 8x10,already 171 words
7959221305433,Tricia Helfer Signed Battlestar Galactica Number Six Photo,already 161 words
7959221338201,Tricia Helfer Signed Battlestar Galactica Tanktop Look Photo,already 154 words
7959221403737,Ron Perlman Signed Sons of Anarchy Clay Morrow AK-47 Photo,already 159 words
7959221436505,Ron Perlman Signed Sons of Anarchy 8x10 Photo,already 165 words
7959221469273,Michael Rooker Signed Walking Dead Merle Dixon 8x10 Photo,already 164 words
7972011802713,Grant Fuhr Signed Edmonton Oilers Jersey,already 168 words
7972011835481,Toronto Maple Leafs Multi-Signed Home CCM Jersey,already 175 words
7972011868249,Aaron Ekblad Signed Florida Panthers Jersey,already 168 words
7972011933785,Curtis Joseph Signed Toronto Maple Leafs Home Jersey,already 170 words
7972011966553,Peter Mahovlich Signed Montreal Canadiens Puck,already 189 words
7972011999321,Frederik Andersen Signed Toronto Maple Leafs Puck,already 191 words
7972012064857,Nazem Kadri Signed Toronto Maple Leafs Stadium Series Jersey,already 169 words
7972012097625,Mitch Marner Signed Toronto Maple Leafs Arenas Jersey,already 169 words
7974843121753,Mike Tyson Autographed Right-Hand Boxing Glove,already 100 words
7981576945753,Stan Lee Signed Avengers #1 8x10 Comic Cover Photo,already 157 words
7981577175129,Stan Lee Signed Avengers #1 Framed Marvel Collectible (38.5x28),already 86 words
7981577502809,Collector's Crate Mystery Box - Comic Book Series 5 /20,already 284 words
7981577633881,Mark Messier Autographed Edmonton Oilers Blue Jersey,already 162 words
8006849953881,Banksy Could You Be Banksy? Street Art Canvas (33.5x23.5),already 128 words
8006849986649,Banksy Dream Big Dreams - Street Art Canvas Wall Decor,already 128 words
8006884065369,Lanny McDonald Autographed Toronto Maple Leafs Blue Jersey,already 195 words
8006887735385,Stan Lee Signed Hulk #1 8x10 Comic Cover Photo,already 155 words
8039533936729,Henderson & Cournoyer “Shot Heard Around the World” Litho (30x24),already 58 words
8039537115225,Aaron Judge New York Yankees #99 Framed Canvas Wall Art (33x23),already 146 words
8051430129753,Mark Scheifele Autographed Winnipeg Jets Hockey Puck,already 156 words
8052467630169,Vladimir Guerrero Jr. Batting Framed Canvas (33.5x23.5),already 73 words
8052467826777,Vladimir Guerrero Jr. 2025 ALCS Moments Framed Canvas (33.5x23.5),already 87 words
8052467859545,Vladimir Guerrero Jr. 2025 ALCS Celebration Framed Canvas,already 95 words
8063595118681,Trey Yesavage 2025 World Series Game 5 Framed Canvas (33.5x23.5),already 96 words
8073926705241,Leonard Nimoy Autographed Photo (8x10),already 163 words
8073926738009,James Doohan Autographed Photo (8x10),already 162 words
8073926770777,Patrick Stewart Autographed Nemesis Photo (8x10),already 50 words
8073926803545,Ethan Phillips Autographed Voyager Photo (8x10),already 161 words
8073926836313,Jeri Ryan Autographed Voyager Photo 8x10,already 51 words
8073926901849,Jeri Ryan Autographed Voyager Photo Blue (8x10),already 160 words
8073926934617,Kate Mulgrew Signed Voyager Captain Janeway 8x10 Photo,already 164 words
8073926967385,Kate Mulgrew Signed Voyager Janeway on Bridge 8x10 Photo,already 162 words
8073927000153,Nichelle Nichols Autographed Photo (8x10),already 52 words
8073927032921,Nicole De Boer Autographed Deep Space Nine Photo (8x10),already 51 words
8073927065689,Nichelle Nichols As Lieutenant Uhura Signed Display (38x28),already 65 words
8073927098457,Patrick Stewart As Captain Jean-Luc Picard Signed Display (38x28),already 112 words
8073927163993,Alexander Ovechkin Signed Capitals 2012 Alternate Jersey,already 169 words
8078245396569,Kenny Baker Signed 8x10 Star Wars R2-D2 Photo,already 72 words
8078245494873,Bobby Hull Signed Championship Cup 8x10 Photograph,already 147 words
8078245527641,Nathan MacKinnon Signed Team Canada 4 Nations 16x20 Photo,already 85 words
8078245625945,Paul Coffey Autographed Orange Elite Edition Career Jersey,already 68 words
8078245789785,Bobby Orr Career Jersey Signed Championship Cup Edition #1 of 4,already 126 words
8083108036697,Mats Sundin Autographed Toronto Maple Leafs White Jersey,already 192 words
8083108069465,Leon Draisaitl Autographed Edmonton Oilers White Jersey,already 195 words
8090989854809,Bobby Hull Autographed Framed Lithograph (27x23),already 53 words
8090989887577,Bobby Hull Signed Artist Proof Framed Lithograph (27x23),already 163 words
8090989953113,Bobby Hull Signed Artist Proof Lithograph 90 of 90 (27x23),already 52 words
8090989985881,Bobby Hull Autographed Artist Proof Lithograph (27x23),already 153 words
8090990018649,Bobby Hull Autographed Player Proof Lithograph 1 of 9 (27x23),already 160 words
8090990051417,Mitch Marner Autographed Las Vegas Golden Knights Jersey,already 169 words
8090990084185,Bobby Orr Signed Boston Bruins White Adidas Jersey #1 of 4,already 89 words
8098267758681,Collector's Crate Mystery Box - Comic Book Series 6 /20,already 277 words
8111722823769,Heather Langenkamp Autographed 8x10 Horror Film Photograph,already 101 words
8140060852313,Maud Lewis “Digby Harbour” Folk Art Framed Print (24x28),already 92 words
8140060885081,Maud Lewis “Hummingbirds” Folk Art Framed Print (24x28),already 90 words
8140060917849,Maud Lewis “Three Black Cats” Folk Art Framed Print (24x28),already 83 words
8140060983385,Maud Lewis “Three White Cats” Folk Art Framed Print (24x28),already 81 words
8140061016153,Maud Lewis “Yellow Birds” Folk Art Framed Print (24x28),already 74 words
8176586915929,Muhammad Ali & Joe Frazier 8x10 Photo Signed by Frazier,already 93 words
8176587571289,Heart of the Blackhawks Book Signed by Pierre Pilote,already 134 words
8176587604057,Heart of the Blackhawks Softcover Book Signed by Pierre,already 131 words
8176589340761,"Johnny Bower Signed Toronto Hockey Fan Jersey - Blue, Large",already 101 words
8176589406297,"Johnny Bower Signed Toronto Hockey Fan Jersey - Blue, X-Large",already 98 words
8176589570137,Matthew Knies Autographed Toronto Maple Leafs Blue Jersey,already 75 words
8176589701209,Bobby Orr Signed Boston Bruins White Adidas Jersey #2 of 4,already 89 words
8176589733977,Bobby Orr Autographed Boston Bruins White Jersey,already 89 words
8182527131737,Michael Jordan 1 of 23 Career Jersey Signed Chicago Bulls,already 122 words
8182527197273,Michael Jordan Chicago Bulls Career Jersey /23,already 105 words
8182527262809,Michael Jordan 23 of 23 Career Jersey Autographed Chicago,already 119 words
8182527328345,Muhammad Ali Signed Boxing Shorts 40x40 Gold Frame,already 232 words
8182527361113,Muhammad Ali Signed Boxing Shorts 40x40 Silver Frame,already 205 words
8199274332249,Shane Doan Arizona Coyotes Signed Puck with 972 Points Note,already 163 words
8199274365017,Oliver Ekman-Larsson Arizona Coyotes Autographed Puck,already 153 words
8199274397785,Clayton Keller Signed Arizona Coyotes Kachina Logo Game Puck,already 154 words
8199274430553,J.S. Giguere Autographed Anaheim Ducks Hockey Puck,already 153 words
8199274463321,Mason McTavish Signed Anaheim Ducks Official Game Puck,already 154 words
8199274496089,Ryan Getzlaf Anaheim Ducks Autographed 2007 Stanley Cup Puck,already 156 words
8199274528857,Teemu Selanne Anaheim Ducks Signed Puck with 07 Cup Note,already 165 words
8199274561625,Teemu Selanne Anaheim Ducks Signed Puck with HOF Note,already 162 words
8199274627161,Chris Pronger Anaheim Ducks Signed 2007 Stanley Cup Puck,already 153 words
8199274659929,Adam Henrique Anaheim Ducks Autographed Official Game Puck,already 156 words
8199274692697,Don Cherry Boston Bruins Autographed Hockey Puck,already 154 words
8199274725465,Adam Oates Signed Boston Bruins Puck with HOF Note,already 162 words
8199274791001,Andy Moog Boston Bruins Autographed Hockey Puck,already 153 words
8199274823769,Bobby Orr & Ray Bourque Dual Signed Boston Bruins Puck,already 154 words
8199274856537,Brian Leetch Boston Bruins Autographed Hockey Puck,already 156 words
8199274889305,Tim Thomas Autographed Boston Bruins Hockey Puck,already 156 words
8199274954841,Woody Dumart Boston Bruins Autographed Hockey Puck,already 154 words
8199275020377,Paul Coffey Boston Bruins Signed Puck with HOF Note,already 161 words
8199275053145,Phil Esposito Signed Boston Bruins Puck with HOF Note,already 161 words
8199275085913,Ray Bourque Autographed Boston Bruins Hockey Puck,already 154 words
8199275118681,Ray Bourque Signed Boston Bruins Puck with 5 X Norris Note,already 163 words
8199275151449,Ray Bourque Signed Boston Bruins Puck with Career Points Note,already 165 words
8199275184217,Pat Lafontaine Signed Buffalo Sabres Puck with HOF Note,already 161 words
8199275216985,Tom Barrasso Buffalo Sabres Autographed Hockey Puck,already 154 words
8199275249753,Sam Reinhart Buffalo Sabres Autographed Hockey Puck,already 154 words
8199275282521,Gabriel Landeskog Signed Colorado Avalanche Puck with ROY Note,already 164 words
8199275315289,Jarome Iginla Signed Colorado Avalanche Puck with HOF Note,already 162 words
8199275380825,Devon Toews Autographed Colorado Avalanche Official Puck,already 154 words
8199275413593,Alexandar Georgiev Autographed Colorado Avalanche Puck,already 156 words
8199275446361,Mikko Rantanen Colorado Avalanche Autographed Official Puck,already 153 words
8199275511897,Ray Bourque Signed Colorado Avalanche 2001 Stanley Cup Puck,already 154 words
8199275544665,Ray Bourque Colorado Avalanche Autographed Hockey Puck,already 156 words
8199275577433,Theo Fleury Chicago Blackhawks Autographed Hockey Puck,already 153 words
8199275610201,Denis Savard Signed Chicago Blackhawks Puck with HOF Note,already 162 words
8199275642969,Chris Chelios Chicago Blackhawks Signed Puck with HOF Note,already 162 words
8199275675737,Bobby Orr Autographed Chicago Blackhawks Puck,already 153 words
8199275806809,Jonathan Toews Chicago Blackhawks Autographed Hockey Puck,already 153 words
8199275839577,Doug Gilmour Signed Chicago Blackhawks Puck with HOF Note,already 162 words
8199275872345,Glenn Hall Chicago Blackhawks Signed Puck with HOF Note,already 161 words
8199275905113,Sergei Bobrovsky Columbus Blue Jackets Signed Hockey Puck,already 155 words
8199275937881,Oliver Bjorkstrand Columbus Blue Jackets Autographed Puck,already 157 words
8199275970649,Lanny McDonald Signed 1989 Calgary Flames Stanley Cup Puck,already 154 words
8199276003417,Lanny McDonald Signed Calgary Flames Puck with HOF Note,already 161 words
8199276036185,Lanny McDonald Signed Calgary Flames Puck with 500 Goal Note,already 163 words
8199276068953,Joe Mullen Signed Calgary Flames Puck with HOF Note,already 164 words
8199276101721,Jarome Iginla Signed Calgary Flames Puck with Rocket Note,already 161 words
8199276134489,Doug Gilmour Signed Calgary Flames Puck with HOF Note,already 161 words
8199276200025,Grant Fuhr Signed Calgary Flames Puck with HOF Note,already 162 words
8199276232793,Lanny McDonald Signed Colorado Rockies Puck with HOF Note,already 164 words
8199276265561,Don Cherry Autographed Colorado Rockies Retro Logo Puck,already 156 words
8199276298329,Dino Ciccarelli Detroit Red Wings Signed Puck with HOF Note,already 165 words
8199276331097,Alex Delvecchio Detroit Red Wings Signed Puck with HOF Note,already 163 words
8199276363865,Chris Chelios Signed Detroit Red Wings 2002 Stanley Cup Puck,already 155 words
8199276396633,Chris Chelios Detroit Red Wings Signed Puck with HOF Note,already 162 words
8199276429401,Red Kelly Detroit Red Wings Signed Puck with HOF Note,already 165 words
8199276462169,Steve Yzerman Signed Red Wings Puck with 98 Conn Smythe Note,already 164 words
8199276494937,Steve Yzerman Autographed Detroit Red Wings Hockey Puck,already 154 words
8199276527705,Steve Yzerman Signed Detroit Red Wings 1997 Stanley Cup Puck,already 154 words
8199276560473,Ted Lindsay Detroit Red Wings Signed Puck with HOF Note,already 165 words
8199276593241,Todd Bertuzzi Detroit Red Wings Signed Autographed Puck,already 154 words
8199276626009,Marcel Dionne Signed Detroit Red Wings Puck with HOF Note,already 163 words
8199276691545,Luc Robitaille Detroit Red Wings Signed 2002 Stanley Cup Puck,already 155 words
8199276724313,Paul Henderson Detroit Red Wings Autographed Hockey Puck,already 157 words
8199276757081,Paul Coffey Detroit Red Wings Signed Puck with HOF Note,already 163 words
8199276822617,Mike Vernon Signed Detroit Red Wings 1997 Stanley Cup Puck,already 155 words
8199276855385,Marty Turco Autographed Dallas Stars Hockey Puck,already 153 words
8199276888153,Andy Moog Autographed Dallas Stars Retro Logo Puck,already 153 words
8199276920921,Grant Fuhr Signed Edmonton Oilers Official Game Puck,already 153 words
8199276953689,Grant Fuhr Signed Edmonton Oilers Puck with HOF Note,already 164 words
8199277019225,Grant Fuhr Signed Edmonton Oilers Puck with 5 Cups Note,already 163 words
8199277117529,Andy Moog Signed Oilers 1985 Champions Puck with Cup Note,already 164 words
8199277150297,Andy Moog Signed Oilers 1987 Champions Puck with Cup Note,already 162 words
8199277183065,Chris Pronger Signed Edmonton Oilers Puck with HOF Note,already 164 words
8199277215833,Aaron Ekblad Florida Panthers Signed & Inscribed ROY 15 Puck,already 163 words
8199277248601,Luc Robitaille Signed Kings Retro Puck with HOF Note,already 163 words
8199277281369,Anze Kopitar Signed Los Angeles Kings Official Game Puck,already 154 words
8199277314137,Anze Kopitar Autographed Los Angeles Kings Hockey Puck,already 157 words
8199277379673,Anze Kopitar Signed Los Angeles Kings 2012 Stanley Cup Puck,already 155 words
8199277477977,Anze Kopitar Signed Los Angeles Kings 2014 Stanley Cup Puck,already 157 words
8199277543513,Drew Doughty Los Angeles Kings Signed 2015 Stadium Puck,already 157 words
8199277609049,Drew Doughty Los Angeles Kings Signed 2014 Stanley Cup Puck,already 157 words
8199277707353,Drew Doughty Los Angeles Kings Signed 2012 Stanley Cup Puck,already 157 words
8199277740121,Jonathan Quick Signed Los Angeles Kings Official Game Puck,already 154 words
8199277772889,Shea Theodore Vegas Golden Knights Signed Official Game Puck,already 157 words
8199277805657,Mark Recchi Montreal Canadiens Signed Puck with HOF Note,already 162 words
8199277838425,Mats Naslund Autographed Montreal Canadiens Hockey Puck,already 156 words
8199277871193,Shea Weber Signed Montreal Canadiens Official Game Puck,already 156 words
8199277903961,Steve Shutt Signed Montreal Canadiens Puck with HOF Note,already 162 words
8199277969497,Vincent Damphousse Canadiens Signed 1993 Stanley Cup Puck,already 153 words
8199278002265,Chris Chelios Montreal Canadiens Signed Puck with HOF Note,already 161 words
8199278035033,Charlie Hodge Montreal Canadiens Autographed Hockey Puck,already 153 words
8199278067801,Denis Savard Signed Montreal Canadiens Puck with HOF Note,already 162 words
8199278100569,Dickie Moore Montreal Canadiens Signed Puck with HOF Note,already 164 words
8199278133337,Andy Moog Autographed Montreal Canadiens Hockey Puck,already 154 words
8199278166105,Doug Gilmour Signed Montreal Canadiens Puck with HOF Note,already 162 words
8199278198873,Gump Worsley Minnesota North Stars Signed Puck with HOF Note,already 163 words
8199278231641,Eric Staal Minnesota Wild Autographed Official NHL Game Puck,already 154 words
8199278264409,Eric Lindros Signed 1991 NHL Draft Puck with 1st Pick Note,already 163 words
8199278329945,Eric Staal Signed 2003 NHL Draft Puck with 2nd Pick Note,already 160 words
8199278362713,Gabriel Landeskog Signed 2011 NHL Draft Puck with 2nd Pick Note,already 163 words
8199278395481,Felix Potvin Signed 1990 NHL Draft Puck with 31st Pick Note,already 160 words
8199278428249,Jason Spezza Signed 2001 NHL Draft Puck with 2nd Pick Note,already 160 words
8199278461017,Jacob Trouba Signed 2012 NHL Draft Puck with 9th Pick Note,already 160 words
8199278559321,Denis Savard Signed 1980 NHL Draft Puck with 3rd Pick Note,already 160 words
8199278592089,Claude Giroux Signed 2006 NHL Draft Puck with 22nd Pick Note,already 161 words
8199278624857,Brady Tkachuk Signed 2018 NHL Draft Puck with 4th Pick Note,already 163 words
8199278657625,Sam Bennett Signed 2014 NHL Draft Day Puck with 4th Pick Note,already 163 words
8199278690393,Sam Reinhart Signed 2014 NHL Entry Draft Puck 2nd Pick Note,already 154 words
8199278755929,Sean Monahan Signed 2013 NHL Draft Puck with 6th Pick Note,already 163 words
8199278788697,Steve Yzerman Signed 1983 NHL Draft Puck with 4th Pick Note,already 161 words
8199278854233,Shea Weber Signed 2003 NHL Draft Puck with 49th Pick Note,already 163 words
8199278887001,Tyler Seguin Signed 2010 NHL Draft Puck with 2nd Pick Note,already 161 words
8199278919769,Sergei Zubov NHL Centennial Season Signed 100 Years Puck,already 152 words
8199278952537,Sergei Zubov Signed Hockey Hall of Fame Inscribed Puck,already 162 words
8199279018073,Logan Couture Signed 2007 NHL Entry Draft Puck with 9th Pick,already 151 words
8199279050841,Matthew Tkachuk Signed 2016 NHL Draft Puck with 6th Pick Note,already 160 words
8199279116377,Matt Duchene Signed 2009 NHL Draft Puck with 3rd Pick Note,already 163 words
8199279149145,Mika Zibanejad Signed 2011 NHL Draft Puck with 6th Pick Note,already 161 words
8199279181913,Mark Messier Signed 1979 NHL Draft Puck with 48th Pick Note,already 160 words
8199279214681,Oliver Ekman-Larsson Signed 2009 NHL Draft Puck 6th Pick,already 151 words
8199279247449,Nazem Kadri Signed 2009 NHL Entry Draft Puck with 7th Pick,already 154 words
8199279280217,Mitch Marner Signed 2015 NHL Draft Puck with 4th Pick Note,already 163 words
8199279345753,Morgan Rielly Signed 2012 NHL Draft Puck with 5th Pick Note,already 160 words
8199279378521,Ray Bourque Signed 1979 NHL Draft Puck with 8 Pick Note,already 163 words
8199279411289,Brendan Shanahan New Jersey Devils Autographed Hockey Puck,already 157 words
8199279476825,Shea Weber Signed Nashville Predators Official Game Puck,already 154 words
8199279509593,Pat Lafontaine Signed New York Islanders Puck with HOF Note,already 165 words
8199279542361,Mike Bossy New York Islanders Signed Official Game Puck,already 154 words
8199279575129,Mike Bossy New York Islanders Signed Puck with HOF Note,already 162 words
8199279640665,Mike Bossy New York Islanders Signed 1982 Conn Smythe Puck,already 154 words
8199279673433,Mike Bossy New York Islanders Signed Puck with 4 Cups Note,already 166 words
8199279706201,Bob Nystrom Autographed New York Islanders Hockey Puck,already 157 words
8199279771737,Sergei Zubov New York Rangers Signed 1994 Stanley Cup Puck,already 154 words
8199279804505,Rick Nash New York Rangers Autographed Hockey Puck,already 154 words
8199279870041,Luc Robitaille Signed New York Rangers Puck with HOF Note,already 163 words
8199279902809,Mark Messier Signed 1994 New York Rangers Stanley Cup Puck,already 154 words
8199279968345,Mark Messier Signed New York Rangers Puck with HOF Note,already 163 words
8199280033881,Brian Leetch New York Rangers Signed 1994 Stanley Cup Puck,already 154 words
8199280066649,Brian Leetch New York Rangers Autographed Hockey Puck,already 155 words
8199280099417,Adam Fox New York Rangers Autographed Hockey Puck,already 155 words
8199280132185,Jacob Trouba Autographed New York Rangers Hockey Puck,already 155 words
8199280164953,Glenn Anderson New York Rangers Signed Puck with HOF Note,already 163 words
8199280197721,Harry Howell New York Rangers Signed Puck with HOF Note,already 162 words
8199280263257,Glenn Anderson New York Rangers Autographed Hockey Puck,already 155 words
8199280296025,Erik Karlsson Ottawa Senators Signed Official Game Puck,already 153 words
8199280328793,Jake Sanderson Autographed Ottawa Senators Hockey Puck,already 156 words
8199280361561,Brady Tkachuk & Tim Stutzle Dual Signed Ottawa Senators Puck,already 156 words
8199280394329,Brady Tkachuk Signed Ottawa Senators Official Game Puck,already 154 words
8199280427097,Claude Giroux Autographed Ottawa Senators Hockey Puck,already 153 words
8199280459865,Chris Phillips Ottawa Senators Signed Official Game Puck,already 154 words
8199280492633,Thomas Chabot Ottawa Senators Autographed Hockey Puck,already 156 words
8199280558169,Ron Hextall Philadelphia Flyers Autographed Hockey Puck,already 154 words
8199280590937,Reggie Leach Flyers Signed Puck with the Rifle Note,already 156 words
8199280623705,Paul Coffey Philadelphia Flyers Signed Puck with HOF Note,already 162 words
8199280656473,Eric Lindros Philadelphia Flyers Signed Puck with HOF Note,already 161 words
8199280689241,Philadelphia Flyers Triple Signed Legion of Doom Line Puck,already 153 words
8199280754777,Evgeni Malkin Pittsburgh Penguins Signed Official Game Puck,already 154 words
8199280787545,Joe Mullen Autographed 1992 Pittsburgh Penguins Cup Puck,already 156 words
8199280820313,Jake Guentzel Autographed Pittsburgh Penguins Official Puck,already 153 words
8199280853081,Paul Coffey Pittsburgh Penguins Autographed Stanley Cup Puck,already 153 words
8199280918617,Luc Robitaille Signed Pittsburgh Penguins Puck with HOF Note,already 164 words
8199280984153,Mark Recchi Pittsburgh Penguins Signed Puck with HOF Note,already 162 words
8199281016921,Ron Francis Pittsburgh Penguins Signed 91-92 Stanley Cup Puck,already 153 words
8199281082457,Tom Barrasso Pittsburgh Penguins Signed Stanley Cup Puck,already 154 words
8199281115225,Mats Sundin Autographed Quebec Nordiques Hockey Puck,already 156 words
8199281180761,Joe Sakic Quebec Nordiques Signed Heritage Logo Puck,already 154 words
8199281279065,Joe Thornton San Jose Sharks Signed All-Star Season Puck,already 157 words
8199281311833,Logan Couture Signed San Jose Sharks Stadium Series Puck,already 155 words
8199281344601,Vince Dunn Signed Seattle Kraken Official Game Puck,already 156 words
8199281410137,Vince Dunn Signed Seattle Kraken Inaugural Season Puck,already 156 words
8199281442905,Joe Mullen Signed St. Louis Blues Puck with HOF Note,already 166 words
8199281475673,Guy Lapointe St. Louis Blues Signed Puck with HOF Note,already 166 words
8199281573977,Grant Fuhr Signed St. Louis Blues Puck with HOF Note,already 167 words
8199281606745,Chris Pronger Signed St. Louis Blues Puck with HOF Note,already 169 words
8199281672281,Steven Stamkos Signed Lightning 2020 Stanley Cup Puck,already 157 words
8199281705049,Steven Stamkos Autographed Tampa Bay Lightning Hockey Puck,already 154 words
8199281737817,Victor Hedman Tampa Bay Lightning Signed 2021 Stanley Cup Puck,already 157 words
8199281770585,Martin St. Louis Tampa Bay Lightning Signed Puck with HOF Note,already 164 words
8199281836121,Dave Keon Toronto Maple Leafs Autographed Centennial Puck,already 155 words
8199281868889,Dave Keon Toronto Maple Leafs Signed 1967 Stanley Cup Puck,already 157 words
8199281901657,Dave Keon Toronto Maple Leafs Autographed Original Six Puck,already 157 words
8199281934425,Dave Keon Toronto Maple Leafs Signed Puck with HOF Note,already 162 words
8199281967193,Frederik Andersen Signed Toronto Arenas Game Puck /31,already 163 words
8199282032729,Doug Gilmour Signed Maple Leafs Retro Puck with Killer Note,already 165 words
8199282065497,Doug Gilmour Signed Maple Leafs Retro Puck with HOF Note,already 163 words
8199282098265,Felix Potvin Signed Toronto Maple Leafs Memories & Puck,already 154 words
8199282131033,Eddie Litzenberger Signed Maple Leafs Puck with ROY Note,already 165 words
8199282163801,Eddie Shack Autographed Toronto Maple Leafs Hockey Puck,already 154 words
8199282196569,Johnny Bower Signed Toronto Maple Leafs Puck with HOF Note,already 162 words
8199282229337,Mitch Marner Autographed Toronto Maple Leafs Hockey Puck,already 154 words
8199282262105,Lanny McDonald Signed Toronto Maple Leafs Puck with HOF Note,already 163 words
8199282294873,Wendel Clark Signed Toronto Maple Leafs 100 Season Puck,already 154 words
8199282327641,Wendel Clark Signed Toronto Maple Leafs Memories & Puck,already 154 words
8199282360409,Oliver Ekman-Larsson Vancouver Canucks Autographed Puck,already 154 words
8199282425945,Ilya Samsonov Washington Capitals Autographed Official Puck,already 156 words
8199282458713,Kyle Connor Winnipeg Jets Autographed Hockey Puck,already 154 words
8199282491481,Joe Daley Winnipeg Jets Autographed Vintage Logo Hockey Puck,already 153 words
8199282524249,Dale Hawerchuk Winnipeg Jets Autographed Hockey Puck,already 156 words
8199282557017,Bobby Orr Autographed Oshawa Generals Hockey Puck,already 154 words
8199282622553,Chris Chelios Signed Team USA Puck with HOF Note,already 161 words
8199282655321,Serge Savard Team Canada Signed 1972 Summit Series Puck,already 154 words
8199282688089,Shea Weber Team Canada Signed Olympic Puck with 2010 Gold Note,already 165 words
8199282720857,Steve Yzerman Team Canada Signed Puck with 02 Gold Note,already 165 words
8199282753625,Theo Fleury Team Canada Signed Puck with 02 Gold Note,already 162 words
8199282819161,Sam Reinhart Signed Team Canada Puck with 2015 WJC Note,already 162 words
8199282851929,Tyler Seguin Team Canada Autographed Hockey Puck,already 154 words
8199282884697,Wendel Clark Signed Team Canada Puck with JR Gold Note,already 162 words
8199282917465,Tony Esposito Signed 1972 Summit Series Canada CCCP Puck,already 156 words
8199282983001,Paul Henderson Team Canada Autographed 1972 Canada/cccp Puck,already 153 words
8199283048537,Ray Bourque Autographed Team Canada Hockey Puck,already 156 words
8199283081305,Mike Babcock Team Canada Autographed Hockey Puck,already 153 words
8199283114073,Nathan MacKinnon Team Canada Autographed Hockey Puck,already 154 words
8199283146841,Mitch Marner Team Canada Autographed Hockey Puck,already 154 words
8199283179609,Mike Peca Team Canada Signed 02 Gold Note Olympic Puck,already 153 words
8199283212377,Marty Turco Autographed Team Canada Hockey Puck,already 153 words
8199283310681,Mark Messier Team Canada Autographed Canada Cup Hockey Puck,already 156 words
8199283343449,Luc Robitaille Team Canada Autographed Canada Cup Puck,already 153 words
8199283376217,Lanny McDonald Team Canada Signed Canada Cup Puck with HOF Note,already 164 words
8199283408985,Claude Giroux Autographed Team Canada Hockey Puck,already 154 words
8199283474521,Bobby Orr Signed 1972 Team Canada Summit Series Puck,already 154 words
8199283507289,Bobby Orr Team Canada Autographed Canada Cup Puck,already 154 words
8199283540057,Andy Moog Team Canada Signed Puck with 88 Olympics Note,already 163 words
8199283572825,Aaron Ekblad Team Canada Autographed Hockey Puck,already 153 words
8199283605593,Joe Sakic Team Canada Autographed Olympic Hockey Puck,already 153 words
8199283638361,Joe Thornton Team Canada Autographed Hockey Puck,already 154 words
8199283671129,Joe Nieuwendyk Team Canada Autographed Olympic Hockey Puck,already 156 words
8199283736665,Jocelyn Guevremont Team Canada Autographed 1972 Summit Puck,already 156 words
8199283769433,Jean Ratelle Team Canada Autographed 1972 Summit Series Puck,already 154 words
8199283802201,Jayna Hefford Signed Team Canada Vancouver 2010 Puck,already 154 words
8199283834969,Jarome Iginla Autographed Team Canada Puck,already 154 words
8199283867737,Felix Potvin Signed Team Canada Puck with WJ Gold Note,already 163 words
8199283900505,Gerry Cheevers Team Canada Signed Canada Cup Puck with HOF Note,already 164 words
8199283933273,Guy Lapointe Team Canada Autographed 1972 Summit Series Puck,already 154 words
8199283998809,Don Cherry Team Canada Autographed Hockey Puck,already 156 words
8199284064345,Drew Doughty Team Canada Autographed Olympic Hockey Puck,already 153 words
8199284097113,Doug Gilmour Team Canada Autographed Canada Cup Puck,already 153 words
8199284129881,Ed Belfour Team Canada Autographed Olympic Hockey Puck,already 156 words
8199284195417,Gabriel Landeskog Autographed Sweden Flag Hockey Puck,already 154 words
8199284228185,Owen Nolan Autographed 1997 All-Star Game Puck,already 155 words
8199284260953,Ray Bourque Autographed 1996 All-Star Game Hockey Puck,already 157 words
8199284293721,Kirill Kaprizov Autographed 2022 All-Star Official Game Puck,already 157 words
8199284326489,Marty Turco Autographed 2007 NHL All-Star Game Puck,already 157 words
8199284359257,Mark Messier Signed 2004 NHL All-Star Game Hockey Puck,already 157 words
8199284392025,Jeremy Roenick Signed 1988 NHL Draft Puck with 8th Pick Note,already 161 words
8199284424793,Chris Chelios Signed 2000 NHL All-Star Game Event Puck,already 154 words
8199284490329,Jeremy Roenick Autographed Phoenix Coyotes Hockey Puck,already 154 words
8199284555865,Logan Cooley Autographed Arizona Coyotes Official Game Puck,already 156 words
8199284588633,Logan Cooley Autographed Arizona Coyotes Hockey Puck,already 153 words
8199284654169,Keith Tkachuk Autographed Arizona Coyotes Hockey Puck,already 153 words
8199284686937,Adam Oates Signed Anaheim Mighty Ducks Puck with HOF Note,already 162 words
8199284719705,Jari Kurri Signed Anaheim Mighty Ducks Puck with HOF Note,already 162 words
8199284752473,Teemu Selanne Autographed Anaheim Ducks Official Game Puck,already 156 words
8199284785241,Corey Perry Signed Anaheim Ducks Official Game Puck,already 153 words
8199284818009,Pavel Mintyukov Autographed Anaheim Ducks Hockey Puck,already 153 words
8199284850777,Gerry Cheevers Signed Boston Bruins Puck with HOF Note,already 162 words
8199284883545,Bobby Orr Signed Boston Bruins Retro Logo Puck,already 156 words
8199284981849,Bobby Orr Signed Boston Bruins Flying Goal Puck,already 154 words
8199285112921,Bobby Orr Signed Autographed 1966 Debut 50th Puck,already 156 words
8199285211225,Bobby Orr & Don Cherry Dual Signed Boston Bruins Hockey Puck,already 154 words
8199285276761,Brad Park Signed Boston Bruins Puck with HOF Note,already 164 words
8199285375065,Tim Thomas Signed Boston Bruins Puck with 2X Vezina Note,already 163 words
8199285407833,Marc Savard Autographed Boston Bruins 2011 Stanley Cup Puck,already 154 words
8199285440601,Jeremy Swayman Autographed Boston Bruins Hockey Puck,already 154 words
8199285473369,Bowen Byram Signed Buffalo Sabres Official Game Puck,already 156 words
8199285506137,Jari Kurri Signed Colorado Avalanche Puck with HOF Note,already 164 words
8199285538905,Bowen Byram Signed Colorado Avalanche Stitch Design Puck,already 153 words
8199285571673,Jose Theodore Autographed Colorado Avalanche Hockey Puck,already 156 words
8199285604441,Peter Forsberg Signed Avalanche 2001 Stanley Cup Champions Puck,already 156 words
8199285669977,Peter Forsberg Signed Avalanche 1996 Stanley Cup Champions Puck,already 153 words
8199285702745,Peter Forsberg Signed Avalanche Puck with HOF 2014 Note,already 163 words
8199285801049,Rob Blake Signed Colorado Avalanche 2001 Stanley Cup Puck,already 154 words
8199285833817,Tony Amonte Autographed Chicago Blackhawks Hockey Puck,already 153 words
8199285866585,"Tony Esposito, Glenn Hall & Ed Belfour Chicago Puck",already 73 words
8199285899353,Tyler Bertuzzi Autographed Chicago Blackhawks Hockey Puck,already 156 words
8199285932121,Steve Thomas Autographed Chicago Blackhawks Hockey Puck,already 156 words
8199285964889,Nick Foligno Autographed Chicago Blackhawks Hockey Puck,already 153 words
8199285997657,Ed Belfour Signed Chicago Blackhawks Official Game Puck,already 154 words
8199286063193,Sergei Bobrovsky Signed Columbus Blue Jackets Official Puck,already 155 words
8199286128729,Tony Amonte Autographed Calgary Flames Hockey Puck,already 153 words
8199286161497,Martin St. Louis Signed Calgary Flames Puck with HOF 18 Note,already 163 words
8199286194265,Doug Gilmour Signed Flames 1989 Stanley Cup Puck with Cup Note,already 162 words
8199286227033,Joe Nieuwendyk Signed Calgary Flames Puck with 1988 ROY Note,already 163 words
8199286259801,Ron Francis Signed Carolina Hurricanes Puck with HOF Note,already 164 words
8199286325337,Igor Larionov Signed Detroit Red Wings 1997 Stanley Cup Puck,already 154 words
8199286358105,Igor Larionov Signed Detroit Red Wings 1998 Stanley Cup Puck,already 157 words
8199286390873,Brendan Shanahan Signed Detroit Red Wings Puck with HOF Note,already 163 words
8199286456409,Brendan Shanahan Signed Red Wings 1997 Stanley Cup Puck,already 157 words
8199286489177,Chris Chelios Signed Detroit Red Wings 2009 Winter Puck,already 154 words
8199286521945,Brett Hull Signed Detroit Red Wings 2002 Stanley Cup Puck,already 155 words
8199286554713,Pete Mahovlich Autographed Detroit Red Wings Hockey Puck,already 154 words
8199286587481,Steve Yzerman Signed Detroit Red Wings Puck with HOF Note,already 163 words
8199286620249,Steve Yzerman Signed Detroit Red Wings 1998 Stanley Cup Puck,already 157 words
8199286685785,Steve Yzerman Signed Detroit Red Wings Puck with Points Note,already 163 words
8199286718553,Brett Hull Autographed Dallas Stars Retro Autograph Puck,already 153 words
8199286751321,Ed Belfour Signed Dallas Stars 1999 Stanley Cup Puck,already 156 words
8199286784089,Joe Nieuwendyk Signed Dallas Stars 1999 Stanley Cup Puck,already 156 words
8199286816857,Joe Nieuwendyk Signed Stars Puck with 1999 Conn Smythe Note,already 164 words
8199287013465,Jason Spezza Autographed Dallas Stars Hockey Puck,already 153 words
8199287079001,Logan Stankoven Signed Dallas Stars Official Game Puck,already 156 words
8199287111769,Jari Kurri Signed Oilers 1990 Stanley Cup Puck with 5 Cups Note,already 165 words
8199287210073,Jari Kurri Signed Edmonton Oilers 1987 Stanley Cup Puck,already 156 words
8199287308377,Jari Kurri Signed Edmonton Oilers 1988 Stanley Cup Puck,already 156 words
8199287406681,Jari Kurri Signed Edmonton Oilers 1984 Stanley Cup Puck,already 153 words
8199287504985,Jari Kurri Signed Edmonton Oilers 1985 Stanley Cup Puck,already 156 words
8199287603289,Esa Tikkanen Signed Edmonton Oilers 1987 Stanley Cup Puck,already 153 words
8199287636057,Esa Tikkanen Signed Edmonton Oilers 1988 Stanley Cup Puck,already 156 words
8199287734361,Esa Tikkanen Signed Edmonton Oilers 1990 Stanley Cup Puck,already 156 words
8199287799897,Adam Oates Signed Edmonton Oilers Puck with HOF Note,already 162 words
8199287832665,Adam Henrique Autographed Edmonton Oilers Hockey Puck,already 154 words
8199287865433,Bill Ranford Signed Edmonton Oilers 1988 Stanley Cup Puck,already 154 words
8199287898201,Bill Ranford Signed Edmonton Oilers 1990 Stanley Cup Puck,already 156 words
8199287930969,Bill Ranford Signed Oilers 1990 Cup Puck with Conn Smythe,already 153 words
8199287963737,Sam Reinhart Signed Florida Panthers Official Game Puck,already 153 words
8199287996505,Roberto Luongo Signed Florida Panthers Official Game Puck,already 156 words
8199288029273,Roberto Luongo Autographed Florida Panthers Hockey Puck,already 156 words
8199288094809,Larry Robinson Signed Kings Retro Puck with HOF Note,already 162 words
8199288127577,Jari Kurri Signed Los Angeles Kings Retro Puck with HOF Note,already 163 words
8199288225881,Darcy Kuemper Autographed Los Angeles Kings Hockey Puck,already 155 words
8199288291417,Vladislav Gavrikov Signed Los Angeles Kings Official Puck,already 155 words
8199288422489,Tom Glavine Autographed Los Angeles Kings Vintage Logo Puck,already 157 words
8199288455257,Rob Blake Signed Los Angeles Kings Puck with 1998 Norris Note,already 163 words
8199288520793,Noah Hanifin Autographed Vegas Golden Knights Hockey Puck,already 154 words
8199288553561,William Karlsson Signed Golden Knights 2023 Stanley Cup Puck,already 155 words
8199288586329,William Karlsson Autographed Vegas Golden Knights Puck,already 155 words
8199288619097,Shea Weber Signed Montreal Canadiens Puck with HOF Note,already 161 words
8199288651865,Pete Mahovlich Autographed Montreal Canadiens Hockey Puck,already 153 words
8199288684633,Larry Robinson Signed Canadiens Puck with Big Bird Note,already 162 words
8199288717401,Larry Robinson Signed Montreal Canadiens Puck with HOF Note,already 164 words
8199288750169,Jose Theodore Autographed Montreal Canadiens Hockey Puck,already 154 words
8199288782937,Jose Theodore Signed Canadiens Puck with 2002 Vezina Note,already 165 words
8199288815705,Jose Theodore Signed Canadiens Puck with 2002 Hart Note,already 163 words
8199288848473,Brian Bellows Autographed Montreal Canadiens Hockey Puck,already 154 words
8199289471065,Gary Leeman Signed Montreal Canadiens 1993 Stanley Cup Puck,already 154 words
8199289536601,Frank Mahovlich Signed Montreal Canadiens Puck with HOF Note,already 162 words
8199289602137,Frank Mahovlich & Peter Mahovlich Dual Signed Montreal Puck,already 153 words
8199289634905,Mike Cammalleri Autographed Montreal Canadiens Hockey Puck,already 153 words
8199290028121,Dino Ciccarelli Signed Minnesota North Stars Vintage Puck,already 157 words
8199290060889,Matt Boldy Signed Minnesota Wild Official Game Puck,already 154 words
8199290093657,Matt Boldy Autographed Minnesota Wild Hockey Puck,already 154 words
8199290126425,Filip Gustavsson Signed Minnesota Wild Official Game Puck,already 154 words
8199290159193,Logan Stankoven Signed 2021 NHL Draft Puck with 47th Pick Note,already 160 words
8199290224729,Cam York Signed 2019 NHL Draft Puck with 14th Pick Note,already 161 words
8199290257497,Simon Gagne Signed 1998 NHL Draft Puck with 22nd Pick Note,already 163 words
8199290290265,Vincent Trocheck Signed 2011 NHL Draft Puck with 64th Pick Note,already 161 words
8199290323033,Erik Karlsson Signed 2008 NHL Draft Puck with 15th Pick Note,already 161 words
8199290355801,Evgeni Malkin Signed 2004 NHL Draft Puck with 2nd Pick Note,already 161 words
8199290650713,Jared McCann Signed 2014 NHL Draft Puck with 24th Pick Note,already 160 words
8199290814553,Jari Kurri Signed 1980 NHL Draft Puck with 69th Pick Note,already 160 words
8199290880089,Brett Hull Signed 1984 NHL Draft Puck with 117th Pick Note,already 163 words
8199290912857,Shane Doan Signed 1995 NHL Draft Puck with 7th Pick Note,already 160 words
8199290945625,Taylor Hall Signed 2010 NHL Draft Puck with 1st Pick Note,already 163 words
8199290978393,Thatcher Demko Signed 2014 NHL Draft Puck with 36th Pick Note,already 160 words
8199291011161,Teemu Selanne Signed 1988 NHL Draft Puck with 10th Pick Note,already 161 words
8199291076697,Josh Norris Signed 2017 NHL Draft Puck with 19th Pick Note,already 161 words
8199291109465,Dave Keon Autographed Hockey Hall of Fame Puck,already 152 words
8199291142233,Martin Brodeur Signed New Jersey Devils Puck with HOF Note,already 163 words
8199291175001,Martin Brodeur Signed New Jersey Devils 2000 Stanley Cup Puck,already 155 words
8199291207769,Martin Brodeur Signed New Jersey Devils 2003 Stanley Cup Puck,already 154 words
8199291240537,Jesper Bratt Autographed New Jersey Devils Hockey Puck,already 154 words
8199291273305,Brendan Morrison Autographed New Jersey Devils Hockey Puck,already 154 words
8199291306073,Cliff Ronning Autographed Nashville Predators Hockey Puck,already 154 words
8199291437145,Filip Forsberg Autographed Nashville Predators Official Puck,already 153 words
8199291469913,Vincent Trocheck Signed New York Rangers Official Game Puck,already 157 words
8199291797593,Mike Gartner Signed New York Rangers Puck with HOF Note,already 162 words
8199291830361,Mike Richter Signed Rangers 1994 Stanley Cup Champions Puck,already 155 words
8199291863129,Mika Zibanejad Autographed New York Rangers Hockey Puck,already 157 words
8199291895897,Mark Osborne Autographed New York Rangers Hockey Puck,already 155 words
8199291928665,Mark Messier Signed New York Rangers Official Game Puck,already 155 words
8199291961433,Jari Kurri Signed New York Rangers Puck with HOF Note,already 162 words
8199291994201,Esa Tikkanen Signed New York Rangers 1994 Stanley Cup Puck,already 157 words
8199292026969,Ed Olczyk Autographed New York Rangers Hockey Puck,already 154 words
8199292059737,Erik Karlsson Autographed Ottawa Senators Retro Logo Puck,already 156 words
8199292125273,Jason Spezza Autographed Ottawa Senators Graphic Logo Puck,already 156 words
8199292158041,Jason Spezza Autographed Ottawa Senators Classic Logo Puck,already 153 words
8199292190809,Simon Gagne Autographed Philadelphia Flyers Hockey Puck,already 154 words
8199292256345,Simon Gagne Autographed Philadelphia Flyers Official Puck,already 154 words
8199292289113,Cam York Signed Philadelphia Flyers Official Game Puck,already 156 words
8199292321881,Claude Giroux Autographed Philadelphia Flyers Hockey Puck,already 153 words
8199292354649,Darryl Sittler Signed Toronto Maple Leaf Gardens Puck,already 154 words
8199292420185,Darryl Sittler Signed Philadelphia Flyers Puck with HOF Note,already 161 words
8199292452953,Allan Stanley Signed Philadelphia Flyers Puck with HOF Note,already 164 words
8199293108313,Erik Karlsson Signed Pittsburgh Penguins Official Game Puck,already 153 words
8199293239385,Evgeni Malkin Signed Pittsburgh Penguins 2017 Stanley Cup Puck,already 153 words
8199293304921,Evgeni Malkin Signed Penguins 2009 Stanley Cup Champions Puck,already 154 words
8199293337689,Evgeni Malkin Signed Pittsburgh Penguins 2008 Winter Puck,already 154 words
8199293468761,Jeremy Roenick Signed San Jose Sharks Puck with HOF Note,already 163 words
8199293829209,Doug Gilmour Signed St. Louis Blues Puck with HOF Note,already 167 words
8199293894745,Brett Hull Signed St. Louis Blues Puck with HOF Note,already 166 words
8199293960281,Brett Hull & Adam Oates Dual Signed St. Louis Blues Puck,already 158 words
8199294025817,Brayden Schenn Autographed St. Louis Blues Hockey Puck,already 161 words
8199294091353,Brayden Schenn Signed St. Louis Blues Official Game Puck,already 158 words
8199294124121,Ivan Barbashev Signed St. Louis Blues 2019 Stanley Cup Puck,already 158 words
8199294156889,Martin St. Louis Signed Lightning 2004 Stanley Cup Puck,already 155 words
8199294189657,Martin St. Louis Signed Lightning Retro Puck with HOF 18 Note,already 167 words
8199294255193,Joe Nieuwendyk Signed Toronto Maple Leafs Puck with HOF Note,already 165 words
8199294287961,Doug Gilmour Autographed Toronto Maple Leafs Hockey Puck,already 155 words
8199294320729,Darcy Tucker Autographed Toronto Maple Leafs Retro Logo Puck,already 155 words
8199294353497,Darryl Sittler Signed Maple Leafs Retro Puck with HOF Note,already 163 words
8199294386265,Rob Ramage Autographed Toronto Maple Leafs Retro Logo Puck,already 157 words
8199294419033,Rick Vaive Autographed Toronto Maple Leafs Retro Logo Puck,already 157 words
8199294484569,Steve Thomas Autographed Toronto Maple Leafs Retro Logo Puck,already 154 words
8199294517337,Jake McCabe Signed Toronto Maple Leafs Official Game Puck,already 154 words
8199294550105,Trevor Linden Autographed Vancouver Canucks Retro Logo Puck,already 154 words
8199294582873,Kirk McLean Autographed 1992 NHL All-Star Game Puck,already 154 words
8199294615641,Thatcher Demko Autographed Vancouver Canucks Hockey Puck,already 153 words
8199294681177,Richard Brodeur Autographed Vancouver Canucks Retro Puck,already 154 words
8199294713945,Felix Potvin Autographed Vancouver Canucks Hockey Puck,already 153 words
8199294746713,Igor Larionov Signed Canucks Retro Puck with HOF Note,already 164 words
8199294779481,Tom Wilson Signed Washington Capitals 2015 Winter Puck,already 154 words
8199294812249,Tom Wilson Signed Washington Capitals 2018 Stanley Cup Puck,already 154 words
8199294845017,Olaf Kolzig Autographed Washington Capitals Hockey Puck,already 156 words
8199294910553,Adam Lowry Signed Winnipeg Jets Reverse Retro Dual Logo Puck,already 154 words
8199294943321,Adam Lowry Autographed Winnipeg Jets Hockey Puck,already 153 words
8199294976089,Mark Scheifele Signed Winnipeg Jets Official Game Puck,already 156 words
8199295041625,Teemu Selanne Signed Jets Vintage Logo Puck with HOF Note,already 162 words
8199295107161,Cole Perfetti Signed Winnipeg Jets Official Game Puck,already 153 words
8199295139929,Cole Perfetti Autographed Winnipeg Jets Hockey Puck,already 154 words
8199295172697,Connor Hellebuyck Signed Winnipeg Jets Reverse Retro Puck,already 154 words
8199295271001,Connor Hellebuyck Signed Jets Puck with 2020 Vezina Note,already 162 words
8199295303769,Shea Theodore Seattle Thunderbirds Signed Official Game Puck,already 152 words
8199295402073,Taylor Hall Windsor Spitfires Autographed Hockey Puck,already 151 words
8199295434841,Dustin Wolf Signed Team USA Hockey Puck,already 156 words
8199295500377,Keith Tkachuk Autographed Team USA Hockey Puck,already 156 words
8199295565913,Brett Hull Autographed Team USA Hockey Puck,already 153 words
8199295598681,Corey Perry Team Canada Signed Hockey Canada Puck,already 154 words
8199295631449,Darryl Sittler Signed Team Canada Canada Cup Inglasco Puck,already 153 words
8199295664217,Cole Perfetti Team Canada Autographed Hockey Puck,already 154 words
8199295696985,Bill Ranford Team Canada Autographed Canada Cup Hockey Puck,already 153 words
8199295729753,Bill Ranford Team Canada Signed Canada Cup Puck with 91 MVP Note,already 162 words
8199295762521,Pete Mahovlich Team Canada Autographed Canada Cup Puck,already 153 words
8199295828057,Pete Mahovlich Autographed 1972 Team Canada Summit Puck,already 153 words
8199295860825,Shayne Corson Team Canada Signed Hockey Canada Logo Puck,already 154 words
8199295893593,Jose Theodore Signed Team Canada Puck with 1996 WJ Gold Note,already 164 words
8199295926361,Jamie Drysdale Signed Team Canada Puck with 2020 WJC Gold Note,already 163 words
8199295959129,Simon Gagne Autographed Team Canada Hockey Puck,already 156 words
8199296024665,Jari Kurri Autographed Team Finland Hockey Puck,already 156 words
8199296057433,Mitch Marner Signed 2024 NHL All-Star Game Official Puck,already 157 words
8199296090201,Mike Richter Signed 1994 NHL All-Star Game Puck with MVP Note,already 162 words
8199296122969,Mike Gartner Signed 1993 NHL All-Star Game Puck with MVP Note,already 165 words
8199296188505,Jari Kurri Autographed 1998 NHL All-Star Game Hockey Puck,already 157 words
8199296221273,Doug Gilmour Signed 1993 NHL All-Star Game Puck,already 157 words
8199296254041,Doug Gilmour Signed 1994 NHL All-Star Game Puck,already 154 words
8199296286809,Jeremy Swayman Autographed 2024 NHL All-Star Game Puck,already 157 words
8199296319577,Tomas Kaberle Autographed 2008 NHL All-Star Game Puck,already 154 words
8199296352345,Boone Jenner Autographed 2024 NHL All-Star Game Puck,already 154 words
8199296385113,Jari Kurri Signed NHL 100 Year Centennial Season Puck,already 151 words
8199296417881,Dave Keon Signed NHL Centennial Season Game Puck,already 151 words
8199296450649,Martin St. Louis Signed NHL Centennial Season Game Puck,already 155 words
8199296483417,Nolan Patrick Signed NHL Centennial Season Official Puck,already 154 words
8199296548953,Tyler Seguin NHL Centennial Season Signed Official Game Puck,already 151 words
8199296581721,Mike Gartner Signed Phoenix Coyotes Puck with HOF Note,already 161 words
8199296614489,Mike Johnson Signed Phoenix Coyotes Kachina Logo Puck,already 153 words
8199296647257,Jeremy Roenick Signed Phoenix Coyotes Retro Puck with HOF Note,already 161 words
8200584396889,John Carlson London Knights Autographed CHL CCM Jersey,already 160 words
8200584462425,Mark Recchi Kamloops Blazers Signed White CHL Jersey,already 138 words
8200585085017,Matthew Tkachuk Signed London Knights Green CCM Jersey,already 138 words
8200585117785,Mike Gartner Cincinnati Stingers Signed Vintage WHA Jersey,already 135 words
8200585183321,Mitch Marner London Knights Autographed CHL CCM Jersey,already 163 words
8200585216089,Morgan Rielly Moose Jaw Warriors Autographed CHL Jersey,already 161 words
8200585281625,Paul Coffey Sault Ste Greyhounds Autographed CHL Jersey,already 161 words
8200585314393,Rick Nash London Knights Autographed CHL CCM Jersey,already 161 words
8200585412697,Ryan Getzlaf Autographed Calgary Hitmen CHL CCM Jersey,already 161 words
8200585543769,Taylor Hall Windsor Spitfires Autographed CHL Hockey Jersey,already 160 words
8200585609305,Theo Fleury Moose Jaw Warriors Autographed CHL Hockey Jersey,already 160 words
8200585674841,Mason McTavish Autographed Anaheim Ducks Adidas Jersey,already 162 words
8200585740377,Ryan Miller Anaheim Ducks Signed Last Game Adidas Jersey #/30,already 148 words
8200585805913,Teemu Selanne Anaheim Ducks Signed Final Season Jersey,already 137 words
8200586035289,Adam Henrique Anaheim Ducks Autographed Adidas Jersey,already 163 words
8200586068057,Bobby Orr Boston Bruins Autographed Fanatics Jersey,already 165 words
8200586166361,Bobby Orr Signed Boston Bruins Retro Fanatics Jersey,already 138 words
8200586231897,Tim Thomas Signed Bruins 2011 Stanley Cup Reebok Jersey #/30,already 146 words
8200586297433,Ray Bourque Signed Boston Bruins White Fanatics Jersey,already 169 words
8200586362969,Gabriel Landeskog Avalanche Signed 1st Game Reebok Jersey #/92,already 148 words
8200586428505,Matt Duchene Colorado Avalanche Signed Rookie Reebok Jersey,already 137 words
8200586526809,Ray Bourque Colorado Avalanche Autographed Reebok Jersey,already 162 words
8200586559577,Paul Coffey Chicago Blackhawks Autographed Fanatics Jersey,already 163 words
8200586625113,Jeremy Roenick Signed Blackhawks Fanatics Jersey with Goals Note,already 148 words
8200586657881,Ed Belfour Chicago Blackhawks Autographed Fanatics Jersey,already 163 words
8200586788953,Doug Gilmour Chicago Blackhawks Autographed Fanatics Jersey,already 163 words
8200586887257,Patrik Laine Autographed Columbus Blue Jackets Jersey,already 164 words
8200586952793,Matthew Tkachuk Calgary Flames Signed & Dated 1st Jersey,already 138 words
8200586985561,Marcel Dionne Detroit Red Wings Signed Retro Fanatics Jersey,already 169 words
8200587018329,Luc Robitaille Autographed Detroit Red Wings Retro Jersey,already 169 words
8200587116633,Paul Coffey Detroit Red Wings Signed Retro Fanatics Jersey,already 169 words
8200587149401,Tyler Seguin Dallas Stars Autographed Reebok Jersey,already 168 words
8200587214937,Esa Tikkanen Edmonton Oilers Signed Retro Fanatics Jersey,already 168 words
8200587247705,Grant Fuhr Signed Edmonton Oilers 36x44 Jersey Frame,already 140 words
8200587313241,Paul Coffey Signed Edmonton Oilers 36x44 Jersey Frame,already 140 words
8200587346009,Dave Keon Hartford Whalers Signed Last Game Fanatics Jersey,already 168 words
8200587411545,Paul Coffey Los Angeles Kings Signed Retro Fanatics Jersey,already 169 words
8200587477081,Jonathan Quick Signed LA Kings 2012 Conn Smythe Jersey,already 169 words
8200587509849,Mats Naslund Autographed Montreal Canadiens Fanatics Jersey,already 168 words
8200587575385,Steve Shutt Autographed Montreal Canadiens Fanatics Jersey,already 168 words
8200587608153,Denis Savard Signed Montreal Canadiens White Fanatics Jersey,already 169 words
8200587673689,Andy Moog Autographed Montreal Canadiens Fanatics Jersey,already 168 words
8200587739225,Alexei Kovalev Autographed Montreal Canadiens Jersey,already 168 words
8200587804761,Jean Beliveau Signed Montreal Canadiens 36x44 Jersey Frame,already 140 words
8200587837529,John Leclair Montreal Canadiens Autographed Fanatics Jersey,already 168 words
8200587870297,Eric Staal Minnesota Wild Autographed Fanatics Jersey,already 168 words
8200587935833,Doug Gilmour New Jersey Devils Autographed Fanatics Jersey,already 169 words
8200587968601,Nico Hischier New Jersey Devils Autographed Adidas Jersey,already 169 words
8200588066905,Anders Lee New York Islanders Autographed Adidas Jersey,already 169 words
8200588132441,Luc Robitaille Autographed New York Rangers Fanatics Jersey,already 169 words
8200588230745,Mika Zibanejad New York Rangers Autographed Adidas Jersey,already 169 words
8200588263513,Pat Lafontaine Autographed New York Rangers Fanatics Jersey,already 169 words
8200588329049,Brian Leetch New York Rangers Signed Retro Fanatics Jersey,already 169 words
8200588361817,Brendan Shanahan New York Rangers Autographed Jersey,already 169 words
8200588427353,Allan Stanley New York Rangers Autographed Fanatics Jersey,already 169 words
8200588492889,Artemi Panarin New York Rangers Autographed Adidas Jersey,already 169 words
8200588525657,Adam Fox New York Rangers Signed White Adidas Jersey,already 170 words
8200588623961,Jacob Trouba New York Rangers Autographed Adidas Jersey,already 169 words
8200588689497,Josh Norris Ottawa Senators Autographed Black Jersey,already 169 words
8200588722265,Jason Spezza Ottawa Senators Autographed Fanatics Jersey,already 168 words
8200588787801,Chris Phillips Ottawa Senators Autographed Fanatics Jersey,already 168 words
8200588820569,Mika Zibanejad Ottawa Senators Signed & Dated 1st Jersey,already 168 words
8200588918873,Nolan Patrick Philadelphia Flyers Autographed Jersey,already 168 words
8200588951641,Paul Coffey Philadelphia Flyers Autographed Fanatics Jersey,already 168 words
8200589017177,Chris Pronger Signed Philadelphia Flyers Vintage Jersey,already 169 words
8200589049945,Evgeni Malkin Signed Pittsburgh Penguins Art Ross Jersey,already 168 words
8200589115481,Evgeni Malkin Pittsburgh Penguins Autographed Adidas Jersey,already 168 words
8200589148249,Joe Mullen Autographed Pittsburgh Penguins Fanatics Jersey,already 168 words
8200589213785,Alexei Kovalev Autographed Pittsburgh Penguins Jersey,already 168 words
8200589279321,Wendel Clark Quebec Nordiques Signed Retro Fanatics Jersey,already 168 words
8200589312089,Eric Lindros Quebec Nordiques Signed Retro Fanatics Jersey,already 168 words
8200589377625,Logan Couture Sharks Signed 1st Goal Reebok Jersey #/39,already 169 words
8200589443161,Tomas Hertl Autographed San Jose Sharks Reebok Jersey,already 169 words
8200589475929,Vince Dunn Signed Seattle Kraken Reverse Retro 2.0 Jersey,already 168 words
8200589541465,Jared McCann Autographed Seattle Kraken Adidas Jersey,already 168 words
8200589738073,Grant Fuhr Blues Signed Games Record Vintage Jersey #/31,already 169 words
8200589770841,Robert Thomas Signed St. Louis Blues Reverse Retro 2.0 Jersey,already 169 words
8200589836377,Steven Stamkos Signed Tampa Bay Lightning Rocket Jersey,already 169 words
8200589901913,Doug Gilmour Signed Toronto Maple Leafs 36x44 Jersey Frame,already 141 words
8200590000217,Johnny Bower Signed Toronto Maple Leafs 36x44 Jersey Frame,already 141 words
8200590065753,Joe Nieuwendyk Signed Toronto Maple Leafs White Jersey,already 170 words
8200590164057,Mike Gartner Toronto Maple Leafs Autographed Fanatics Jersey,already 169 words
8200590360665,Mitch Marner Toronto Maple Leafs Autographed Adidas Jersey,already 169 words
8200590426201,Rick Vaive Signed Toronto Maple Leafs White Fanatics Jersey,already 170 words
8200590524505,Adam Oates Autographed Washington Capitals Fanatics Jersey,already 168 words
8200590819417,Josh Morrissey Winnipeg Jets Autographed Adidas Jersey,already 168 words
8200590917721,Dale Hawerchuk Winnipeg Jets Signed Vintage 36x44 Frame,already 141 words
8200590983257,Blake Wheeler Winnipeg Jets Autographed Fanatics Jersey,already 168 words
8200591048793,Nathan MacKinnon Signed Halifax Mooseheads CHL CCM Jersey,already 169 words
8200591114329,Bobby Orr Autographed Oshawa Generals CHL CCM Jersey,already 169 words
8200591179865,Pete Mahovlich 1972 Summit Series Signed Team Canada Jersey,already 168 words
8200591278169,Denis Potvin Autographed Team Canada Custom Jersey,already 168 words
8200591343705,Brendan Shanahan Team Canada Autographed Centennial Jersey,already 168 words
8200591376473,Frank Mahovlich Team Canada Signed Red 1972 Summit Jersey,already 169 words
8200591474777,Guy Lapointe 1972 Summit Series Signed Team Canada Jersey,already 168 words
8200591540313,Filip Forsberg Team Sweden Autographed Hockey Jersey,already 169 words
8200591638617,Jack Campbell Signed 2022 NHL All-Star Game Jersey /22,already 167 words
8200591704153,Artemi Panarin Signed 2023 All-Star Game Adidas Jersey,already 167 words
8200591736921,Jeremy Roenick Autographed Phoenix Coyotes Kachina Jersey,already 168 words
8200591802457,Shane Doan Signed Arizona Coyotes Vintage Reebok Jersey,already 169 words
8200591835225,Logan Cooley Arizona Coyotes Signed 1st Game Adidas Jersey /92,already 168 words
8200591867993,Teemu Selanne Signed Anaheim Ducks Black Fanatics Jersey,already 169 words
8200592130137,Brad Marchand Signed Boston Bruins Fanatics Premium Jersey,already 168 words
8200592162905,Ray Bourque Signed Boston Bruins Puck Logo 36x44 Frame,already 140 words
8200592228441,Pierre Turgeon Signed Buffalo Sabres Jersey with 1st Pick,already 168 words
8200592293977,Pat Lafontaine Signed Buffalo Sabres Puck Logo 36x44 Frame,already 140 words
8200592326745,Jarome Iginla Autographed Colorado Avalanche Vintage Jersey,already 169 words
8200592359513,Peter Forsberg Signed Colorado Avalanche Vintage Jersey,already 169 words
8200592425049,Teemu Selanne Signed Colorado Avalanche Vintage Jersey,already 169 words
8200592457817,Kevin Korchinski Autographed Chicago Blackhawks Red Jersey,already 169 words
8200592523353,Phil Esposito Signed Chicago Blackhawks Fanatics Jersey,already 168 words
8200592588889,Zach Werenski Autographed Columbus Blue Jackets Jersey,already 169 words
8200592818265,Lanny McDonald Signed Calgary Flames Puck Logo 36x44 Frame,already 140 words
8200592916569,Mike Vernon Signed Red Wings Throwback Jersey with 97 Note,already 170 words
8200592949337,Adam Henrique Signed Edmonton Oilers 2024 Stanley Cup Jersey,already 168 words
8200593047641,Sam Reinhart Inscribed 2024 Stanley Cup Adidas Jersey,already 168 words
8200593211481,Roberto Luongo Signed Florida Panthers Vintage Reebok Jersey,already 169 words
8200593277017,Aaron Ekblad Signed Florida Panthers 2024 Stanley Cup Jersey,already 168 words
8200593440857,Dino Ciccarelli Autographed Florida Panthers Red Jersey,already 169 words
8200593539161,Joe Thornton Autographed Florida Panthers Red Jersey,already 169 words
8200593604697,Vincent Trocheck Autographed Florida Panthers Jersey,already 168 words
8200593670233,Jari Kurri Autographed Los Angeles Kings Fanatics Jersey,already 169 words
8200593735769,William Karlsson Signed Golden Knights Fanatics Premium Jersey,already 169 words
8200593768537,Larry Robinson Signed Montreal Canadiens Puck Logo Frame (36x44),already 154 words
8200593834073,Larry Robinson Autographed Montreal Canadiens Red Jersey,already 169 words
8200593965145,Filip Forsberg Signed Predators Fanatics Premium Jersey,already 168 words
8200593997913,Steve Thomas Autographed New York Islanders Blue Jersey,already 170 words
8200594063449,Mike Gartner Autographed New York Rangers Blue Jersey,already 170 words
8200594161753,Claude Giroux Signed Ottawa Senators Reverse Retro Jersey,already 168 words
8200594194521,Evgeni Malkin Signed Penguins Fanatics Premium Jersey,already 168 words
8200594260057,Joe Sakic Signed Quebec Nordiques Fanatics Breakaway Jersey,already 168 words
8200594292825,Gary Leeman Autographed Toronto Maple Leafs Blue Jersey,already 170 words
8200594325593,Anthony Stolarz Signed Maple Leafs Fanatics Premium Jersey,already 169 words
8200594391129,Todd Bertuzzi Autographed Vancouver Canucks Fanatics Jersey,already 168 words
8200594456665,Richard Brodeur Signed Vancouver Canucks Black Jersey,already 169 words
8200594489433,Mark Scheifele Autographed Winnipeg Jets Blue Adidas Jersey,already 169 words
8200594522201,Teemu Selanne Signed Winnipeg Jets Special Edition Jersey,already 168 words
8200594587737,Connor Hellebuyck Signed Winnipeg Jets Fanatics Premium Jersey,already 168 words
8200594620505,Tom Glavine Autographed Atlanta Braves White Majestic Jersey,already 167 words
8200594686041,Andy Moog Autographed Team Canada Custom Hockey Jersey,already 168 words
8200594718809,Mitch Marner Signed 2024 NHL All-Star Game Blue Jersey,already 167 words
8200594784345,Sam Reinhart Inscribed 2024 NHL All-Star Jersey /13,already 167 words
8200594817113,Mike Gartner Signed Phoenix Coyotes Black Kachina Jersey,already 169 words
8201621340249,Damon Allen Toronto Argonauts Autographed 8x10 Photo,already 138 words
8201621373017,Damon Allen BC Lions Autographed CFL Football 8x10 Photo,already 135 words
8201621405785,Roberto Alomar Autographed Toronto Blue Jays 8x10 Photo,already 139 words
8201621471321,Dave Andreychuk Buffalo Sabres Signed Game Action 8x10 Photo,already 136 words
8201621504089,J.P. Arencibia Toronto Blue Jays Autographed 8x10 Photo,already 136 words
8201621536857,Kent Austin Saskatchewan Roughriders Signed 8x10 Photo,already 136 words
8201621569625,Bill Barber Philadelphia Flyers Autographed 8x10 Photo,already 136 words
8201621602393,Jesse Barfield Autographed New York Yankees 8x10 Photo,already 139 words
8201621700697,Tom Barrasso Buffalo Sabres Autographed Goalie 8x10 Photo,already 136 words
8201621733465,Tom Barrasso Pittsburgh Penguins Signed Stanley Cup 8x10 Photo,already 136 words
8201621799001,Brutus the Barber Beefcake Signed Tag Team 8x10 Photo,already 136 words
8201621864537,Adriano Belli Toronto Argonauts Autographed 8x10 Photo,already 136 words
8201621897305,Ed Belfour Chicago Blackhawks Autographed Goalie 8x10 Photo,already 136 words
8201621930073,Ed Belfour Team Canada Signed Canada Cup 8x10 Photo,already 136 words
8201622028377,"George Bell, Lloyd Moseby & Jesse Barfield Signed 8x10 Photo",already 137 words
8201622061145,George Bell Toronto Blue Jays Autographed Powder 8x10 Photo,already 139 words
8201622093913,Jean Beliveau Signed Montreal Canadiens Stanley Cup 8x10 Photo,already 136 words
8201622126681,Jean Beliveau Canadiens Signed Captain Action 8x10 Photo,already 136 words
8201622159449,Sam Bennett Calgary Flames Signed Hockey 8x10 Photo,already 138 words
8201622192217,Todd Bertuzzi Detroit Red Wings Autographed 8x10 Photo,already 136 words
8201622224985,Sergei Bobrovsky Signed Florida Panthers Goalie 8x10 Photo,already 138 words
8201622421593,Dave Bolland Blackhawks Signed 2010 Stanley Cup 8x10 Photo,already 138 words
8201622454361,Peter Bondra Washington Capitals Autographed 8x10 Photo,already 135 words
8201622487129,Adam Boqvist Columbus Blue Jackets Signed 8x10 Photo,already 139 words
8201622618201,Pat Borders Toronto Blue Jays Signed World Series 8x10 Photo,already 139 words
8201622650969,Mike Bossy Team Canada Signed Canada Cup 8x10 Photo,already 135 words
8201622683737,Mike Bossy Autographed New York Islanders 8x10 Photo,already 136 words
8201622814809,Mike Bossy Signed New York Islanders Stanley Cup 8x10 Photo,already 139 words
8201622880345,Mike Bossy Signed New York Islanders Goal 8x10 Photo,already 139 words
8201622945881,Ray Bourque Boston Bruins Autographed Passing 8x10 Photo,already 138 words
8201623011417,Ray Bourque Boston Bruins Autographed Overhead 8x10 Photo,already 138 words
8201623076953,Ray Bourque Signed Hall of Fame Journey Collage 8x10 Photo,already 133 words
8201623208025,Ray Bourque Colorado Avalanche Signed Ice Spray 8x10 Photo,already 136 words
8201623240793,Ray Bourque Team Canada Autographed Canada Cup 8x10 Photo,already 136 words
8201623273561,Ray Bourque Autographed NHL All-Star Game Action 8x10 Photo,already 137 words
8201623437401,Dan Boyle Team Canada Signed 2010 Olympic 8x10 Photo,already 135 words
8201623502937,Martin Brodeur Signed New Jersey Devils Goalie 8x10 Photo,already 136 words
8201623601241,Martin Brodeur New Jersey Devils Signed Overhead 8x10 Photo,already 136 words
8201623699545,Martin Brodeur New Jersey Devils Signed Win 8x10 Photo,already 136 words
8201623797849,Martin Brodeur Team Canada Signed 2002 Gold Medal 8x10 Photo,already 136 words
8201623896153,Johnny Bucyk Boston Bruins Autographed Hockey 8x10 Photo,already 135 words
8201623994457,Pavel Bure & Trevor Linden Vancouver Canucks Dual 8x10 Photo,already 55 words
8201624059993,Bowen Byram Avalanche Signed & Dated 1st Goal 8x10 Photo,already 138 words
8201624223833,Anthony Calvillo Montreal Alouettes Signed 8x10 Photo,already 135 words
8201624354905,Joe Carter Signed Toronto Blue Jays 1993 World 8x10 Photo,already 139 words
8201624387673,Joe Carter Autographed Toronto Blue Jays World 8x10 Photo,already 139 words
8201624453209,Wes Cates Saskatchewan Roughriders Autographed 8x10 Photo,already 138 words
8201624551513,Chris Chelios Autographed Montreal Canadiens 8x10 Photo,already 136 words
8201624617049,Don Cherry Coach's Corner Autographed Detroit 8x10 Photo,already 136 words
8201624682585,Don Cherry Autographed Plaid Suit Flames Faceoff 8x10 Photo,already 133 words
8201624715353,Don Cherry Autographed Hockey Night in Canada 8x10 Photo,already 133 words
8201624748121,Don Cherry Signed Vancouver Canucks 8x10 Photo,already 138 words
8201624780889,Dino Ciccarelli Washington Capitals Autographed 8x10 Photo,already 136 words
8201624813657,Bobby Clarke & Bill Barber Philadelphia Flyers 8x10 Photo,already 51 words
8201624846425,Bobby Clarke Philadelphia Flyers Autographed 8x10 Photo,already 138 words
8201624879193,Wendel Clark Signed Toronto Maple Leafs Bloody 8x10 Photo,already 136 words
8201624911961,Paul Coffey Detroit Red Wings Autographed Action 8x10 Photo,already 139 words
8201624944729,Paul Coffey Philadelphia Flyers Autographed 8x10 Photo,already 136 words
8201624977497,Paul Coffey Los Angeles Kings Autographed Hockey 8x10 Photo,already 137 words
8201625010265,Paul Coffey Pittsburgh Penguins Autographed 8x10 Photo,already 135 words
8201625075801,Kyle Connor Winnipeg Jets Signed Skater 8x10 Photo,already 135 words
8201625108569,Kyle Connor Winnipeg Jets Signed Alt Skater 8x10 Photo,already 135 words
8201625174105,Logan Cooley Signed Arizona Coyotes Playmaker 8x10 Photo,already 136 words
8201625239641,Pavel Datsyuk Detroit Red Wings Autographed 8x10 Photo,already 139 words
8201625272409,Carlos Delgado Toronto Blue Jays Autographed 8x10 Photo,already 139 words
8201625305177,Demar Derozan Signed Toronto Raptors Spotlight 8x10 Photo,already 136 words
8201625337945,Demar Derozan Toronto Raptors Autographed 8x10 Photo,already 138 words
8201625436249,Shane Doan Arizona Coyotes Autographed Hockey 8x10 Photo,already 135 words
8201625469017,Shane Doan Signed Arizona Coyotes Final Game 8x10 Photo,already 138 words
8201625501785,Josh Donaldson Toronto Blue Jays Autographed 8x10 Photo,already 136 words
8201625567321,Vince Dunn Signed Seattle Kraken Reverse Retro 8x10 Photo,already 138 words
8201625600089,Jack Eichel Buffalo Sabres Signed 1st NHL Goal 8x10 Photo,already 135 words
8201625632857,Aaron Ekblad Barrie Colts Autographed OHL Rookie 8x10 Photo,already 133 words
8201625665625,Oliver Ekman-Larsson Arizona Coyotes Signed 8x10 Photo,already 138 words
8201625731161,Marco Estrada Toronto Blue Jays Autographed 8x10 Photo,already 139 words
8201625763929,Bob Feller Cleveland Indians Signed Black & White 8x10 Photo,already 134 words
8201625796697,Cecil Fielder Autographed New York Yankees World 8x10 Photo,already 139 words
8201625829465,Cecil Fielder Autographed Toronto Blue Jays 8x10 Photo,already 139 words
8201625862233,Theo Fleury Signed Belfast Giants Hockey Champion 8x10 Photo,already 133 words
8201625927769,Theo Fleury Calgary Flames Autographed Hockey 8x10 Photo,already 135 words
8201625960537,Theo Fleury Calgary Flames Signed Captain 8x10 Photo,already 135 words
8201625993305,Nick Foligno Columbus Blue Jackets Autographed 8x10 Photo,already 136 words
8201626026073,Filip Forsberg Nashville Predators Autographed 8x10 Photo,already 136 words
8201626058841,Filip Forsberg Signed Nashville Predators 8x10 Photo,already 138 words
8201626124377,Peter Forsberg Philadelphia Flyers Autographed 8x10 Photo,already 135 words
8201626189913,Peter Forsberg Colorado Avalanche Autographed 8x10 Photo,already 136 words
8201626255449,Grant Fuhr Signed Edmonton Oilers Mask Close-Up 8x10 Photo,already 138 words
8201626288217,Grant Fuhr Autographed Edmonton Oilers Kick Save 8x10 Photo,already 135 words
8201626320985,Grant Fuhr Autographed St. Louis Blues Goalie 8x10 Photo,already 140 words
8201626353753,Tony Gabriel Hamilton Tiger-Cats Autographed CFL 8x10 Photo,already 133 words
8201626419289,Bill Gadsby Chicago Blackhawks Autographed Black 8x10 Photo,already 138 words
8201626452057,Jeff Garcia San Francisco 49ers Autographed NFL 8x10 Photo,already 137 words
8201626484825,Jeff Garcia Calgary Stampeders Autographed CFL 8x10 Photo,already 130 words
8201626517593,Mike Gartner Minnesota North Stars Autographed 8x10 Photo,already 137 words
8201626550361,Mike Gartner Washington Capitals Autographed 8x10 Photo,already 136 words
8201626583129,Johnny Gaudreau Autographed Calgary Flames Aerial 8x10 Photo,already 135 words
8201626648665,Johnny Gaudreau Signed Calgary Flames Jagr Last 8x10 Photo,already 136 words
8201626681433,Johnny Gaudreau Autographed Calgary Flames Netcam 8x10 Photo,already 136 words
8201626714201,Johnny Gaudreau Calgary Flames Signed Dark Sniper 8x10 Photo,already 135 words
8201626746969,Johnny Gaudreau Calgary Flames Signed Puck Toss 8x10 Photo,already 156 words
8201626779737,Ryan Getzlaf Ducks Signed 2007 Stanley Cup 8x10 Photo,already 135 words
8201626812505,J.S. Giguere Anaheim Ducks Signed 2007 Stanley Cup 8x10 Photo,already 135 words
8201626878041,Doug Gilmour Chicago Blackhawks Autographed 8x10 Photo,already 138 words
8201626943577,Doug Gilmour & Dave Andreychuk Toronto Maple 8x10 Photo,already 56 words
8201626976345,Doug Gilmour Toronto Maple Leafs Autographed 8x10 Photo,already 137 words
8201627009113,Doug Gilmour Autographed Calgary Flames Hockey 8x10 Photo,already 136 words
8201627074649,Doug Gilmour Autographed St. Louis Blues Hockey 8x10 Photo,already 140 words
8201627140185,Tom Glavine Autographed Atlanta Braves Pitching 8x10 Photo,already 136 words
8201627172953,Anthony Gose Toronto Blue Jays Autographed Base 8x10 Photo,already 139 words
8201627205721,Cammi Granato Team USA Autographed Olympic Hockey 8x10 Photo,already 138 words
8201627238489,Shawn Green Los Angeles Dodgers Autographed 8x10 Photo,already 136 words
8201627271257,Mikhail Grigorenko Buffalo Sabres Autographed 8x10 Photo,already 135 words
8201627304025,Glenn Hall Chicago Blackhawks Autographed Glove 8x10 Photo,already 131 words
8201627336793,Taylor Hall Edmonton Oilers Signed Record 2 Goals 8x10 Photo,already 138 words
8201627369561,Taylor Hall Edmonton Oilers Signed Close-Up 8x10 Photo,already 135 words
8201627402329,Taylor Hall Edmonton Oilers Signed Puck Control 8x10 Photo,already 154 words
8201627435097,Taylor Hall Edmonton Oilers Autographed Hat Trick 8x10 Photo,already 135 words
8201627467865,Taylor Hall Autographed Windsor Spitfires Game 8x10 Photo,already 134 words
8201627500633,Tracy Ham Edmonton Eskimos Autographed CFL 8x10 Photo,already 134 words
8201627533401,Tracy Ham Baltimore Stallions Autographed CFL 8x10 Photo,already 134 words
8201627598937,Ja Happ Signed Toronto Blue Jays Baseball 11x14 Photo,already 137 words
8201627631705,Bret Hitman Hart WWE Autographed Sharpshooter 8x10 Photo,already 134 words
8201627664473,Dale Hawerchuk Philadelphia Flyers Autographed 8x10 Photo,already 135 words
8201627697241,Dale Hawerchuk Winnipeg Jets Autographed Captain 8x10 Photo,already 135 words
8201627730009,Dany Heatley San Jose Sharks Autographed Hockey 8x10 Photo,already 136 words
8201627762777,Adam Henrique Anaheim Ducks Autographed Hockey 8x10 Photo,already 135 words
8201627795545,Paul Henderson Autographed Toronto Toros 8x10 Photo,already 136 words
8201627828313,Paul Henderson Team Canada Autographed 1972 8x10 Photo,already 138 words
8201627926617,Paul Henderson & Vlad Tretiak Dual Signed 1972 8x10 Photo,already 138 words
8201628057689,Tom Henke Toronto Blue Jays Autographed 8x10 Photo,already 136 words
8201628090457,Ron Hextall Philadelphia Flyers Signed In Goal 8x10 Photo,already 136 words
8201628155993,Ron Hextall Philadelphia Flyers Autographed Kick 8x10 Photo,already 138 words
8201628319833,Marian Hossa Inscribed 2010 Stanley Cup 8x10 Photo,already 147 words
8201628418137,Phil Housley Buffalo Sabres Autographed Legend 8x10 Photo,already 138 words
8201628450905,Gordie Howe Detroit Red Wings Autographed Hart 8x10 Photo,already 137 words
8201628581977,Gordie Howe Detroit Red Wings Autographed Puck 8x10 Photo,already 154 words
8201628680281,"Gordie Howe, Mark Howe & Marty Howe Signed 8x10 Photo",already 133 words
8201628713049,Brett Hull Signed Dallas Stars 1999 Stanley Cup 8x10 Photo,already 136 words
8201628778585,Brett Hull Signed St. Louis Blues Hero Profile 8x10 Photo,already 143 words
8201628811353,Brett Hull & Adam Oates Dual Signed St. Louis 8x10 Photo,already 133 words
8201628844121,Jarome Iginla & Lanny McDonald Dual Signed 8x10 Photo,already 136 words
8201628876889,Jarome Iginla Kamloops Blazers Autographed Action 8x10 Photo,already 133 words
8201628942425,Jarome Iginla Signed Calgary Flames Intensity 8x10 Photo,already 136 words
8201628975193,Russ Jackson Ottawa Rough Riders Autographed CFL 8x10 Photo,already 137 words
8201629007961,Tom Johnson Montreal Canadiens Autographed Black 8x10 Photo,already 138 words
8201629040729,Tomas Kaberle Autographed Toronto Maple Leafs 8x10 Photo,already 137 words
8201629073497,Erik Karlsson Ottawa Senators Autographed 8x10 Photo,already 136 words
8201629106265,Red Kelly vs Alex Delvecchio Dual Signed Original 8x10 Photo,already 137 words
8201629171801,Red Kelly Toronto Maple Leafs Signed Vintage 8x10 Photo,already 136 words
8201629204569,Red Kelly Detroit Red Wings Autographed Vintage 8x10 Photo,already 139 words
8201629270105,Teeder Kennedy Maple Leafs Signed Stanley Cup 8x10 Photo,already 136 words
8201629302873,Dave Keon Maple Leafs Signed Black & White Stanley Cup 8x10 Photo,already 137 words
8201629335641,Dave Keon Toronto Maple Leafs Autographed Hockey 8x10 Photo,already 137 words
8201629368409,Dave Keon Hartford Whalers Autographed Final 8x10 Photo,already 135 words
8201629401177,Ryan Kesler Anaheim Ducks Autographed Horizontal 8x10 Photo,already 136 words
8201629433945,Jari Kurri Autographed Los Angeles Kings Hockey 8x10 Photo,already 136 words
8201629466713,Jari Kurri Autographed Edmonton Oilers Action 8x10 Photo,already 135 words
8201629499481,Jari Kurri Autographed Edmonton Oilers Color 8x10 Photo,already 138 words
8201629532249,Jari Kurri Signed Edmonton Oilers 1987 Stanley Cup 8x10 Photo,already 135 words
8201629565017,Elmer Lach Montreal Canadiens Autographed Color 8x10 Photo,already 135 words
8201629597785,Guy Lafleur Montreal Canadiens Autographed 8x10 Photo,already 136 words
8201629630553,Guy Lafleur Quebec Nordiques Autographed Action 8x10 Photo,already 138 words
8201629663321,Pat Lafontaine New York Islanders Autographed 8x10 Photo,already 139 words
8201629696089,Guy Lapointe Boston Bruins Autographed Close-Up 8x10 Photo,already 138 words
8201629728857,Eric Lapointe Autographed Montreal Alouettes 8x10 Photo,already 135 words
8201629761625,Igor Larionov Autographed Vancouver Canucks Game 8x10 Photo,already 138 words
8201629794393,Steve Larmer Chicago Blackhawks Autographed 8x10 Photo,already 136 words
8201629827161,Brett Lawrie Toronto Blue Jays Autographed 8x10 Photo,already 137 words
8201629892697,Brian Leetch New York Rangers Autographed 8x10 Photo,already 136 words
8201629925465,Gary Leeman Autographed Toronto Maple Leafs 8x10 Photo,already 139 words
8201629958233,Gary Leeman Signed Canadiens 1993 Stanley Cup 8x10 Photo,already 136 words
8201630056537,Nicklas Lidstrom Detroit Red Wings Autographed 8x10 Photo,already 137 words
8201630089305,Ted Lindsay Red Wings Signed with Hall of Fame Note 8x10 Photo,already 147 words
8201630122073,Trevor Linden Autographed Vancouver Canucks 8x10 Photo,already 135 words
8201630154841,Ed Litzenberger Chicago Blackhawks Autographed 8x10 Photo,already 138 words
8201630187609,Roberto Luongo Signed Vancouver Canucks Cup 8x10 Photo,already 138 words
8201630253145,Roberto Luongo Signed Florida Panthers Goalie 8x10 Photo,already 135 words
8201630285913,Roberto Luongo Autographed Florida Panthers 8x10 Photo,already 138 words
8201630384217,Rick MacLeish Philadelphia Flyers Autographed 8x10 Photo,already 138 words
8201630482521,Frank Mahovlich Autographed Toronto Maple Leafs 8x10 Photo,already 136 words
8201630515289,Evgeni Malkin Autographed Pittsburgh Penguins 8x10 Photo,already 135 words
8201630548057,Evgeni Malkin Signed Penguins 2009 Stanley Cup 8x10 Photo,already 138 words
8201630580825,Mitch Marner Autographed Toronto Maple Leafs 8x10 Photo,already 136 words
8201630646361,Mitch Marner Toronto Maple Leafs Signed 2017 8x10 Photo,already 137 words
8201630679129,Mitch Marner Autographed Toronto Maple Leafs 1st 8x10 Photo,already 137 words
8201630711897,Lanny McDonald Signed Flames 1989 Stanley Cup 8x10 Photo,already 135 words
8201630744665,Lanny McDonald Autographed Calgary Flames Home 8x10 Photo,already 136 words
8201630810201,Lanny McDonald Signed Calgary Flames Playoff 8x10 Photo,already 136 words
8201630875737,Lanny McDonald Autographed Colorado Rockies 8x10 Photo,already 138 words
8201630908505,Mark Messier Rangers Signed Bloody 8x10 Photo with Captain Note,already 144 words
8201630941273,Mark Messier Signed Rangers 1994 Stanley Cup 8x10 Photo,already 136 words
8201630974041,Ryan Miller Buffalo Sabres Signed Winter Classic 8x10 Photo,already 136 words
8201631006809,Mike Modano Minnesota North Stars Autographed 8x10 Photo,already 139 words
8201631039577,Sean Monahan Signed Calgary Flameshockey 8x10 Photo,already 136 words
8201631072345,Andy Moog Signed Boston Bruins Mask Close-Up 8x10 Photo,already 138 words
8201631105113,Andy Moog Signed Dallas Stars Goalie 8x10 Photo,already 138 words
8201631137881,Andy Moog Signed Edmonton Oilers 1984 Cup 8x10 Photo,already 135 words
8201631170649,Andy Moog Signed Montreal Canadiens Goalie 8x10 Photo,already 136 words
8201631236185,Dickie Moore Montreal Canadiens Autographed 8x10 Photo,already 135 words
8201631268953,Warren Moon Autographed Edmonton Eskimos CFL 8x10 Photo,already 134 words
8201631301721,Kendrys Morales Royals Signed 2015 World Series 8x10 Photo,already 133 words
8201631334489,Jim Morrison Boston Bruins Signed Original Six 8x10 Photo,already 138 words
8201631367257,Lloyd Moseby Autographed Toronto Blue Jays 8x10 Photo,already 136 words
8201631400025,Craig Muni Buffalo Sabres Autographed Hockey 8x10 Photo,already 138 words
8201631432793,Larry Murphy Pittsburgh Penguins Autographed 8x10 Photo,already 135 words
8201631465561,Rick Nash Columbus Blue Jackets Autographed 8x10 Photo,already 136 words
8201631498329,Cam Neely Boston Bruins Autographed Banner 8x10 Photo,already 138 words
8201631531097,Cam Neely Boston Bruins Autographed Bloody 8x10 Photo,already 136 words
8201631563865,Cam Neely Vancouver Canucks Autographed Rookie 8x10 Photo,already 136 words
8201631629401,Joe Nieuwendyk Calgary Flames Autographed Action 8x10 Photo,already 138 words
8201631694937,Joe Nieuwendyk Dallas Stars Autographed Hockey 8x10 Photo,already 135 words
8201631858777,Scott Niedermayer New Jersey Devils Autographed 8x10 Photo,already 139 words
8201631957081,Owen Nolan Quebec Nordiques Autographed Rookie 8x10 Photo,already 135 words
8201632153689,Charles Oakley Autographed Toronto Raptors 8x10 Photo,already 136 words
8201632284761,Adam Oates Autographed Edmonton Oilers Playmaker 8x10 Photo,already 136 words
8201632579673,Bobby Orr Boston Bruins Autographed Spotlight 8x10 Photo,already 135 words
8201632710745,Bobby Orr Boston Bruins Autographed Stanley Cup 8x10 Photo,already 135 words
8201632809049,Bobby Orr Autographed Boston Bruins Bench 8x10 Photo,already 135 words
8201632907353,Bobby Orr Team Canada Autographed 1976 Canada Cup 8x10 Photo,already 136 words
8201632940121,Bobby Orr Autographed First NHL All-Star Game 8x10 Photo,already 139 words
8201633071193,Bobby Orr & Gerry Cheevers Dual Signed Boston 8x10 Photo,already 135 words
8201633202265,Roberto Osuna Toronto Blue Jays Signed ALDS Game 8x10 Photo,already 136 words
8201633333337,Chad Owens Toronto Argonauts Autographed CFL 8x10 Photo,already 135 words
8201633497177,Dion Phaneuf Toronto Maple Leafs Autographed 8x10 Photo,already 139 words
8201633628249,Dion Phaneuf Signed Toronto Maple Leafs Captain 11x14 Photo,already 136 words
8201633759321,Pierre Pilote Chicago Blackhawks Autographed 8x10 Photo,already 135 words
8201633792089,Felix Potvin Autographed Toronto Maple Leafs Puck 8x10 Photo,already 155 words
8201633824857,Mike Pringle Montreal Alouettes Autographed 8x10 Photo,already 135 words
8201633857625,Rob Ramage Colorado Rockies Autographed Action 8x10 Photo,already 135 words
8201633890393,Mark Recchi Boston Bruins Autographed Spotlight 8x10 Photo,already 138 words
8201633923161,George Reed Saskatchewan Roughriders Autographed 8x10 Photo,already 138 words
8201633955929,Sam Reinhart Signed Buffalo Sabres 1st NHL Game 8x10 Photo,already 135 words
8201633988697,Jose Reyes New York Mets Autographed Baseball 8x10 Photo,already 137 words
8201634054233,Jose Reyes Toronto Blue Jays Autographed Batting 8x10 Photo,already 139 words
8201634087001,Mike Richter Autographed New York Rangers Mask 8x10 Photo,already 139 words
8201634119769,Pekka Rinne Nashville Predators Signed 2020 8x10 Photo,already 138 words
8201634152537,Larry Robinson Autographed Montreal Canadiens 8x10 Photo,already 135 words
8201634185305,Larry Robinson Signed Montreal Canadiens Home Ice 8x10 Photo,already 135 words
8201634250841,Luc Robitaille Autographed Team Canada Canada Cup 8x10 Photo,already 135 words
8201634283609,Luc Robitaille Signed Detroit Red Wings 2002 Cup 8x10 Photo,already 137 words
8201634316377,Luc Robitaille Autographed Los Angeles Kings 8x10 Photo,already 136 words
8201634447449,Jeremy Roenick Signed Chicago Blackhawks Playoff 8x10 Photo,already 135 words
8201634512985,Ricky Romero Signed Toronto Blue Jays Baseball 11x14 Photo,already 139 words
8201634578521,Bobby Ryan Ottawa Senators Autographed Skating 8x10 Photo,already 135 words
8201634676825,Joe Sakic Colorado Avalanche Autographed Hockey 8x10 Photo,already 135 words
8201634775129,Joe Sakic Colorado Avalanche Autographed Last 8x10 Photo,already 136 words
8201634840665,Joe Sakic Avalanche Signed 1996 Stanley Cup Finals 8x10 Photo,already 135 words
8201634906201,Borje Salming Autographed Team Sweden Canada Cup 8x10 Photo,already 135 words
8201634938969,Aaron Sanchez Toronto Blue Jays Autographed 8x10 Photo,already 139 words
8201634971737,Serge Savard Montreal Canadiens Signed Hockey 8x10 Photo,already 135 words
8201635004505,Mark Scheifele Signed Winnipeg Jets Playoff 8x10 Photo,already 136 words
8201635037273,Henrik Sedin Vancouver Canucks Autographed 8x10 Photo,already 138 words
8201635070041,Tyler Seguin Dallas Stars Autographed Slapshot 8x10 Photo,already 135 words
8201635102809,Teemu Selanne Winnipeg Jets Signed Hockey 8x10 Photo,already 138 words
8201635135577,Teemu Selanne Anaheim Ducks Autographed Final 8x10 Photo,already 138 words
8201635168345,Teemu Selanne Signed Winnipeg Jets Rookie Goal 8x10 Photo,already 135 words
8201635201113,Teemu Selanne Signed Anaheim Ducks 2007 Stanley Cup 8x10 Photo,already 138 words
8201635233881,Teemu Selanne Team Finland Autographed Hockey 8x10 Photo,already 136 words
8201635266649,William Shatner Signed Star Trek Captain Kirk 8x10 Photo,already 133 words
8201635299417,Bill Singer Los Angeles Dodgers Signed 8x10 Photo,already 136 words
8201635397721,Darryl Sittler Signed Toronto Maple Leafs Classic 8x10 Photo,already 139 words
8201635496025,Will Smith Signed Team USA World Junior Hockey 8x10 Photo,already 135 words
8201635594329,Ryan Smyth Edmonton Oilers Signed Hockey 8x10 Photo,already 135 words
8201635659865,Jason Spezza Signed Dallas Stars Goal Celebration 8x10 Photo,already 136 words
8201635758169,Jason Spezza Ottawa Senators Autographed Hockey 8x10 Photo,already 135 words
8201635823705,Allan Stanley Chicago Blackhawks Autographed 8x10 Photo,already 136 words
8201635922009,Eric Staal Minnesota Wild Autographed Hockey 8x10 Photo,already 136 words
8201635954777,Eric Staal Team Canada Autographed 2010 Olympic 8x10 Photo,already 138 words
8201635987545,Marc Staal New York Rangers Autographed 8x10 Photo,already 139 words
8201636020313,Steven Stamkos Tampa Bay Lightning Signed Hockey 8x10 Photo,already 136 words
8201636053081,Steven Stamkos Autographed Tampa Bay Lightning 8x10 Photo,already 136 words
8201636085849,Dave Stieb Toronto Blue Jays Signed Powder Blue 8x10 Photo,already 136 words
8201636118617,Martin St. Louis New York Rangers Autographed Wave 8x10 Photo,already 137 words
8201636151385,Anthony Stolarz Signed Toronto Maple Leafs 8x10 Photo,already 136 words
8201636184153,Georges St-Pierre Autographed UFC Bloody Warrior 8x10 Photo,already 133 words
8201636249689,Georges St-Pierre Autographed UFC Martial Arts 8x10 Photo,already 139 words
8201636282457,Georges St-Pierre Autographed UFC Victory 8x10 Photo,already 133 words
8201636315225,Paul Stastny Colorado Avalanche Autographed 8x10 Photo,already 135 words
8201636380761,Tim Stutzle Autographed Ottawa Senators Slapshot 8x10 Photo,already 138 words
8201636413529,P.K. Subban Autographed Montreal Canadiens 8x10 Photo,already 135 words
8201636446297,Mats Sundin Toronto Maple Leafs Signed Reverse 8x10 Photo,already 139 words
8201636479065,Mats Sundin Toronto Maple Leafs Signed Points 8x10 Photo,already 136 words
8201636511833,Mats Sundin vs. Doug Gilmour Dual Signed Toronto 8x10 Photo,already 139 words
8201636577369,Andrei Svechnikov Signed Carolina Hurricanes Goal 8x10 Photo,already 136 words
8201636610137,Cam Talbot Signed Final Game at Rexall Place 8x10 Photo,already 135 words
8201636642905,Joe Theismann Toronto Argonauts Autographed 8x10 Photo,already 135 words
8201636741209,Shea Theodore Vegas Golden Knights Signed Hockey 8x10 Photo,already 136 words
8201636773977,Steve Thomas Autographed New York Islanders Game 8x10 Photo,already 136 words
8201636806745,Esa Tikkanen New York Rangers Autographed Action 8x10 Photo,already 137 words
8201636839513,Jonathan Toews Blackhawks Signed 2013 Stanley Cup 8x10 Photo,already 136 words
8201636872281,Devon Travis Toronto Blue Jays Autographed 8x10 Photo,already 139 words
8201636905049,Vincent Trocheck Signed New York Rangers Elevated 8x10 Photo,already 137 words
8201636937817,Darcy Tucker Autographed Toronto Maple Leafs 8x10 Photo,already 139 words
8201636970585,Marty Turco Chicago Blackhawks Autographed 8x10 Photo,already 136 words
8201637003353,Marty Turco Autographed Dallas Stars Goalie 8x10 Photo,already 135 words
8201637036121,Ron Turcotte Signed Riding Secretariat Belmont 8x10 Photo,already 133 words
8201637068889,Ron Turcotte Signed Secretariat Kentucky Derby 8x10 Photo,already 136 words
8201637101657,Ron Turcotte Signed Secretariat Preakness Stakes 8x10 Photo,already 133 words
8201637134425,Norm Ullman Detroit Red Wings Autographed Hockey 8x10 Photo,already 139 words
8201637167193,Greg the Hammer Valentine Signed Wrestling 8x10 Photo,already 134 words
8201637199961,Thomas Vanek Buffalo Sabres Autographed Hockey 8x10 Photo,already 138 words
8201637265497,Mike Vernon Detroit Red Wings Signed Stanley Cup 8x10 Photo,already 136 words
8201637331033,Mike Vernon Autographed Calgary Flames Goalie 8x10 Photo,already 138 words
8201637363801,Duane Ward Signed Toronto Blue Jays Pitching 8x10 Photo,already 139 words
8201637429337,Shea Weber Nashville Predators Signed Color 8x10 Photo,already 138 words
8201637462105,Blake Wheeler Winnipeg Jets Autographed 2016 8x10 Photo,already 135 words
8201637494873,Devon White Autographed Toronto Blue Jays Batting 8x10 Photo,already 137 words
8201637527641,Devon White Signed Toronto Blue Jays World Series 8x10 Photo,already 137 words
8201637560409,Hayley Wickenheiser Autographed Team Canada Flag 8x10 Photo,already 131 words
8201637593177,Dominique Wilkins Atlanta Hawks Autographed Slam 8x10 Photo,already 138 words
8201637658713,Mitch Williams Philadelphia Phillies Signed 1993 8x10 Photo,already 136 words
8201637757017,Joseph Woll Autographed Toronto Maple Leafs Glove 8x10 Photo,already 132 words
8201637855321,Gump Worsley Montreal Canadiens Signed On Ice 8x10 Photo,already 138 words
8201638019161,Steve Yzerman Detroit Red Wings Autographed Last 8x10 Photo,already 137 words
8201638084697,Steve Yzerman Signed Red Wings 1998 Stanley Cup 8x10 Photo,already 137 words
8201638117465,Steve Yzerman Detroit Red Wings Signed 1998 Conn 8x10 Photo,already 136 words
8201638215769,Steve Yzerman Detroit Red Wings Autographed 8x10 Photo,already 139 words
8201638248537,Steve Yzerman Signed Red Wings 1997 Stanley Cup 8x10 Photo,already 137 words
8201638346841,Steve Yzerman Signed Red Wings 2002 Stanley Cup 8x10 Photo,already 136 words
8201638445145,Mika Zibanejad Autographed New York Rangers Puck 8x10 Photo,already 155 words
8201638477913,Sergei Zubov New York Rangers Autographed Hockey 8x10 Photo,already 136 words
8202769301593,Roberto Alomar Signed Toronto Blue Jays World 26x32 Frame,already 144 words
8202769334361,Bianca Andreescu Signed 2019 US Open Match Point 26x32 Frame,already 141 words
8202769432665,Connor Bedard Autographed Chicago Blackhawks 26x32 Frame,already 142 words
8202769465433,Ed Belfour Autographed Chicago Blackhawks Puck 23x27 Frame,already 154 words
8202769530969,George Bell Signed Toronto Blue Jays Home Run 26x32 Frame,already 146 words
8202769563737,Jean Beliveau & Phil Esposito Dual Signed Aerial 26x33 Frame,already 143 words
8202769596505,Jean Beliveau Signed Montreal Canadiens 100th 26x32 Frame,already 143 words
8202769629273,Patrice Bergeron & Brad Marchand Dual Signed 28x30 Frame,already 145 words
8202769694809,Patrice Bergeron Signed Boston Bruins Graphic 19x23 Frame,already 143 words
8202769793113,Larry Bird Autographed Boston Celtics Logo 26x32 Frame,already 144 words
8202769989721,Rob Blake Autographed Los Angeles Kings Puck 23x27 Frame,already 154 words
8202770153561,Mike Bossy Autographed New York Islanders Puck 26x32 Frame,already 154 words
8202770251865,Mike Bossy Signed New York Islanders Centre Ice 26x32 Frame,already 144 words
8202770350169,Ray Bourque & Phil Esposito Dual Signed Boston 23x27 Frame,already 143 words
8202770448473,Ray Bourque Signed Boston Bruins Graphic Rink 19x23 Frame,already 142 words
8202770645081,Martin Brodeur Signed New Jersey Goalie Mask 23x27 Frame,already 146 words
8202770841689,Pavel Bure & Mike Vernon Dual Signed Playoff OT Goal Frame,already 140 words
8202770939993,Pavel Bure Signed Vancouver Canucks Uniform 26x32 Frame,already 142 words
8202771071065,Joe Carter Signed Toronto Blue Jays World Series 26x32 Frame,already 146 words
8202771169369,Cole Caufield Signed Montreal Canadiens Graphic 19x23 Frame,already 143 words
8202771365977,Don Cherry Autographed Calgary Flames Puck Logo 23x27 Frame,already 153 words
8202771529817,Don Cherry Signed Life in Hockey Classic TV 25x31 Frame,already 144 words
8202771628121,Bobby Clarke Signed Philadelphia Flyers Puck 26x32 Frame,already 154 words
8202771726425,Bobby Clarke Autographed Philadelphia Flyers 19x23 Frame,already 145 words
8202771857497,Paul Coffey Autographed Pittsburgh Penguins 26x32 Frame,already 142 words
8202771955801,Paul Coffey Signed Team Canada Graphic Rink 19x23 Frame,already 145 words
8202772054105,Paul Coffey Signed Edmonton Oilers Puck Logo 26x32 Frame,already 153 words
8202772414553,Logan Cooley Utah Signed Franchise 1st Game 23x27 Frame,already 141 words
8202772611161,LA Kings Triple Crown Line Signed Marcel Dionne 26x32 Frame,already 144 words
8202772709465,Curtis Joseph & Tie Domi Dual Signed Maple Leafs 19x23 Frame,already 143 words
8202772807769,Drew Doughty Signed Los Angeles Kings Graphic 19x23 Frame,already 146 words
8202772906073,Leon Draisaitl Signed Edmonton Oilers Graphic 19x23 Frame,already 142 words
8202773004377,Leon Draisaitl Signed Edmonton Oilers Puck Logo 19x23 Frame,already 153 words
8202773135449,Jack Eichel & Sam Reinhart Dual Signed Buffalo 26x32 Frame,already 143 words
8202773233753,Aaron Ekblad Autographed Florida Panthers Puck 23x27 Frame,already 156 words
8202773495897,Peter Forsberg Signed Colorado Avalanche Etched 26x32 Frame,already 145 words
8202773626969,Peter Forsberg Signed Quebec Nordiques Uniform 19x23 Frame,already 145 words
8202773725273,Grant Fuhr Signed Edmonton Oilers Authentic 23x27 Frame,already 143 words
8202773889113,Grant Fuhr Signed Edmonton Oilers Puck Logo 19x23 Frame,already 156 words
8202774020185,Simon Gagne Autographed Philadelphia Flyers Puck 23x27 Frame,already 154 words
8202774184025,Mike Gartner Signed Washington Capitals Puck 23x27 Frame,already 153 words
8202774315097,Johnny Gaudreau & Sean Monahan Dual Signed 28x30 Frame,already 145 words
8202774446169,Johnny Gaudreau & Sean Monahan Dual Signed 23x27 Frame,already 145 words
8202774544473,Johnny Gaudreau Autographed Calgary Flames 28x30 Frame,already 143 words
8202774675545,Johnny Gaudreau Signed Calgary Flames Puck Logo 26x32 Frame,already 154 words
8202774839385,Johnny Gaudreau Signed Calgary Flames City 26x32 Frame,already 142 words
8202774937689,Ryan Getzlaf Signed Anaheim Ducks Puck Logo 26x32 Frame,already 154 words
8202775003225,Doug Gilmour & Mats Sundin Toronto Maple Leafs Signed Frame,already 138 words
8202775134297,Claude Giroux Signed Philadelphia Flyers Uniform 19x23 Frame,already 145 words
8202775265369,Claude Giroux Autographed Philadelphia Flyers 19x23 Frame,already 143 words
8202775461977,Roy Halladay Toronto Blue Jays Signed Jersey Number Collage /32,already 146 words
8202775560281,Roy Halladay Signed Toronto Blue Jays Uniform 26x32 Frame,already 144 words
8202775724121,Dale Hawerchuk Autographed Winnipeg Jets Puck 23x27 Frame,already 154 words
8202775789657,Dale Hawerchuk Winnipeg Jets Signed 20x24 Number Frame,already 145 words
8202775887961,Connor Hellebuyck Signed Winnipeg Jets Graphic 19x23 Frame,already 145 words
8202776019033,Paul Henderson & Vlad Tretiak Dual Signed 23x27 Frame,already 142 words
8202776117337,Paul Henderson Team Canada Autographed Summit Series Frame,already 137 words
8202776248409,Ron Hextall Autographed Philadelphia Flyers 26x32 Frame,already 145 words
8202776313945,Bo Horvat Vancouver Canucks Signed 50th Anniversary Frame (20x24),already 145 words
8202776445017,Marian Hossa Signed Chicago Blackhawks Retired 23x27 Frame,already 145 words
8202776543321,"Gordie, Mark and Marty Howe Family Signed Mr 23x33 Frame",already 141 words
8202776739929,Brett Hull St. Louis Blues Autographed Hockey 26x32 Frame,already 150 words
8202776838233,Brett Hull Signed St. Louis Blues Authentic 23x27 Frame,already 147 words
8202776936537,Jarome Iginla Autographed Calgary Flames Uniform 26x32 Frame,already 145 words
8202777034841,Jarome Iginla & Lanny McDonald Signed Calgary 23x27 Frame,already 142 words
8202777198681,Jaromir Jagr Autographed Pittsburgh Penguins 23x27 Frame,already 142 words
8202777460825,Magic Johnson Signed Los Angeles Lakers Logo 26x32 Frame,already 143 words
8202777591897,Magic Johnson Signed LA Lakers Retired Number 23x27 Frame,already 146 words
8202777690201,Magic Johnson Signed Los Angeles Lakers Graphic 26x32 Frame,already 146 words
8202777788505,Kirill Kaprizov Signed Minnesota Wild Net Cam 26x32 Frame,already 142 words
8202777886809,Erik Karlsson Signed Ottawa Senators Graphic 19x23 Frame,already 142 words
8202777985113,Erik Karlsson Signed San Jose Sharks Puck Logo 26x32 Frame,already 154 words
8202778050649,William Karlsson Inscribed Cup Champion 23x27 Frame /23,already 165 words
8202778345561,Saku Koivu Autographed Montreal Canadiens 19x23 Frame,already 143 words
8202778411097,Jari Kurri Autographed Edmonton Oilers Graphic 19x23 Frame,already 145 words
8202778509401,Jari Kurri Signed Edmonton Oilers Championship 23x27 Frame,already 143 words
8202778607705,Pat Lafontaine Signed New York Islanders Puck 23x27 Frame,already 154 words
8202778706009,Patrik Laine Winnipeg Jets Signed & Dated 1st 19x23 Frame,already 145 words
8202778837081,Kawhi Leonard Toronto Raptors Playoff Game 26x32 Frame,already 58 words
8202778935385,Trevor Linden Signed Vancouver Canucks Puck Logo 26x32 Frame,already 156 words
8202779033689,Legion of Doom Signed Philadelphia Flyers 19x23 Frame,already 142 words
8202779099225,Roberto Luongo Canucks Prominent Signature 16x26 Frame,already 62 words
8202779197529,Al MacInnis Signed St. Louis Blues Puck Logo 26x32 Frame,already 158 words
8202779295833,Evgeni Malkin Autographed Pittsburgh Penguins 23x27 Frame,already 142 words
8202779426905,Auston Matthews Autographed Toronto Maple Leafs 23x27 Frame,already 144 words
8202779492441,Connor McDavid Autographed Erie Otters Puck Logo 26x32 Frame,already 151 words
8202779590745,Lanny McDonald Calgary Flames Signed 20x24 Retired Frame,already 145 words
8202779721817,Lanny McDonald Signed Toronto Maple Leafs Puck 26x32 Frame,already 157 words
8202779820121,Tracy McGrady Signed Toronto Raptors Fast Break 26x32 Frame,already 145 words
8202779885657,Mark Messier Autographed Edmonton Oilers Cup 23x27 Frame,already 143 words
8202779983961,Mark Messier Autographed New York Rangers 19x23 Frame,already 146 words
8202780082265,Mark Messier & Grant Fuhr Dual Signed Edmonton 23x27 Frame,already 142 words
8202780475481,Mike Modano Signed Dallas Stars Uniform Graphic 19x23 Frame,already 143 words
8202780704857,Markus Naslund & Todd Bertuzzi Signed Vancouver 23x27 Frame,already 145 words
8202780901465,Rick Nash Columbus Blue Jackets Signed 20x24 Number Frame /61,already 151 words
8202781098073,Cam Neely Signed Boston Bruins Bloody Warrior 19x23 Frame,already 145 words
8202781229145,Scott Niedermayer Signed New Jersey Devils 19x23 Frame,already 143 words
8202781294681,Joe Nieuwendyk Signed Calgary Flames Etched Ice 26x32 Frame,already 143 words
8202781392985,Bobby Orr & Gordie Howe Dual Signed Immortals 26x32 Frame /49,already 151 words
8202781491289,Bobby Orr Boston Bruins Autographed Bench 26x32 Frame,already 145 words
8202781589593,Artemi Panarin Autographed New York Rangers 26x32 Frame,already 144 words
8202781687897,Brad Park Autographed Boston Bruins Puck Logo 23x27 Frame,already 153 words
8202781786201,Cole Perfetti Autographed Winnipeg Jets 1st Goal 19x23 Frame,already 145 words
8202781917273,Gilbert Perreault Autographed Buffalo Sabres 23x27 Frame,already 145 words
8202782081113,Felix Potvin & Ron Hextall Dual Signed Goalie 24x28 Frame,already 143 words
8202782212185,Carey Price Signed Montreal Canadiens Puck Logo 26x32 Frame,already 156 words
8202782343257,Chris Pronger St. Louis Blues Signed 20x24 Number Frame,already 147 words
8202782474329,Jonathan Quick Signed Los Angeles Kings Uniform 19x23 Frame,already 146 words
8202782605401,Mikko Rantanen Autographed Colorado Avalanche 26x32 Frame,already 142 words
8202782736473,Jean Ratelle Signed New York Rangers Centre Ice 26x32 Frame,already 143 words
8202782867545,Sam Reinhart Autographed Florida Panthers Puck 23x27 Frame,already 156 words
8202782965849,Mike Richter New York Rangers Prominent Signature 16x26 Frame,already 63 words
8202783064153,Luc Robitaille LA Kings Signed Final Game 20x24 Number Frame #/20,already 151 words
8202783195225,Larry Robinson Signed Montreal Canadiens Puck 23x27 Frame,already 153 words
8202783293529,Luc Robitaille Signed Los Angeles Kings Uniform 26x32 Frame,already 144 words
8202783391833,Jeremy Roenick Signed Chicago Blackhawks Puck 19x23 Frame,already 154 words
8202783522905,Jeremy Roenick Signed Chicago Blackhawks Puck 23x27 Frame,already 156 words
8202783686745,Patrick Roy Signed Montreal Canadiens Stadium 19x23 Frame,already 145 words
8202783916121,Joe Sakic Autographed Quebec Nordiques Uniform 19x23 Frame,already 145 words
8202784014425,Borje Salming & Mike Palmateer Signed Toronto 23x27 Frame,already 144 words
8202784145497,Borje Salming Signed Toronto Maple Leafs Classic 26x32 Frame,already 143 words
8202784276569,Mark Scheifele Signed Winnipeg Jets Heritage 23x27 Frame,already 142 words
8202784342105,Tyler Seguin Autographed Dallas Stars Puck Logo 26x32 Frame,already 153 words
8202784440409,Teemu Selanne Winnipeg Jets Signed 20x24 Number Frame,already 142 words
8202784637017,Teemu Selanne Signed Anaheim Ducks Retired 23x27 Frame,already 143 words
8202784735321,Brendan Shanahan Signed Detroit Red Wings 19x23 Frame,already 144 words
8202784833625,Eddie Shack Toronto Maple Leafs Autographed 20x24 Frame,already 146 words
8202784931929,Will Smith Autographed San Jose Sharks Graphic 19x23 Frame,already 144 words
8202784997465,Ryan Smyth Signed Edmonton Oilers Graphic Rink 19x23 Frame /94,already 153 words
8202785095769,Ryan Smyth Edmonton Oilers Signed 2006 Cup 26x32 Frame,already 143 words
8202785194073,Jason Spezza Signed Ottawa Senators Slapshot 20x24 Frame,already 143 words
8202785259609,Steven Stamkos Signed Tampa Bay Lightning Stanley Cup Frame,already 141 words
8202785357913,Georges St-Pierre Signed UFC Champion Octagon 26x32 Frame,already 141 words
8202785456217,Georges St-Pierre Signed Final UFC Victory 26x32 Frame /217,already 148 words
8202785554521,Georges St-Pierre Autographed UFC Bloody Warrior 23x27 Frame,already 141 words
8202785620057,Tim Stutzle Signed Ottawa Senators Graphic Rink 19x23 Frame,already 142 words
8202785718361,Toronto Maple Leafs Autographed Franchise 24x43 Frame,already 143 words
8202785816665,Mats Sundin Signed Toronto Maple Leafs Centre 26x32 Frame,already 146 words
8202785914969,Mats Sundin Signed Toronto Maple Leafs Puck Logo 26x32 Frame,already 154 words
8202786111577,Toronto Maple Leafs Centennial Season Opening 26x32 Frame,already 62 words
8202786177113,Team Canada 1972 Summit Series 19 Signature 26x32 Frame,already 63 words
8202786275417,Jose Theodore Signed Montreal Canadiens Heritage 19x23 Frame,already 142 words
8202786406489,Tim Thomas Signed Boston Bruins Uniform Graphic 19x23 Frame,already 145 words
8202786734169,Keith Tkachuk Signed St. Louis Blues Graphic Rink 19x23 Frame,already 148 words
8202786832473,Matthew Tkachuk Autographed Calgary Flames 26x32 Frame,already 143 words
8202786930777,Matthew Tkachuk Signed Florida Panthers Graphic 19x23 Frame,already 145 words
8202787029081,Devon Toews Signed Colorado Avalanche Uniform 19x23 Frame,already 142 words
8202787127385,Ron Turcotte Signed Secretariat Triple Crown 26x32 Frame /73,already 149 words
8202787225689,Mike Tyson Autographed Championship Belt Boxing 26x32 Frame,already 140 words
8202787389529,Mike Tyson Autographed Punch-Out Video Game TV 26x32 Frame,already 140 words
8246299394137,Collector's Crate Hockey Mystery Box,already 344 words
8246837608537,Keir Dullea Autographed 2001: a Space Odyssey 8x10 Photo,already 70 words
8246837641305,David Naughton Autographed An American Werewolf 8x10 Photo,already 63 words
8246837674073,Geoffrey Rush Signed Pirates of the Caribbean 8x10 Photo,already 58 words
8246837706841,Tim Rose Autographed Star Wars 8x10 Photo,already 63 words
8246837739609,Colin Firth Autographed The King's Speech 8x10 Photo,already 57 words
8246837772377,Priscilla Presley Autographed Elvis Wedding 8x10 Photo,already 65 words
8246837805145,Anthony Stewart Head Signed Buffy 8x10 Photo,already 62 words
8246837837913,Mark Metcalf Autographed Buffy the Vampire Slayer 8x10 Photo,already 58 words
8246837870681,Morena Baccarin Autographed Firefly 8x10 Photo,already 63 words
8246837903449,Nichelle Nichols Autographed Star Trek 8x10 Photo,already 55 words
8246837936217,Brian Cox Autographed Succession 8x10 Photo,already 63 words
8246837968985,Vanna White Autographed Wheel of Fortune 8x10 Photo,already 61 words
8246838001753,Keir Dullea Autographed 2001: a Space Odyssey Framed Display,already 81 words
8246838034521,Tim Rose Autographed Star Wars Framed Collector Display (38x28),already 82 words
8255883247705,Tony Amonte Autographed Team USA Hockey Puck,already 153 words
8255883444313,Tony Amonte Signed Team USA 1996 World Cup 8x10 Photo,already 135 words
8255883575385,Matt Boldy Signed Team USA NHL 4 Nations Face-Off Puck,already 156 words
8255883706457,Kyle Connor Team USA Autographed Hockey Puck,already 154 words
8255883837529,Logan Cooley Autographed Team USA Custom Hockey Jersey,already 168 words
8255883968601,Logan Cooley Autographed Team USA World Junior 8x10 Photo,already 136 words
8255884066905,Logan Cooley Autographed Team USA Hockey Puck,already 154 words
8255884197977,Brock Faber Signed Team USA NHL 4 Nations Face-Off Puck,already 154 words
8255884361817,Shayne Gostisbehere Signed Team USA 2013 WJC Gold! Puck,already 154 words
8255884460121,Cammi Granato Team USA Autographed Victory 8x10 Photo,already 136 words
8255884591193,Magic Johnson Autographed Team USA 1992 Olympic 8x10 Photo,already 138 words
8255884689497,Clayton Keller Signed Team USA Hockey Puck,already 154 words
8255884755033,Pat Lafontaine Autographed Team USA Hockey Puck,already 154 words
8255884918873,Josh Norris Autographed Team USA Hockey Puck,already 156 words
8255885049945,Joe Pavelski Autographed Team USA Hockey Puck,already 154 words
8255885181017,Mike Richter & John Vanbiesbrouck Dual Signed 8x10 Photo,already 136 words
8255885344857,Mike Richter USA Hockey Autographed Hockey Puck,already 154 words
8255885475929,Jeremy Roenick Autographed Team USA Hockey Puck,already 153 words
8255885607001,Jake Sanderson Autographed Team USA Hockey Puck,already 156 words
8255885738073,Will Smith Autographed Team USA Custom Hockey Nation Jersey,already 168 words
8255885967449,Vincent Trocheck Signed Team USA Puck with 2013 JR Gold Note,already 166 words
8255886131289,John Vanbiesbrouck Autographed Team USA Hockey Puck,already 156 words
8255886229593,Zach Werenski Autographed Team USA Hockey Puck,already 154 words
8255886393433,Cam York Signed Team USA Puck with 2021 WJC Gold Note,already 164 words
8267592728665,Collector's Crate Signed Entertainment Mystery Box,already 378 words
8270709424217,Collector's Crate: Hockey Legends Series,already 376 words
8277288484953,Lionel Messi Front Signed Framed 34x42 Argentina 2026 World Cup,already 138 words
8277288616025,Lionel Messi Signed Argentina 2022 World Cup Shirt,already 151 words
8333997932633,Shipping Protection,excluded by design
8339122487385,Batman The Movie - Signed by Adam West - Framed Print 38x28,already 195 words
8342064922713,Bobby Orr Career Jersey Signed The Goal Edition #1 of 4,already 126 words
8342065053785,Bobby Orr Career Jersey Signed The Goal Edition #2 of 4,already 125 words
8342065152089,Bobby Orr Career Jersey Signed The Goal Edition #3 of 4,already 125 words
8342065217625,Bobby Orr Career Jersey Signed The Goal Edition #4 of 4,already 127 words
8349627023449,Jean Beliveau Career Jersey #1 of 299,already 73 words
8349627088985,Jean Beliveau Career Jersey #299 of 299,already 70 words
8384542965849,George Chuvalo Signed Red Everlast Boxing Glove,already 130 words
8390748045401,Darryl Sittler Autographed Replica Hockey Hall of Fame Plaque,already 51 words
8395919720537,Ryan Lewis “Ethereal Winter” Signed Unframed Print /77 (22.5x18),already 101 words
8395919851609,Ryan Lewis “Ethereal Winter” Signed Framed Print /77 (29.5x25.5),already 96 words
8395919917145,Ryan Lewis “Ethereal Winter” Signed Framed Canvas Print (32x26),already 109 words
8395920015449,Ryan Lewis “Toronto After Dark” Signed Framed Canvas Print,already 101 words
8395920080985,Ryan Lewis “City of Gold” Signed Framed Canvas Print (50x18.5),already 97 words
9515904630873,Ryan Lewis “Toronto After Dark” Wrapped Canvas Photo (30x10),already 84 words
9515904696409,Ryan Lewis “City of Gold” Wrapped Canvas Photo (30x10),already 89 words
9518707769433,Gavin McKenna Maple Leafs Blue Breakaway Jersey,already 90 words
9518831173721,Gavin McKenna Maple Leafs White Breakaway Jersey,already 90 words
9518831272025,Gavin McKenna Maple Leafs White Premium Jersey,already 84 words
9518831370329,Gavin McKenna Maple Leafs Blue Premium Jersey,already 84 words
9518832287833,Macklin Celebrini Sharks Teal Breakaway Jersey,already 90 words
9518832418905,Auston Matthews Maple Leafs Blue Premier Jersey,already 93 words
9518832484441,Guy Lafleur Canadiens Red Premier Jersey,already 90 words
9518832615513,Connor McDavid Oilers Royal Breakaway Jersey,already 88 words
9518832779353,William Nylander Maple Leafs Blue Breakaway Jersey,already 90 words
9518832910425,Connor Bedard Blackhawks Red Captains Patch Jersey,already 90 words
9518833074265,Cole Caufield Canadiens Red Premier Jersey,already 91 words
9518833172569,Lane Hutson Canadiens Red Breakaway Jersey,already 88 words
