id	title	size
shopify_CA_4719045345369_32186451918937	Jean Beliveau Career Jersey, Montreal Canadiens, NHL, Hockey, Collectible Memorabilia	
shopify_CA_4719046983769_40477917053017	Billy Smith Career Jersey, New York Islanders, NHL, Hockey, Collectible Memorabilia	
shopify_CA_4719051604057_40594278416473	Ray Bourque Autographed Career Jersey – Ltd Ed 177 – Boston Bruins Legend – NHL Collectible (Size L or XL)	L/XL
shopify_CA_4719053242457_40594278547545	Johnny Bower Toronto Maple Leafs Career Jersey – Autographed NHL Memorabilia – Limited Edition /299 – Hall of Fame Collectible (Size L or XL)	L/XL
shopify_CA_4719057600601_40594279039065	Paul Coffey Autographed Career Jersey – Edmonton Oilers – Limited Edition /199 – NHL Collectible (Size L or XL)	L/XL
shopify_CA_4719065333849_40594279170137	Doug Gilmour Toronto Maple Leafs Career Jersey – Autographed Collectible – Limited Edition /193 – Official NHL Memorabilia (Size L or XL)	L/XL
shopify_CA_4719074803801_40594279497817	Gordie Howe Detroit Red Wings Career Jersey – Autographed Collectible – Limited Edition /199 – Official NHL Memorabilia (Size L or XL)	
shopify_CA_4719074967641_40594279563353	Henri Richard Montreal Canadiens Career Jersey – Autographed Hockey Collectible – Limited Edition /199 – NHL Hall of Fame Memorabilia (Size L or XL)	L/XL
shopify_CA_4719075524697_40593875927129	Bobby Hull Chicago Blackhawks Career Jersey – Autographed Collectible – Limited Edition /399 – Official NHL Hockey Memorabilia (Size L or XL)	L/XL
shopify_CA_4719075655769_32186469744729	Bobby Hull Chicago Blackhawks Career Jersey – Autographed Limited Edition #9 of 399 (Size L or XL) – Authentic NHL Memorabilia	
shopify_CA_4719076278361_40477918953561	Guy Lafleur Montreal Canadiens Career Jersey – Autographed NHL Memorabilia – Limited Edition /299 – Hall of Fame Collectible (Size L or XL)	
shopify_CA_4719076507737_40594280513625	Mario Lemieux Pittsburgh Penguins Career Jersey – Autographed NHL Memorabilia – Limited Edition /166 – Legendary Collectible (Size L or XL)	L/XL
shopify_CA_4719077458009_40477919117401	Eric Lindros Philadelphia Flyers Career Jersey – Autographed Collectible – Limited Edition /188 – Official NHL Memorabilia (Size L or XL)	
shopify_CA_4719077687385_40594280611929	Frank Mahovlich Toronto Maple Leafs Career Jersey – Autographed Collectible – Limited Edition /199 – Official NHL Memorabilia (Size L or XL)	L/XL
shopify_CA_4719079653465_40594280874073	Pavel Bure Career Jersey Autographed - Ltd Ed 199 - Vancouver Canucks	
shopify_CA_4719080439897_40477921116249	Darryl Sittler Toronto Maple Leafs Career Jersey – Autographed Collectible – Limited Edition /199 – Official NHL Hockey Memorabilia (Size L or XL)	
shopify_CA_4719080669273_40477921149017	Darryl Sittler Toronto Maple Leafs Career Jersey, Elite Edition, Autographed Collectible, Limited Edition /27	
shopify_CA_4719080734809_40594281168985	Mats Sundin Autographed Career Jersey – Limited Edition of 199 (Size L or XL) – Toronto Maple Leafs NHL Collectible	L/XL
shopify_CA_4719081095257_40477921312857	Vladislav Tretiak Autographed Career Jersey – Ltd Ed 200 – Ussr National Hockey Hero – Hall of Fame Collectible (Size L or XL)	
shopify_CA_4719081193561_40594281463897	Steve Yzerman Autographed Career Jersey – Ltd Ed 199 – Detroit Red Wings Captain – NHL Collectible (Size L or XL)	L/XL
shopify_CA_4719081390169_32164934418521	Chicago Blackhawks Legends Autographed Flag – Bobby Hull, Dennis Hull, Pierre Pilote – Rare 36x60 NHL Signed Collectible Memorabilia	
shopify_CA_4719081521241_32164934549593	Montreal Canadiens Legends Autographed Flag – Guy Lafleur, Maurice Richard, Jean Beliveau, Henri Richard – Rare 36x60 NHL Signed Memorabilia	
shopify_CA_4719081914457_32164936613977	Let’s Ask Lithograph Signed by Johnny Bower & Gerry Cheevers – 9.5" x 8".5 NHL Goalie Autograph Collectible with COA	
shopify_CA_4719081947225_32164936646745	Let’s Ask Lithograph Signed by Johnny Bower & Jean BÉliveau – 9.5" x 8".5 NHL Legends Collectible with COA	
shopify_CA_4719082111065_32164936810585	Bobby Hull Signed Lithograph – Chicago & Winnipeg Jets NHL Legend Autographed 9.5" x 8".5 Print with COA	
shopify_CA_4719082209369_32164936908889	Saturday Morning Signed Lithograph – Bower, Hull, Cournoyer & Dionne – NHL Legends 9.5" x 8" Autograph Collectible	
shopify_CA_4719082569817_32164937236569	Saturday Morning HHOF Lithograph Signed by Bower, Hull, Stanley & Dionne – NHL Legends 9.5" x 8" Collectible Print with COA	
shopify_CA_4719082668121_32164937334873	Saturday’s Heroes Lithograph Signed by Jean BÉliveau & Johnny Bower – 8.5x8 NHL Legends Autograph Collectible	
shopify_CA_4719082864729_32164937531481	Where Legends Begin Lithograph Signed by Johnny Bower & Bobby Hull – Toronto & Chicago – 10" x 10" NHL Autograph Collectible	
shopify_CA_4719082963033_32164937629785	Where Legends Begin Lithograph Signed by Bower, Lafleur, BÉliveau, Hull & Richard – 10" x 10" NHL Greats Collectible with COA	
shopify_CA_4719082995801_32164937662553	Where Legends Begin Lithograph Signed by Bower, Hull, Cournoyer & Dionne – NHL Stars 10" x 10" Autograph Collectible with COA	
shopify_CA_4719083094105_32164937760857	Where Legends Begin Lithograph Signed by Bower, Hull & Lafleur – NHL Icons 10" x 10" COA Certified Autograph Collectible	
shopify_CA_4719083159641_32164937826393	Where Legends Begin Lithograph Signed by Cheevers, Hall, Bower & Worsley – NHL Goalie Greats 10" x 10" COA Autograph Display	
shopify_CA_4719083749465_32164938481753	1992 Toronto Blue Jays World Series First Day of Issue Stamp – Commemorative Canadian Postage Collectible (7" x 4.5")	
shopify_CA_4719083815001_32164938547289	2002 Glenn Hall & Howie Morenz First Day of Issue Stamps – Canadian Hockey Legends Postage Collectible (7.5" x 4.5")	
shopify_CA_4719083880537_32164938580057	Canada Post 2001 Alumni All-Star Stamp Set Featuring Bobby Hull & Jean BÉliveau – NHL Legends Philatelic Tribute (8" x 6.5")	
shopify_CA_4719083913305_32164938612825	Day of Issue Stamp Set – Red Kelly & Phil Esposito 2002 NHL Legends Collectible (7.5" x 4.5")	
shopify_CA_4719083978841_32164938678361	Canada Post 2002 Alumni All-Star Stamp Set – Guy Lafleur & Phil Esposito NHL Legends (8" x 6.5")	
shopify_CA_4719084044377_32164938743897	Pierre Trudeau Commemorative Stamp Set (6.5" by 5.5")	
shopify_CA_4719084830809_32164939858009	Bobby Orr The Goal Framed Photo with Cut Signature – Limited Edition /244, Boston Bruins Hockey Display - GNR COA (24" x 20")	
shopify_CA_4719084896345_32164940087385	Bobby Orr The Goal 11x14 Framed Photo – Iconic NHL Image, Boston Bruins Hockey Wall Art (19" x 15")	
shopify_CA_4719086764121_32164942315609	Toronto Maple Leafs Gardens Final Ticket Tribute Photo, Framed 16" x 20" NHL Collectible Featuring Stanley, Kennedy, Bower & Kelly	
shopify_CA_4719086862425_32164942413913	Wayne Gretzky and Connor McDavid Edmonton 16" x 20" Photograph Museum Frame Collectible	
shopify_CA_4719086927961_32164942479449	Kawhi Leonard Toronto Raptors Game 7 Winning Shot 16" x 20" Framed Photo – Iconic NBA Buzzer Beater Wall Art Display (24" by 20")	
shopify_CA_4719087026265_32164942610521	Kawhi Leonard Toronto Raptors Game 7 Buzzer Beater 16" x 20" Framed Photo – Spotlight Edition Wall Art Collectible (24" by 20")	
shopify_CA_4719088107609_32164943921241	Bobby Orr 'The Goal' 16" x 20" Framed Photo - Boston Bruins Hockey Wall Art (24" by 20")	
shopify_CA_4719088631897_32164944412761	Three Great Nines Hockey Legends Framed Display – Maurice Richard, Gordie Howe, Bobby Hull – Historic NHL Tribute Wall Art (24" by 20")	
shopify_CA_4719089909849_32164945657945	Frank Mahovlich and Red Kelly Signed 11x14 Photo – Limited Edition Framed NHL Collectible (34" x 22")	
shopify_CA_4719091384409_32164947329113	A.J. Casson Group of Seven 'Blue Heron' Framed Art Print (28" x 24") – Canadian Masterpiece Wall DÉCOR	
shopify_CA_4719091449945_32164947361881	A.J. Casson Group of Seven 'White Pine' Framed Art Print (28" x 24") – Canadian Fine Art Collectible	
shopify_CA_4719091482713_32164947394649	A.Y. Jackson Group of Seven 'Red Maple' Framed Art Print (28" x 24") – Iconic Canadian Landscape	
shopify_CA_4719091515481_32164947427417	Classic Mafia Bosses Framed Art – Brando, de Niro, Pacino & Gandolfini (33.5" by 23.5")	
shopify_CA_4719091548249_32164947460185	DC Batman 1966 Adam West & Burt Ward Framed Poster (33.5" by 23.5")	
shopify_CA_4719091581017_32164947492953	Marvel Amazing Fantasy Spider-Man #15 Cover Framed Poster (33.5" by 23.5")	
shopify_CA_4719091613785_32164947525721	Marvel Classic Comic Collection Framed Poster Art (33.5" by 23.5")	
shopify_CA_4719091679321_32164947886169	Beware of Pit Bulls Colorful Framed Canvas Wall Art (33.5" x 23.5") – Bold Dog Lover DÉCOR	
shopify_CA_4719091810393_32164948017241	Dog is Love Colorful Framed Canvas Wall Art (33.5" x 23.5") – Vibrant Dog Lover Home DÉCOR	
shopify_CA_4719091941465_32164948148313	Lab Love Colorful Framed Canvas Wall Art (33.5" x 23.5") – Labrador Retriever Pop Art DÉCOR	
shopify_CA_4719091974233_32164948181081	Silence is Golden Retriever Framed Canvas Wall Art (33.5" x 23.5") – Colorful Dog Lover DÉCOR	
shopify_CA_4719092072537_32164948541529	Frederick Varley Group of Seven 'Stormy Weather, Georgian Bay 1921' Framed Print (28" x 24")	
shopify_CA_4719092236377_32164948869209	Led Zeppelin Aug 1969 Toronto Rockpile Concert Poster – Vintage Rock Memorabilia Wall Art – Custom Framed Print (33.5" x 23.5")	
shopify_CA_4719092269145_32164948901977	Love and a Dog Colorful Pop Art Framed Wall Decor (33.5x23.5), Dean Russo, Modern Art, Collectible Memorabilia	
shopify_CA_4719092367449_32164949360729	Back to the Future Michael J. Fox Vintage Framed Film Poster (33.5" by 23.5")	
shopify_CA_4719092564057_32164949852249	Marvel Star Wars #1 First Issue Comic Cover Reproduction Framed Poster Print Wall Art Collectible (33.5" x 23.5")	
shopify_CA_4719092662361_32164950179929	Gone with the Wind Vintage Framed Film Poster (33.5" by 23.5")	
shopify_CA_4719092826201_32164950343769	Rocky Vintage Framed Film Poster – Sylvester Stallone Boxing Classic (33.5" by 23.5")	
shopify_CA_4719092891737_32164950409305	Star Wars Episode IV a New Hope Framed Poster Print Wall Art Vintage Movie Collectible (33.5" x 23.5")	
shopify_CA_4719092957273_32164950442073	Star Wars Episode V The Empire Strikes Back Framed Poster Print Wall Art Vintage Movie Collectible (33.5" x 23.5")	
shopify_CA_4719093022809_32164950540377	Star Wars Episode VI Revenge of the Jedi Vintage Framed Poster Print Wall Art Collectible (33.5" x 23.5")	
shopify_CA_4719093055577_32164950573145	Star Wars Episode VI Return of the Jedi Original Theatrical Framed Poster Print Wall Art Collectible (33.5" x 23.5")	
shopify_CA_4719093121113_32164950900825	Star Wars Episode VI Return of the Jedi Framed Poster Print Wall Art Vintage Movie Collectible (33.5" x 23.5")	
shopify_CA_4719093153881_32164950933593	Star Wars The Empire Strikes Back Marvel Comic Cover Framed Poster Print Wall Art Collectible (33.5" x 23.5")	
shopify_CA_4719093678169_32164951457881	The Beatles Live at Toronto Maple Leaf Gardens 1966 – Historic Concert Photography – Custom Framed Wall Art (33.5" x 23.5")	
shopify_CA_4719093743705_32164951523417	The Beatles at the Eiffel Tower Paris – Vintage Music Photography – Framed Canvas Wall Art (33.5" x 23.5")	
shopify_CA_4719097118809_32164956176473	Bobby Hull & Brett Hull Signed Photo – Chicago & St. Louis Score Card Collectible (22" x 16")	
shopify_CA_4719098331225_32164957618265	Kawhi Leonard Spotlight Framed Canvas, Toronto Raptors Buzzer Beater, NBA Eastern Semis Playoff Print, Basketball Fan Wall Art, Collectible Decor	
shopify_CA_4719098396761_32164957683801	Kawhi Leonard 'The Launch' Framed Canvas, Iconic Game-Winning Shot, Toronto Raptors NBA Collectible Wall Art, Basketball Decor for Fans & Man Caves	
shopify_CA_4719098527833_32164958109785	LeBron James Slam Dunk Tribute Framed Canvas, Iconic L.A. Lakers Basketball Artwork, Wall Decor for Collectors, Fans, and Sports Enthusiasts	
shopify_CA_4719098626137_32164958208089	Michael Jordan 1988 Slam Dunk Contest Framed Canvas, Chicago Bulls NBA Legend, Iconic Mid-Air Poster Tribute	
shopify_CA_4719099019353_32164961550425	Star Wars Episode I the Phantom Menace Framed Poster Print Wall Art Prequel Collectible (33.5" x 23.5")	
shopify_CA_4719099150425_32164961681497	Star Wars Episode II Attack of the Clones Framed Poster Print Wall Art Prequel Collectible (33.5" x 23.5")	
shopify_CA_4719099248729_32164961747033	Star Wars Episode III Revenge of the Sith Movie Poster Framed Wall Art Collectible Home Theater Decor (33.5" by 23.5")	
shopify_CA_4719099314265_32164961812569	Star Wars Episode IV a New Hope Vertical Blasters Framed Poster Print Wall Art Collectible (33.5" x 23.5")	
shopify_CA_4719099347033_32164961845337	Star Wars Episode IV a New Hope Vertical Lightsaber Framed Poster Print Wall Art Collectible (33.5" x 23.5")	
shopify_CA_4719099576409_32164962041945	Star Wars Episode VII the Force Awakens Official Framed Poster Print Wall Art Collectible (33.5" x 23.5")	
shopify_CA_4719099773017_32164962173017	Muhammad Ali vs Sonny Liston First Round KO Framed Canvas, Autograph Reproduction, Facsimile Autographed, Boxing, Collectible Memorabilia	
shopify_CA_4719100231769_32164962500697	Star Wars The Mandalorian Mando and Baby Yoda Grogu Framed Poster Print Wall Art Collectible (33.5" x 23.5")	
shopify_CA_4719100297305_32164962566233	Wayne Gretzky The Great One Card Deck Display – Framed Hockey Cards Tribute (31" by 25")	
shopify_CA_4719100395609_32164962664537	Sidney Crosby Rookie Card Collector’s Set – Framed NHL Display – Pittsburgh Penguins Tribute (39" by 29")	
shopify_CA_4719100428377_32164962697305	Johnny Bower Signed Toronto Maple Leafs Gardens Last Game Ticket Set – Framed NHL Display Ltd Ed /99 (43" by 38")	
shopify_CA_4719101509721_32164963942489	Game of Thrones Dragon Poster – Museum Framed Fantasy Art – Premium Wall Display (37x25.5)	
shopify_CA_4719103508569_40477929341017	Jean BÉliveau Signed Lithograph – Framed Montreal Canadiens Collectible – Ltd Edition /600 (24" x 20")	
shopify_CA_4719103606873_32164966432857	Jean Beliveau Autographed Framed Lithograph – Rare Ltd. Ed. #1 of 4 – Montreal Canadiens Collectible Art (24" x 20")	
shopify_CA_4719103672409_32164966498393	Jean Beliveau Signed Framed Lithograph – Limited Edition #2 of 4 – Canadiens Collectible Display (24" x 20")	
shopify_CA_4719103737945_32164966531161	Jean Beliveau Autographed Lithograph – Rare Ltd. Ed. #3 of 4 – Framed Canadiens NHL Art (24" x 20")	
shopify_CA_4719103869017_40477929373785	Bobby Hull Signed Lithograph – The Golden Jet – Framed Ltd Edition /909 – Chicago Blackhawks Art (27" x 23")	
shopify_CA_4719104098393_40477929406553	Bobby Hull Autographed Player Proof Lithograph – Limited Edition /9 – Chicago Blackhawks Framed Art (27" x 23")	
shopify_CA_4719104589913_32164967383129	Framed When We Were Six Lithograph – Signed by Kelly, Howell, Bower, Hull, H. Richard, Cheevers – Ltd Ed /201 (30" x 26")	
shopify_CA_4719104655449_40765767581785	When We Were Six Signed Lithograph – Framed Bower & Cheevers Hockey Collectible (16" x 14")	
shopify_CA_4719105867865_32164969775193	Muhammad Ali & George Chuvalo Framed Photo Set – Signed Ltd Edition /199 (32x24)	
shopify_CA_4719105998937_32164970266713	Bobby Hull Autographed 1961 Stanley Cup Double Photo – Chicago Blackhawks Limited Edition of 161 – NHL Legends Framed Collectible (27" by 18")	
shopify_CA_4719107801177_32164973838425	Carter, Borders, Alomar & Winfield Signed Poster – Toronto 1992 World Series Champions Collectible (41" by 28")	
shopify_CA_4719108259929_32164974690393	Star Wars Framed Poster – All Characters Collection – Museum Quality Wall Art Display (37x25.5)	
shopify_CA_4719109111897_32164976623705	Auston Matthews Autographed Toronto Maple Leafs Blue Jersey – Signed NHL Hockey Memorabilia Collectible (Size L or XL)	
shopify_CA_4719109144665_32164976689241	Bobby Baun Autographed Toronto Maple Leafs Blue Jersey – Signed NHL Hockey Memorabilia Collectible (Size L or XL)	
shopify_CA_4719109406809_32164977606745	Jean Beliveau Autographed Montreal Canadiens White Jersey – Signed NHL Hockey Memorabilia Collectible (Size L or XL)	
shopify_CA_4719109996633_32164979376217	Raymond Bourque Autographed Boston Bruins Black Jersey – Signed NHL Hockey Collectible Memorabilia (Size L or XL)	
shopify_CA_4719110062169_32164979605593	Raymond Bourque Autographed Boston Bruins White Jersey – Signed NHL Hockey Memorabilia Collectible (Size L or XL)	
shopify_CA_4719110160473_32164980162649	Johnny Bower Autographed Toronto Maple Leafs Blue Jersey – Signed NHL Hockey Memorabilia Collectible (Size L or XL)	
shopify_CA_4719110389849_32164980686937	Pavel Bure Autographed Vancouver Canucks Retro Black Jersey – Signed NHL Hockey Collectible Memorabilia (Size L or XL)	
shopify_CA_4719110455385_32164980883545	Gerry Cheevers Autographed Boston Bruins Black Jersey – Signed NHL Hockey Memorabilia Collectible (Size L or XL)	
shopify_CA_4719110553689_32164981211225	Wendel Clark Autographed Toronto Maple Leafs Blue Jersey – Signed NHL Hockey Memorabilia Collectible (Size L or XL)	
shopify_CA_4719110783065_32164981768281	Darryl Sittler Autographed Toronto Maple Leafs Blue Jersey – Signed NHL Hockey Memorabilia Collectible (Size L or XL)	
shopify_CA_4719110815833_32164981801049	Darryl Sittler Autographed Toronto Maple Leafs White Jersey – Signed NHL Hockey Memorabilia Collectible (Size L or XL)	
shopify_CA_4719110881369_32164982095961	Dave Keon Autographed Toronto Maple Leafs Blue Jersey – Signed NHL Hockey Memorabilia Collectible (Size L or XL)	
shopify_CA_4719111045209_32164982685785	Phil Esposito Autographed Boston Bruins Black Jersey – Signed NHL Hockey Memorabilia Collectible (Size L or XL)	
shopify_CA_4719111110745_32164982882393	Theoren Fleury Autographed Calgary Flames Jersey – Signed NHL Hockey Memorabilia Collectible (Size L or XL)	
shopify_CA_4719111274585_32164983144537	Doug Gilmour Autographed Toronto Maple Leafs Blue Jersey – Signed NHL Hockey Memorabilia Collectible (Size L or XL)	
shopify_CA_4719111405657_32164983603289	Doug Gilmour Autographed Toronto Maple Leafs White Jersey – Signed NHL Hockey Memorabilia Collectible (Size L or XL)	
shopify_CA_4719111667801_32164984225881	Paul Henderson Team Canada Autographed 1972 Summit Series Red Jersey – Signed Hockey Memorabilia Collectible (Size L or XL)	
shopify_CA_4719111700569_32164984258649	Paul Henderson Team Canada Autographed 1972 Summit Series White Jersey – Signed Hockey Memorabilia Collectible (Size L or XL)	
shopify_CA_4719111831641_32164984455257	Henri Richard Autographed Montreal Canadiens Red Jersey – Signed NHL Hockey Memorabilia Collectible (Size L or XL)	
shopify_CA_4719112028249_32164984979545	Bobby Hull Autographed Chicago Blackhawks Red Jersey – Signed NHL Hockey Memorabilia Collectible (Size L or XL)	
shopify_CA_4719112126553_32164985077849	Bobby Hull Autographed Chicago Blackhawks Red Jersey #7 – Signed NHL Hockey Memorabilia Collectible (Size L or XL)	
shopify_CA_4719112388697_32164985405529	Bobby Hull Autographed Team Canada Red Jersey – Signed NHL Hockey Memorabilia Collectible (Size L or XL)	
shopify_CA_4719112454233_32164985471065	Bobby Hull Autographed Chicago Blackhawks White Jersey – Signed NHL Hockey Memorabilia Collectible (Size L or XL)	
shopify_CA_4719112487001_32164985503833	Jarome Iginla Autographed Calgary Flames Red Jersey – HHOF 2020 – Signed NHL Hockey Memorabilia Collectible (Size L or XL)	
shopify_CA_4719112585305_32164985634905	John Tavares Autographed Toronto Maple Leafs Blue Jersey – Signed NHL Hockey Memorabilia Collectible (Size L or XL)	
shopify_CA_4719112814681_32164985929817	Guy Lafleur Autographed Montreal Canadiens Red Jersey – Signed NHL Hockey Memorabilia Collectible (Size L or XL)	
shopify_CA_4719112847449_32164985962585	Guy Lafleur Autographed Montreal Canadiens White Jersey – Signed NHL Hockey Memorabilia Collectible (Size L or XL)	
shopify_CA_4719112978521_32164986093657	Eric Lindros Autographed Philadelphia Flyers Orange Jersey – Signed NHL Hockey Memorabilia Collectible (Size L or XL)	
shopify_CA_4719113044057_32164986159193	Frank Mahovlich Autographed Toronto Maple Leafs Blue Jersey – Signed NHL Hockey Memorabilia Collectible (Size L or XL)	
shopify_CA_4719113109593_32164986224729	Mario Lemieux Autographed Pittsburgh Penguins Black Jersey – Signed NHL Hockey Memorabilia Collectible (Size L or XL)	
shopify_CA_4719113240665_32164986650713	Connor McDavid Autographed Edmonton Oilers Blue Jersey, Signed NHL Hockey Memorabilia Collectible with COA (Size L or XL)	
shopify_CA_4719113699417_32164987863129	Paul Coffey Autographed Edmonton Oilers Blue Jersey – Signed NHL Hockey Memorabilia Collectible (Size L or XL)	
shopify_CA_4719113764953_32164987928665	Paul Coffey Autographed Edmonton Oilers White Jersey – Signed NHL Hockey Collectible Memorabilia (Size L or XL)	
shopify_CA_4719113830489_32164987994201	Red Kelly Autographed Toronto Maple Leafs Blue Jersey – Signed NHL Hockey Collectible Memorabilia (Size L or XL)	
shopify_CA_4719114092633_32164988616793	Billy Smith Autographed New York Islanders Blue Jersey – Signed NHL Hockey Memorabilia Collectible (Size L or XL)	
shopify_CA_4719114125401_32164988649561	Mats Sundin Autographed Toronto Maple Leafs Blue Jersey – Signed NHL Hockey Collectible Memorabilia (Size L or XL)	
shopify_CA_4719114190937_32164988715097	Vladislav Tretiak Autographed cccp Red Jersey – Signed Soviet Hockey Memorabilia Collectible (Size L or XL)	
shopify_CA_4719114256473_32164988780633	Vladislav Tretiak Autographed Russian cccp Red Jersey – Signed Soviet Hockey Collectible Memorabilia (Size L or XL)	
shopify_CA_4719114322009_32164988813401	Wendel Clark Autographed Toronto Maple Leafs White Jersey – Signed NHL Hockey Memorabilia Collectible (Size L or XL)	
shopify_CA_4719114420313_32164988977241	Steve Yzerman Autographed Detroit Red Wings Red Jersey – Signed NHL Hockey Memorabilia Collectible (Size L or XL)	
shopify_CA_4719114453081_32164989010009	Steve Yzerman Autographed Detroit Red Wings White Jersey – Signed NHL Hockey Memorabilia Collectible (Size L or XL)	
shopify_CA_4719114616921_32164989206617	Bobby Hull Signed Winnipeg Jets Puck – Autographed NHL Collectible with #9 Inscription	
shopify_CA_4719115206745_32164989927513	Bobby Orr Autographed Boston Bruins Logo Puck – Hand-Signed #4, GNR COA Included – Vintage NHL Collectible for Fans & Gift Givers	
shopify_CA_4719115534425_32164990222425	Bobby Hull & Maurice Richard Dual Autographed Vintage Hockey Sign, Rare NHL Legends Collectible	
shopify_CA_4719115796569_32164990484569	Red Kelly, Johnny Bower & Pierre Pilote Triple Signed Hockey Sign, Original Six NHL Legends Autographed Collectible	
shopify_CA_4719115862105_32164990550105	Gordie Howe Autographed Vintage Hockey Sign – Mr. Hockey Authentic NHL Memorabilia – Rare Collectible (22.5" by 5.5")	
shopify_CA_4719116058713_32164990812249	Norm Ullman, Pierre Pilote & Darryl Sittler Autographed Hockey Sign – Triple Signed NHL Collectible – Framed Memorabilia (28" by 22")	
shopify_CA_4719116091481_32164990845017	Peter Zezel & Mike Krushelnyski Dual Signed Hockey Sign – Toronto Maple Leafs Autographed Collectible – Framed Memorabilia (28" by 22")	
shopify_CA_4719432695897_32166281805913	Star Wars Imperial Fleet Death Star Blueprint Framed Canvas Wall Art 33.5 x 23.5 Inches Sci Fi Movie Technical Schematic Display	
shopify_CA_4719432728665_32166283411545	Star Wars Rebel Fleet Blueprint Framed Canvas Wall Art 33.5 x 23.5 Inches Detailed Sci Fi Movie Technical Diagram Home Theater Decor	
shopify_CA_4719432826969_32166283509849	Led Zeppelin Airplane Photograph Framed Canvas Wall Art Facsimile Signatures 33.5 x 23.5 Inches Classic Rock Music Display	
shopify_CA_4722349113433_32173429948505	Star Trek USS Enterprise Blueprint Framed Canvas Wall Art 33.5 x 23.5 Inches Detailed Sci Fi Television Starship Schematic	
shopify_CA_4726353789017_32186488062041	Maple Leaf Gardens 65th Anniversary 11x14 Photo with 5 Autographs, Toronto Maple Leafs & Montreal Canadiens (14" x 11")	
shopify_CA_4726354182233_32186488455257	Johnny Bower Autographed 8" x 10" Photograph – Toronto Maple Leafs NHL Signed Hockey Collectible (8" x 10")	
shopify_CA_4726354444377_32186488684633	Bobby Hull Autographed 8" x 10" Bloody Photograph – Chicago Blackhawks NHL Signed Hockey Collectible (8" x 10")	
shopify_CA_4726354477145_32186488717401	Bobby Hull Autographed 8" x 10" Action Photograph – Chicago Blackhawks NHL Signed Hockey Collectible (8" x 10")	
shopify_CA_4726354870361_32186492125273	Sid Abel & Ted Lindsay Signed 8" x 10" Photo – Detroit Red Wings NHL Legends Memorabilia	
shopify_CA_4726354935897_32186492190809	Bobby Hull Autographed Three Great Nines Limited Edition 8" x 10" Photograph, Featuring Maurice Richard, Gordie Howe	
shopify_CA_4726355198041_32186492452953	Carlos Delgado Rookie Card 1993 Upper Deck – Toronto Blue Jays Collectible Baseball Card (3.5" x 2.5")	
shopify_CA_4726355591257_40477922328665	Bobby Hull Signed Artist Proof Lithograph – Ltd. Ed /90 – Chicago Blackhawks NHL Collectible (22" x 18")	
shopify_CA_4726355689561_32186493141081	Original Six Legends Signed Lithograph – Bower, Cheevers, Hall, Worsley – Ltd Ed /197 (24" x 20")	
shopify_CA_4755768475737_32294888112217	Doug Gilmour Signed 8" x 10" White Jersey Photograph – Toronto Maple Leafs NHL Autographed Hockey Collectible (8" x 10")	
shopify_CA_4755768508505_32294888144985	Bobby Hull Autographed 50th Goal 8" x 10" Colour Photograph – Chicago Blackhawks NHL Signed Collectible (8" x 10")	
shopify_CA_4755768541273_32294888177753	Bobby Hull & Guy Lafleur Dual Autographed Signed 8" x 10" Photograph – Chicago Blackhawks vs Montreal Canadiens NHL Collectible (8" x 10")	
shopify_CA_4755768737881_39506795593817	The Golden Jet Bobby Hull Autographed Lithograph – Chicago Blackhawks Hockey Art (13" x 11")	
shopify_CA_4755768803417_40594522472537	Legends of the Crease Autographed Limited Edition Lithograph, Hand Signed, Boston Bruins, Chicago Blackhawks, NHL, Hockey, Collectible Memorabilia	
shopify_CA_4755768836185_39506795888729	Legends of the Crease Autographed Lithograph – Bower, Cheevers, Hall, Worsley Signed 11x9 Hockey Goalie Collectible with COA	
shopify_CA_4755768901721_32294889291865	Mark Messier Edmonton Oilers Limited Edition Lithograph – 25x20 Collector Print (Unsigned)	
shopify_CA_4755769065561_39506796281945	When We Were Six Autographed Lithograph – Johnny Bower & Gerry Cheevers – Vintage Hockey Artwork (11.5" x 10.25")	
shopify_CA_4755784826969_32294921240665	Teemu Selanne Autographed Winnipeg Jets White Jersey – Signed NHL Hockey Memorabilia Collectible (Size L or XL)	
shopify_CA_4767807176793_32327187365977	Wayne Gretzky & Gordie Howe Dual Photo Display – Framed 11x14 Collector Tribute – NHL Legends Memorabilia Wall Art Collectible (24" by 20")	
shopify_CA_6551567728729_42708602388569	Wayne Gretzky White Career Jersey (Size L or XL), Autographed, Upper Deck Authenticated, Limited Edition /99	
shopify_CA_6551567794265_42708602257497	Wayne Gretzky White Career Jersey #1 of 99 (Size L or XL) - Upper Deck COA - Autographed Limited Edition NHL Collectible - Edmonton Oilers	
shopify_CA_6551568187481_39286482370649	Wayne Gretzky Autographed Edmonton Oilers Blue Jersey – UDA COA – The Great One Signed NHL Hockey Memorabilia Collectible (Size L or XL)	
shopify_CA_6551568253017_39286482600025	Wayne Gretzky Autographed Edmonton Oilers White Jersey – UDA COA – The Great One Signed NHL Hockey Collectible (Size L or XL)	
shopify_CA_6551570284633_40594279268441	Wayne Gretzky Blue Career Jersey (Size L or XL), Autographed, Second Edition, Upper Deck Authenticated, Limited Edition /199	L/XL
shopify_CA_6563751886937_39309428064345	Connor McDavid and Leon Draisaitl Edmonton 16" x 20" Photograph Museum Frame Collectible	
shopify_CA_6591925944409_39354809909337	Marvel & DC Superheroes Lunch on a Skyscraper Framed Art Poster (33.5" by 23.5")	
shopify_CA_6591926698073_39354811220057	AC/DC Let There Be Rock Framed Pop Art Poster (33.5" by 23.5")	
shopify_CA_6591926730841_39354811252825	Bon Jovi Bad Medicine Framed Music Wall Poster – Rock Band Collectible (33.5" by 23.5")	
shopify_CA_6591926763609_39354811285593	Eddie Van Halen Guitar Solo Framed Wall Poster – Rock Legend Music Collectible (33.5" by 23.5")	
shopify_CA_6591926796377_39354811318361	Guns N’ Roses Appetite for Destruction Framed Poster Wall Art (33.5" by 23.5")	
shopify_CA_6591926861913_39354811383897	Kiss Band Framed Music Wall Poster – Rock Legend Collectible DÉCOR (33.5" by 23.5")	
shopify_CA_6591926992985_39354811482201	Prince Purple Rain Framed Music Movie Poster – Iconic Rock Legend Collectible (33.5" by 23.5")	
shopify_CA_6591927222361_39354811678809	The Doors Jim Morrison Pop Art Framed Wall Poster – Rock Legend Music Collectible (33.5" by 23.5")	
shopify_CA_6591927255129_39354811711577	Rolling Stones Band Portrait Framed Art Reprint – Iconic Rock Music Collectible Wall Decor Poster Display (33.5" x 23.5")	
shopify_CA_6600272478297_39373359382617	Kobe Bryant Soars Over LeBron James Framed Canvas – Iconic Lakers vs Heat Dunk – LA Basketball Legend Wall Art – NBA Tribute Display (33.5" x 23.5")	
shopify_CA_6647213654105_39390170775641	Vladimir Guerrero Jr. Bat Breaking Framed Canvas – Toronto Blue Jays Baseball Collectible Wall Art – Power Hitter Action Shot (33.5" by 23.5")	
shopify_CA_6748508225625_39420710518873	Frederic Church "a Sunset" – Hudson River School Framed Print (30" by 24")	
shopify_CA_6748509339737_39420711239769	Albert Bierstadt "Cho-Looke, The Yosemite Falls" (1864) – Hudson River School Framed Print (30" by 24")	
shopify_CA_6748511699033_39420712943705	Albert Bierstadt "Lake Louise" – Hudson River School Framed Print (30" by 24")	
shopify_CA_6748512059481_39420713304153	Rockwell Kent “Maine Headland Evening”, Hudson River School Framed Art Print (30" by 24")	
shopify_CA_6748514123865_39420714647641	Frederic Church "Niagara Falls" – Hudson River School Framed Print (30" by 24")	
shopify_CA_6748515336281_39420715761753	William Bradford “Sunset Calm in the Bay of Fundy”, Hudson River School Framed Art Print (30" by 24")	
shopify_CA_6748516122713_39420716286041	Thomas Cole “The Garden of Eden”, Hudson River School Framed Art Print (30" by 24")	
shopify_CA_6748516352089_39420716449881	Rockwell Kent “The Trapper”, Hudson River School Framed Art Print (30" by 24")	
shopify_CA_6748516679769_39420716613721	Frederic Church "Treasures from Olana" – Hudson River School Framed Print (30" by 24")	
shopify_CA_6748517236825_39420717203545	Rockwell Kent “Vermont Study”, Hudson River School Framed Art Print (30" by 24")	
shopify_CA_6748517367897_39420717432921	John Frederick Kensett "View on the Hudson" – Hudson River School Framed Print (30" by 24")	
shopify_CA_6748522971225_39420721889369	Michael Jordan, Kobe Bryant & LeBron James Framed Canvas – 3 NBA Legends Wall Art – Basketball Greats Collectible Display (33.5" by 23.5")	
shopify_CA_6748525658201_39420724150361	Michael Jordan & Kobe Bryant Framed Canvas – Basketball Icons Wall Art – Legendary NBA Duo Collectible Print (33.5" by 23.5")	
shopify_CA_6845613146201_39506793693273	Johnny Bower Signed 8" x 10" Horizontal Photo – Toronto Maple Leafs NHL Autographed Collectible (8" x 10")	
shopify_CA_6845613310041_39506793824345	Johnny Bower & Bobby Hull Autographed 8" x 10" Photograph – Toronto Maple Leafs vs Chicago Blackhawks NHL Signed Hockey Collectible (8" x 10")	
shopify_CA_6845614325849_39506794184793	Bobby Hull Autographed 8" x 10" White Jersey Photograph – Chicago Blackhawks NHL Signed Hockey Collectible (8" x 10")	
shopify_CA_6845614784601_39506794315865	Guy Lafleur Signed 8" x 10" White Jersey Photograph – Montreal Canadiens NHL Autographed Hockey Collectible (8" x 10")	
shopify_CA_6845619470425_39506796511321	Where Legends Begin Lithograph Signed by Bower, Hull, Stanley & Dionne – NHL 10" x 10" Collectible Art with COA	
shopify_CA_6845620584537_39506796937305	Gerry Cheevers The Mask Autographed 10" x 15" Photograph – Boston Bruins NHL Signed Collectible Goalie Memorabilia (10" x 15")	
shopify_CA_6845665116249_41842189402201	Mark Messier Limited Edition Lithograph – Framed Hockey Art Print (32x28) – Ltd /1111	
shopify_CA_6845682778201_39506823741529	Mario Lemieux Autographed Pittsburgh Penguins White Jersey – Signed NHL Hockey Collectible (Size L or XL)	
shopify_CA_6845685137497_39506824167513	Patrick ROY Autographed Montreal Canadiens White Jersey – Signed NHL Hockey Memorabilia Collectible (Size L or XL)	
shopify_CA_6911244271705_39560101036121	Joe Sakic Autographed Colorado Avalanche White Jersey – Signed NHL Hockey Memorabilia Collectible (Size L or XL)	
shopify_CA_6914765586521_40477917642841	Theoren Fleury Career Jersey Limited Edition of 14 - Signed - Calgary Flames Autographed NHL Collectible (Size L or XL)	
shopify_CA_6923958779993_39584370720857	Bobby Hull Signed Chicago Blackhawks Puck – 6-Time Stanley Cup Champion Collectible	
shopify_CA_6980719214681_39714759737433	Franklin Carmichael 'Mirror Lake' Group of Seven Framed Art Print (26" x 24")	
shopify_CA_6980719706201_39714761244761	Lawren Harris 'Island in the Lake' Group of Seven Framed Art Print (26" x 24")	
shopify_CA_6980719837273_39714761375833	Lawren Harris 'Maligne Lake' Group of Seven Framed Art Print (26" x 24")	
shopify_CA_6980719968345_39714761474137	Lawren Harris 'Northern Lake 1923' Group of Seven Framed Art Print (26" x 24")	
shopify_CA_6980720066649_39714761572441	Lawren Harris 'Winter Wonderland' Group of Seven Framed Art Print (26" x 24")	
shopify_CA_6980724195417_39714774483033	Tom Thomson 'Autumn's Garland' Group of Seven Framed Art Print (26" x 24")	
shopify_CA_6986196189273_39731660095577	Tom Brady Framed Canvas Wall Art – New England Patriots & Tampa Bay Buccaneers NFL Legend Tribute – Collectible Sports Decor (33.5" x 23.5")	
shopify_CA_7005642326105_40594278318169	Bobby Orr Boston Bruins Career Jersey, Elite White Edition, Autographed Collectible, Limited Edition /44	L/XL
shopify_CA_7005648355417_40477919641689	Mark Messier Career Jersey Elite Edition of 11 – Autographed Edmonton Oilers Collectible – Limited Edition (Size L or XL)	
shopify_CA_7018392813657_39820745441369	Connor McDavid Autographed Edmonton Oilers Orange Jersey, Signed NHL Hockey Memorabilia Collectible with COA (Size L or XL)	
shopify_CA_7018393043033_39820747243609	Leon Draisaitl Autographed Edmonton Oilers Orange Jersey – Signed NHL Hockey Memorabilia Collectible (Size L or XL)	
shopify_CA_7022151073881_40477929734233	Bobby Orr Historic Collectors Plaque – Unsigned Limited Edition /44 – Museum Framed Collage Display (27" x 26.5")	
shopify_CA_7101491445849_40072853618777	Guy Lafleur Autographed Team Canada 1976 Red Jersey – Signed NHL & International Hockey Memorabilia (Size L or XL)	
shopify_CA_7119285026905_40593875796057	Bobby Hull Hartford Whalers Career Jersey White Edition, Autographed Collectible, Limited Edition /16	
shopify_CA_7119307505753_40120782618713	Doug Gilmour Autographed 8" x 10" Blue Jersey Photograph – Toronto Maple Leafs NHL Signed Collectible (8" x 10")	
shopify_CA_7119307931737_40120783765593	Autographed John Daly 8x10 Golf Photo	
shopify_CA_7119401517145_41947932819545	Bobby Orr Historic Collectors Plaque – Unsigned Limited Edition #1/44 – Museum Framed Collage Display (27" x 26.5")	
shopify_CA_7119402369113_41947932786777	Bobby Orr Historic Collectors Plaque – Unsigned Limited Edition #44/44 – Museum Framed Collage Display (27" x 26.5")	
shopify_CA_7119402598489_41947932721241	Bobby Orr Historic Collectors Plaque – Unsigned Limited Edition #4/44 – Museum Framed Collage Display (27" x 26.5")	
shopify_CA_7119413149785_40121081036889	Doug Gilmour Autographed Toronto Maple Leafs Blue Adidas Jersey – Signed NHL Hockey Memorabilia Collectible (Size L or XL)	
shopify_CA_7119413182553_40121081069657	Doug Gilmour Autographed Toronto Maple Leafs White Adidas Jersey – Signed NHL Hockey Memorabilia Collectible (Size L or XL)	
shopify_CA_7119414493273_42799312732249	Doug Gilmour Autographed Hockey Puck - Toronto Maple Leafs	
shopify_CA_7119415115865_40121083494489	Wayne Gretzky Career Jerseys Pair Matching Ltd Ed 84 of 99 - Cup Year - Upper Deck COA - Signed (Size L or XL)	
shopify_CA_7119415181401_40121083592793	Wayne Gretzky Career Jerseys Pair Matching Ltd Ed 85 of 99 - Cup Year - Upper Deck COA - Signed (Size L or XL)	
shopify_CA_7119415246937_40121083658329	Wayne Gretzky Career Jerseys Pair Matching #87 of 99 (Size L or XL), Upper Deck COA, Autographed NHL Collectibles	
shopify_CA_7119415312473_40121083789401	Wayne Gretzky Career Jerseys Pair Matching #88 of 99 (Size L or XL), Upper Deck COA, Autographed NHL Collectibles	
shopify_CA_7119416066137_41841008640089	Steve Yzerman White Elite Edition Career Jersey – Ltd Ed 19 – Autographed Detroit Red Wings Collectible (Size L or XL)	
shopify_CA_7119416361049_40121093357657	Jean Beliveau Autographed Red Montreal Canadiens Jersey, Hand Signed, NHL, Hockey, Collectible Memorabilia	
shopify_CA_7153970249817_40243494125657	Banksy Opening the Curtain – Political Street Art Canvas Print (33.5" by 23.5") Urban Graffiti Wall Decor	
shopify_CA_7160035147865_40260441669721	Michael Jordan Last Shot Framed Canvas – Iconic NBA Moment Wall Art – Basketball Collectible Display Piece (33.5" by 23.5")	
shopify_CA_7160078205017_40260528603225	Three Great Nines 16" x 20" Maurice Richard Gordie Howe Bobby Hull Limited Edition of 999 NHL Legends Photograph (20" x 16"), Memorabilia Display	
shopify_CA_7160078270553_40260528635993	Toronto Maple Leafs 16" x 20" Signed by Stanley Kennedy Bower Mahovlich Ullman Watson NHL Autographed Photograph (20" x 16")	
shopify_CA_7170983690329_40477924294745	Doug Gilmour Signed Photo – Limited Edition of 93 – Toronto Maple Leafs NHL Collectible (32" x 19")	
shopify_CA_7177437741145_40302445756505	Josh Allen Framed Canvas Wall Art – Buffalo Bills NFL Superstar Tribute – Premium Collectible Sports Decor (30" x 25")	
shopify_CA_7188752400473_40334397505625	Lanny McDonald Autographed Calgary Flames Jersey – Signed NHL Hockey Collectible Memorabilia (Size L or XL)	
shopify_CA_7238710952025_40410296844377	Bobby Hull Autographed Winnipeg Jets Blue Alternate Jersey – Signed NHL Hockey Memorabilia Collectible (Size L or XL)	
shopify_CA_7254316023897_40433418895449	Auston Matthews Slapshot Toronto Hockey NHL Licensed Framed Canvas, Museum Quality Display Print for Leafs Fans, Sports Wall Art Decor Piece	
shopify_CA_7254316351577_40433421025369	Connor McDavid and Leon Draisaitl Edmonton Framed Collectible	
shopify_CA_7254316417113_40433421090905	Wayne Gretzky Connor McDavid Edmonton Oilers NHL Legends Museum-Framed Canvas Wall Art Collectible Gift Display (31.5" x 22.5")	
shopify_CA_7263196577881_40444346728537	Alexander Ovechkin Autographed Washington Capitals White Jersey – Signed NHL Hockey Memorabilia Collectible (Size L or XL)	
shopify_CA_7263197495385_40444347973721	Alexander Ovechkin Autographed Red Washington Capitals Adidas Jersey – Official Signed NHL Collectible (Size L or XL)	
shopify_CA_7267245457497_40449826848857	Connor McDavid Autographed Edmonton Oilers White Adidas Jersey	
shopify_CA_7286903668825_42839981129817	Amanita Muscaria - Limited Framed Art Print by Ryan Lewis - Artist Proof /77 (31 by 24)	
shopify_CA_7286903734361_42839981064281	Le ChÂteau, Framed Art Print by Ryan Lewis - Limited Edition /77 (30 by 24)	
shopify_CA_7288260001881_40477926195289	Banksy Cuddles on the Bench with Dog & Red Heart – Street Art Canvas Wall Decor (33.5" by 23.5") Urban Pop Graffiti Artwork	
shopify_CA_7288260034649_40477926228057	Banksy First Kiss – Urban Street Art Canvas Wall Decor (33.5" by 23.5") Pop Graffiti Love Artwork	
shopify_CA_7288261935193_40477929996377	Wendel Clark Signed Adidas Toronto Maple Leafs Blue Jersey – Autographed NHL Hockey Collectible Memorabilia (Size L or XL)	
shopify_CA_7288261967961_40477930029145	Wendel Clark Signed Adidas Toronto Maple Leafs White Jersey – Autographed NHL Hockey Memorabilia Collectible (Size L or XL)	
shopify_CA_7288262557785_40477931208793	Eric Lindros Autographed Toronto Maple Leafs Blue Jersey – Signed NHL Hockey Memorabilia Collectible (Size L or XL)	
shopify_CA_7288262787161_40477931536473	Mitch Marner Autographed Toronto Maple Leafs Blue Jersey – Signed NHL Hockey Memorabilia Collectible (Size L or XL)	
shopify_CA_7298708144217_40500963868761	Frank Mahovlich Autographed 11x14 Photo – Toronto Maple Leafs NHL Hockey Legend Collectible	
shopify_CA_7298708275289_40500963934297	Bobby Hull & Gordie Howe Signed 16" x 20" Photo – NHL Hockey Legends Dual Autograph Display	
shopify_CA_7298708373593_40500963967065	Maurice Richard Signed 16x20 Stanley Cup Photo - Montreal Canadiens	
shopify_CA_7298708668505_40500964065369	Maurice Richard Autographed 5" x 7" Sepia Photo – Vintage Montreal Canadiens NHL Memorabilia	
shopify_CA_7298708996185_40500964196441	Stan Lee Signed 8" x 10" Amazing Spider-Man #1 Comic Cover – Marvel Autographed Collectible	
shopify_CA_7304939896921_42839977328729	Le ChÂteau - Limited of 77 Art Print by Ryan Lewis - Artist Proof (20 by 17)	
shopify_CA_7304939929689_42839977361497	Amanita Muscaria - Limited of 77 Art Print by Ryan Lewis - Artist Proof (20 by 16.5)	
shopify_CA_7312119890009_40524583370841	Jose Bautista Iconic Bat Flip Framed Canvas – Legendary Toronto Blue Jays Baseball Moment – Museum-Quality Wall Art Display (33.5" by 23.5")	
shopify_CA_7312119922777_40524583403609	Lionel Messi & Diego Maradona Argentina Framed Canvas – Legendary Soccer Icons Wall Art Display (33.5" by 23.5")	
shopify_CA_7312119955545_40524583469145	Jean Beliveau Signed Stanley Cup Edition Jersey Ltd /10, Autographed, Montreal Canadiens, NHL, Hockey, Collectible Memorabilia	
shopify_CA_7333203935321_40555362975833	Bobby Orr Signed 11x14 Photo - Shot on Goal vs Toronto - GNR COA (14" by 11")	
shopify_CA_7354436485209_40582408208473	Guy Lafleur Autographed Quebec Nordiques Blue Jersey – Signed NHL Hockey Memorabilia Collectible (Size L or XL)	
shopify_CA_7397752864857_40593895063641	Eric Lindros Autographed 8" x 10" Photograph – Philadelphia Flyers NHL Signed Hockey Collectible (8" x 10")	
shopify_CA_7397863522393_40594289918041	Theoren Fleury Career Jersey #1 of 199 - Autographed - Calgary Flames - Limited Edition NHL Memorabilia (Size L or XL)	
shopify_CA_7397947539545_40594542952537	Connor Bedard Signed Jersey Chicago Blackhawks Fanatics, Autographed, NHL, Hockey, Collectible Memorabilia	
shopify_CA_7397947637849_40594543083609	Connor Bedard Signed Jersey Chicago Blackhawks Adidas, Autographed, NHL, Hockey, Collectible Memorabilia	
shopify_CA_7408132620377_40626185928793	Connor McDavid NHL Trophy Wins Framed Canvas – Edmonton Oilers Superstar Wall Art Collectible Display (33.5" x 23.5")	
shopify_CA_7417187795033_40649423716441	Sidney Crosby Autographed Pittsburgh Penguins White Jersey – Limited Edition /87 – Rare Signed NHL Collectible (Size L or XL)	
shopify_CA_7417187827801_40649423781977	Gordie Howe Autographed Detroit Red Wings Red Jersey – Signed NHL Hockey Memorabilia Collectible (Size L or XL)	
shopify_CA_7436155420761_42839980965977	Chariot of the Brave - Framed Fire Truck Print by Ryan Lewis - Limited Edition /77 (29.5 by 25.5)	
shopify_CA_7436155519065_42839977295961	Chariot of the Brave - Fire Truck Art Print by Ryan Lewis - Limited Edition /77 (22.5 by 18)	
shopify_CA_7446588588121_40712964276313	Sidney Crosby Autographed Team Canada Black Jersey – 2014 Limited Edition /87 – Signed Olympic Hockey Memorabilia (Size L or XL)	
shopify_CA_7453800235097_41767805485145	Autograph Authentic Gift Card	
shopify_CA_7453800235097_40734763515993	Autograph Authentic Gift Card	
shopify_CA_7453800235097_40734763548761	Autograph Authentic Gift Card	
shopify_CA_7453800235097_40734763581529	Autograph Authentic Gift Card	
shopify_CA_7453800235097_40734763614297	Autograph Authentic Gift Card	
shopify_CA_7453800235097_40734763647065	Autograph Authentic Gift Card	
shopify_CA_7453800235097_40734763679833	Autograph Authentic Gift Card	
shopify_CA_7453800235097_40734763712601	Autograph Authentic Gift Card	
shopify_CA_7455057412185_40740296982617	Guy Lafleur Autographed Montreal Canadiens Light Blue Special Edition Jersey – Signed NHL Hockey Collectible (Size L or XL)	
shopify_CA_7455057674329_40740297408601	Patrick ROY Autographed Montreal Canadiens Red Mitchell & Ness Jersey – Signed NHL Hockey Collectible (Size L or XL)	
shopify_CA_7455057805401_40740297605209	Maurice Richard Signed 5" x 7" Lithograph Photo – Montreal Canadiens Hockey Art Collectible	
shopify_CA_7456419938393_40743257702489	Johnny Bower Autographed Toronto Arenas Navy Blue Jersey – Signed NHL Hockey Memorabilia Collectible (Size L or XL)	
shopify_CA_7462229508185_40761865633881	Legends of the Crease Signed Lithograph – Johnny Bower – Toronto Hockey Wall Art (11" x 9")	
shopify_CA_7462229540953_40761865699417	The Last Line of Defence Signed Lithograph – Bobby Baun, Carl Brewer & Johnny Bower – Toronto Hockey Wall Art (24" x 18")	
shopify_CA_7463324123225_40765756407897	Raymond Bourque Career Jersey #1 of 177 - Autographed - Boston Bruins Premium Number Collectible (Size L or XL)	
shopify_CA_7463324254297_40765756538969	Paul Coffey Career Jersey #199 of 199 Autographed – Limited Edition Collectible – Edmonton Oilers Icon (Size L or XL)	
shopify_CA_7463324319833_40765756604505	Paul Coffey Career Jersey #1 of 199 Autographed – Limited Edition Collectible – Edmonton Oilers Icon (Size L or XL)	
shopify_CA_7463324450905_40765756735577	Doug Gilmour Career Jersey #193 of 193 (Size L or XL) – Autographed Limited Edition NHL Toronto Maple Leafs Collectible	
shopify_CA_7463324909657_40765759193177	Gordie Howe Career Jersey Ltd Ed 199 of 199 - Signed Red Wings (Size L or XL)	
shopify_CA_7463325007961_40765759291481	Henri Richard Career Jersey #1 of 199 - Autographed Montreal Canadiens Memorabilia (Size L or XL) – Limited Edition Hockey Collectible	
shopify_CA_7463325597785_41599794315353	Jarome Iginla Career Jersey #112 of 112 - Autographed Calgary Flames Memorabilia (Size L or XL) – Limited Edition NHL Collectible	
shopify_CA_7463325663321_41599806308441	Jarome Iginla Career Jersey #1 of 112 - Autographed Calgary Flames Memorabilia (Size L or XL) – Limited Edition NHL Collectible	
shopify_CA_7463325925465_40765763846233	Frank Mahovlich Career Jersey #199 of 199 (Size L or XL) – Autographed Limited Edition NHL Toronto Maple Leafs Collectible	
shopify_CA_7463326089305_42578770296921	Pavel Bure Career Jersey #10 of 199 - Autographed - Vancouver (Size L or XL) - Limited Edition NHL Memorabilia Collectible	
shopify_CA_7463326122073_42578770329689	Pavel Bure Career Jersey #199 of 199 - Autographed - Vancouver (Size L or XL) - Limited Edition NHL Memorabilia Collectible	
shopify_CA_7463326220377_42578771116121	Pavel Bure Career Jersey #1 of 199 - Autographed - Vancouver (Size L or XL) - Limited Edition NHL Memorabilia Collectible	
shopify_CA_7463326351449_40765766598745	Mats Sundin Career Jersey #199 of 199 Autographed – Limited Edition Collectible – Toronto Maple Leafs Legend (Size L or XL)	
shopify_CA_7463326416985_40765766664281	Mats Sundin Career Jersey #1 of 199 Autographed – Limited Edition Collectible – Toronto Maple Leafs Legend (Size L or XL)	
shopify_CA_7463326449753_40765766697049	Steve Yzerman Career Jersey #1 of 199 - Autographed - Detroit Red Wings - Limited Edition NHL Collectible (Size L or XL)	
shopify_CA_7463326482521_40765766762585	Bobby Orr 'The Goal' Signed 16" x 20" Framed Photo - Boston Bruins NHL Collectible - GNR COA (24" by 20")	
shopify_CA_7463326810201_40765767057497	Bobby Hull Autographed Lithograph – The Golden Jet – Framed Chicago Collectible (22" x 18")	
shopify_CA_7463326941273_40765767549017	Legends of the Crease Signed Lithograph – Framed Hockey Goalie Art Display (16" x 14")	
shopify_CA_7464047870041_40768449544281	Saturday’s Heroes Lithograph Signed by Johnny Bower & Bobby Hull – 8.5x8 NHL Greats Dual Autograph Collectible	
shopify_CA_7464878243929_40770877980761	Mario Lemieux Autographed Pittsburgh Penguins Black Mitchell & Ness Jersey – Signed NHL Hockey Collectible (Size L or XL)	
shopify_CA_7470073741401_40785488740441	Jean Beliveau Autographed Limited Edition Lithograph – Montreal Canadiens Collectible Hockey Art (17" x 14")	
shopify_CA_7470073774169_40785488773209	Bobby Hull Autographed Lithograph – The Golden Jet Ltd. Edition – NHL Chicago Blackhawks Collectible (22" x 18")	
shopify_CA_7497141026905_40897003487321	Bobby Hull & Brett Hull Signed 10x15 Photo Chicago Blackhawks & Dallas Stars NHL Autographed Collectible (15" x 10"), Autographed Memorabilia Display	
shopify_CA_7497141256281_40897003815001	George Chuvalo Signed 11x11 Boxing Photo Canada, Legendary Heavyweight Sports Memorabilia (11" x 11"), Autographed Memorabilia Display	
shopify_CA_7497141420121_40897004077145	Bobby Hull Signed 11x14 Photo Chicago Blackhawks, NHL Hockey Autographed Sports Memorabilia (14" x 11"), Autographed Memorabilia Display	
shopify_CA_7497141551193_40897004208217	Bobby Hull & Gordie Howe Dual-Signed 11x14 Photo, Chicago Blackhawks & Detroit Red Wings NHL Autograph (14" x 11"), Autographed Memorabilia Display	
shopify_CA_7497142370393_40897005355097	Jean Beliveau & Johnny Bower Dual-Signed 16" x 20" Photo Montreal Canadiens & Toronto Maple Leafs NHL Collectible (20" x 16")	
shopify_CA_7497142501465_40897005453401	Maple Leaf Gardens Final Ticket 16" x 20" Signed by Bower, T. Kennedy, A. Stanley & Kelly Toronto Maple Leafs NHL Collectible (20" x 16")	
shopify_CA_7497142665305_40897005912153	Bobby Hull Signed 16" x 20" Chicago Blackhawks Photo “Golden Jet” NHL Hockey Autographed Memorabilia (20" x 16"), Autographed Memorabilia Display	
shopify_CA_7497143255129_40897007419481	Gordie Howe Autographed 5" x 7" Sepia Photo – Vintage Detroit Red Wings Hockey Collectible	
shopify_CA_7497143418969_40897007911001	Bobby Hull Signed Chicago Blackhawks & Winnipeg Jets 8" x 10" Collage Photo – Autographed NHL Hockey Collectible (10" x 8")	
shopify_CA_7497143615577_40897008107609	Bobby Hull Autographed Winnipeg Jets 8" x 10" Bloody Photo – Rare Signed NHL Hockey Collectible (10" x 8")	
shopify_CA_7497144172633_40897009680473	Johnny Bower & Gump Worsley Dual Signed 8" x 10" Photograph – Toronto Maple Leafs & Montreal Canadiens Autographed NHL Collectible (8" x 10")	
shopify_CA_7497144369241_40897010106457	George Chuvalo Signed 8" x 10" Boxing Photo, Canadian Heavyweight Legend Sports Memorabilia (10" x 8"), Autographed Memorabilia Display	
shopify_CA_7497144500313_40897010237529	Craig Stadler Signed 8" x 10" Golf Photo, Masters Champion PGA Tour Autographed Sports Memorabilia (10" x 8"), Autographed Memorabilia Display	
shopify_CA_7497144631385_40897010597977	Bobby Hull Autographed 51st Goal 8" x 10" Photograph – Chicago Blackhawks NHL Signed Hockey Collectible (8" x 10")	
shopify_CA_7497144795225_40897011056729	Bobby Hull & Jean Beliveau Dual Autographed Signed 8" x 10" Photograph – Chicago Blackhawks vs Montreal Canadiens NHL Collectible (8" x 10")	
shopify_CA_7497145090137_40897011941465	Bobby Hull Autographed Stanley Cup 8" x 10" Photograph – Chicago Blackhawks NHL Signed Hockey Collectible (8" x 10")	
shopify_CA_7497145286745_40897012203609	Bobby Hull Autographed 8" x 10" Hall of Fame Photograph – Chicago Blackhawks NHL Signed Collectible (8" x 10")	
shopify_CA_7497145417817_40897012564057	Bobby Hull Autographed 8" x 10" Red Jersey Standing Photograph – Chicago Blackhawks NHL Signed Collectible (8" x 10")	
shopify_CA_7497145581657_40897013022809	Bobby Hull Scores on Johnny Bower Autographed 8" x 10" Photograph – Chicago Blackhawks vs Toronto Maple Leafs NHL Collectible (8" x 10")	
shopify_CA_7497145778265_40897014956121	Bobby Hull Autographed 8" x 10" Photograph – Winnipeg Jets NHL Signed Hockey Collectible (8" x 10")	
shopify_CA_7497146007641_40897015545945	Guy Lafleur Autographed 8" x 10" Winter Classic Photograph – Montreal Canadiens NHL Signed Collectible (8" x 10")	
shopify_CA_7497146171481_40897015775321	Stan Mikita Autographed 8" x 10" Photograph – Chicago Blackhawks NHL Signed Hockey Collectible (8" x 10")	
shopify_CA_7497146433625_40897016430681	Stan Mikita Autographed 8" x 10" Faceoff Photograph – Chicago Blackhawks NHL Signed Hockey Collectible (8" x 10")	
shopify_CA_7497146663001_40897017118809	Johnny Bower & Bobby Hull Dual Signed 8" x 12" Photograph – Toronto Maple Leafs vs Chicago Blackhawks NHL Autographed Collectible (8" x 12")	
shopify_CA_7497146892377_40897017544793	Bobby Hull Signed 8" x 12" Photograph with Johnny Bower – Chicago Blackhawks vs Toronto Maple Leafs NHL Collectible (8" x 12")	
shopify_CA_7497147088985_40897018331225	George Chuvalo Boxing Card – Canadian Heavyweight Legend Collectible (3.5" x 2.5")	
shopify_CA_7497147351129_40897018888281	Guy Lafleur Topps Collectible Hockey Card Montreal	
shopify_CA_7497147547737_40897019576409	Autographed Jean Beliveau Lithograph - Montreal Canadiens (17" by 14")	
shopify_CA_7497147711577_40897020002393	Signed Bettman, Brodeur, St. Louis, Yakushev, O'Ree, Hefford	
shopify_CA_7497147842649_40897020428377	Autographed Bobby Hull Lithograph – Unlimited Edition – Chicago Blackhawks Hockey Art Print (22" x 18")	
shopify_CA_7497147973721_40897020821593	Bobby Hull Signed Sample Lithograph – Rare Print – Chicago Blackhawks Unlimited Edition (22" x 18")	
shopify_CA_7497148137561_40897021050969	The Golden Jet Unsigned Lithograph – Bobby Hull Chicago Collectible Hockey Art Print (13" x 11")	
shopify_CA_7497148301401_40897021214809	in the Slot Signed Lithograph – Vic Hadfield, Ed Giacomin & John Bucyk – Limited Edition Hockey Artwork (33" x 19")	
shopify_CA_7497148530777_40897022132313	Legends of the Crease Limited Edition /20 Lithograph Signed by Bower, Cheevers, Hall, Worsley – 24" x 20" Original Six Goalie Collectible	
shopify_CA_7497148661849_40897022427225	Legends of the Crease Signed Lithograph – Bower, Cheevers, Hall, Worsley Autographs – 24" x 20" NHL Goalie Memorabilia Display	
shopify_CA_7497148891225_40897023082585	Saturday Morning NHL Legends Signed Lithograph – Hull, Bower, BÉliveau, Mahovlich, Lafleur – 9.5" x 8" Autograph Collectible	
shopify_CA_7497149120601_40897023672409	Where Legends Begin Lithograph Signed by BÉliveau, Bower & Ullman – Montreal, Toronto, Detroit – 10" x 10" NHL Collectible	
shopify_CA_7497149251673_40897024131161	Where Legends Begin Lithograph Signed by Bower, Cheevers, Hall & Worsley – 10" x 10" NHL Goalie Art with COA	
shopify_CA_7497149612121_40897025802329	Framed When We Were Six Lithograph – Signed by Kelly, Howell, Bower, Hull, Lafleur, Esposito – Ltd Ed /20 (30" x 26")	
shopify_CA_7506443960409_40923994095705	Guy Lafleur Signed Lithograph – Ltd Edition #10 of 1010 – Framed Montreal Canadiens Collectible (24" x 20")	
shopify_CA_7506444189785_40923995111513	Guy Lafleur Signed Lithograph – Ltd Edition #1010 of 1010 – Framed Montreal Canadiens Collectible (24" x 20")	
shopify_CA_7519771557977_42831789654105	Collector’s Crate Mystery Box – Series 1 Hunt for Rare Autographed Memorabilia – Limited Edition /50 Collectible Signed Items	
shopify_CA_7564566233177_41119480545369	Eric Lindros Autographed Philadelphia Flyers Puck – Official NHL Collectible Large Logo	
shopify_CA_7626599039065_41280981696601	Steven Stamkos Signed Tampa Bay Lightning 2021 Stanley Cup Puck	
shopify_CA_7626599301209_41280983335001	Steven Stamkos Tampa Bay Lightning Autographed NHL 8x10 Photo	
shopify_CA_7626599596121_41280984449113	Brayden Point Tampa Bay Lightning Autographed Action 8x10 Photo	
shopify_CA_7626599694425_41280984875097	Anthony Cirelli Signed Tampa Bay Lightning White Fanatics Jersey	
shopify_CA_7626600022105_41280986415193	Aaron Ekblad Signed Florida Panthers Uniform Graphic 26x32 Frame	
shopify_CA_7626600185945_41280987037785	Aaron Ekblad Florida Panthers Autographed Fanatics Jersey, Hand Signed, NHL, Hockey	
shopify_CA_7626600349785_41280987660377	Sergei Bobrovsky Signed Florida Panthers Uniform Graphic 19x23 Frame	
shopify_CA_7626600480857_41280988250201	John Carlson Signed Washington Capitals Uniform Graphic 19x23 Frame	
shopify_CA_7626600579161_41280988545113	John Carlson Washington Capitals Autographed Action 8x10 Photo	
shopify_CA_7626600644697_41280988905561	John Carlson Washington Capitals Autographed Official Game Puck	
shopify_CA_7626600939609_41280990085209	Brad Marchand Autographed Boston Bruins Hockey 8x10 Photo, Hand Signed, NHL, Photograph	
shopify_CA_7626601037913_41280990773337	Brad Marchand Signed Boston Bruins Graphic Rink 19x23 Frame, Autographed, NHL, Hockey	
shopify_CA_7626601201753_41280991232089	Brad Marchand Autographed Boston Bruins Adidas Jersey, Hand Signed, NHL, Hockey	
shopify_CA_7626601431129_41280993460313	Adam Fox New York Rangers Autographed Official Game Puck, Hand Signed, NHL, Hockey	
shopify_CA_7626601529433_41280993853529	Adam Fox Signed New York Rangers 1st Game Graphic 19x23 Frame #/23	
shopify_CA_7626601627737_41280994213977	Artemi Panarin New York Rangers Autographed Fanatics Jersey, Hand Signed, NHL, Hockey	
shopify_CA_7626601726041_41280994869337	Mika Zibanejad New York Rangers Autographed 20x24 Puck Frame, Hand Signed, NHL, Hockey	
shopify_CA_7626601791577_41280995229785	Mika Zibanejad Signed New York Rangers Reverse Retro 2.0 Adidas Jersey	
shopify_CA_7626601922649_41280995655769	Anders Lee New York Islanders Autographed Hockey 8x10 Photo, Hand Signed, NHL, Photograph	
shopify_CA_7626602086489_41280996245593	Anders Lee New York Islanders Autographed Hockey Puck, Hand Signed, NHL	
shopify_CA_7626602217561_41280996671577	Mitch Marner Signed Toronto Maple Leafs Puck Logo 23x27 Frame	
shopify_CA_7626602446937_41280997589081	Sebastian Aho Carolina Hurricanes Autographed Adidas Jersey, Hand Signed, NHL, Hockey	
shopify_CA_7626602610777_41280998408281	Sebastian Aho Carolina Hurricanes Signed 20x24 Number Frame, Autographed, NHL, Hockey	
shopify_CA_7626602676313_41280998604889	Martin Necas Autographed Carolina Hurricanes 8x10 Photo, Hand Signed, NHL, Hockey, Photograph	
shopify_CA_7626602905689_41280999620697	Andrei Svechnikov Carolina Hurricanes Autographed Adidas Jersey	
shopify_CA_7626603069529_41281000341593	Mark Stone Vegas Golden Knights Autographed Hockey Puck, Hand Signed, NHL	
shopify_CA_7626603561049_41281002405977	Tyler Seguin Dallas Stars Signed Official Game Puck, Autographed, NHL, Hockey	
shopify_CA_7626603626585_41281002602585	Tyler Seguin Dallas Stars Autographed Hockey 8x10 Photo, Hand Signed, NHL, Photograph	
shopify_CA_7626603724889_41281002864729	Joe Pavelski Autographed Dallas Stars Green Fanatics Jersey, Hand Signed, NHL, Hockey	
shopify_CA_7626603987033_41281004109913	Joe Pavelski Autographed Dallas Stars Adidas Jersey, Hand Signed, NHL, Hockey	
shopify_CA_7626604609625_41281006633049	Nathan MacKinnon Colorado Avalanche Signed Slapshot 26x32 Frame	
shopify_CA_7626604707929_41281007190105	Nathan MacKinnon Colorado Avalanche Autographed Action 8x10 Photo	
shopify_CA_7626604773465_41281007386713	Kyle Connor Winnipeg Jets Signed Official Game Puck, Autographed, NHL, Hockey	
shopify_CA_7626604806233_41281007419481	Kyle Connor Winnipeg Jets Signed Shooter 8x10 Photo, Autographed, NHL, Hockey, Photograph	
shopify_CA_7626604970073_41281008009305	Kyle Connor Winnipeg Jets Signed Aviator Alt Adidas Jersey, Autographed, NHL, Hockey	
shopify_CA_7626605396057_41281009647705	Connor Hellebuyck Winnipeg Jets Autographed Hockey Puck, Hand Signed, NHL	
shopify_CA_7626605625433_41281010073689	Filip Forsberg Autographed Nashville Predators Uniform Graphic 19x23 Frame	
shopify_CA_7626605854809_41281010729049	Filip Forsberg Nashville Predators Autographed Hockey Puck, Hand Signed, NHL	
shopify_CA_7626605953113_41281011155033	Filip Forsberg Nashville Predators Autographed Fanatics Jersey	
shopify_CA_7626606051417_41281011548249	Roman Josi Nashville Predators Autographed Official Game Puck	
shopify_CA_7626606116953_41281011744857	Roman Josi Nashville Predators Autographed Hockey Puck, Hand Signed, NHL	
shopify_CA_7626606182489_41281011941465	Roman Josi Nashville Predators Autographed Adidas Jersey, Hand Signed, NHL, Hockey	
shopify_CA_7626606346329_41281012957273	Juuse Saros Autographed Nashville Predators Hockey Puck, Hand Signed, NHL	
shopify_CA_7626606870617_41281014333529	JT Miller Autographed Vancouver Canucks Uniform Graphic 19x23 Frame	
shopify_CA_7626607460441_41281016103001	Nils Hoglander Vancouver Canucks Signed White Adidas Jersey, Autographed, NHL, Hockey	
shopify_CA_7626607689817_41281016758361	Drew Doughty Los Angeles Kings Autographed Reebok Jersey, Hand Signed, NHL, Hockey	
shopify_CA_7626607919193_41281017905241	Drew Doughty Los Angeles Kings Autographed Action 8x10 Photo, Hand Signed, NHL, Hockey, Photograph	
shopify_CA_7626608017497_41281018298457	Drew Doughty Los Angeles Kings Signed Skating 8x10 Photo, Autographed, NHL, Hockey, Photograph	
shopify_CA_7626608115801_41281018527833	Adrian Kempe Autographed Los Angeles Kings Hockey 8x10 Photo, Hand Signed, NHL, Photograph	
shopify_CA_7626608214105_41281018757209	Adrian Kempe Signed Los Angeles Kings Official Game Puck, Autographed, NHL, Hockey	
shopify_CA_7668530446425_41444223844441	Stan Lee Signed Spider-Man First Appearance Framed Marvel Collectible – Amazing Fantasy Comic Art Display (38.5" x 28")	
shopify_CA_7668530577497_41444224008281	Stan Lee Signed Incredible Hulk #1 Framed Marvel Collectible – Vintage Comic Cover Art Display (38.5" x 28")	
shopify_CA_7676806627417_41493568684121	Maurice Richard Signed 5" x 7" Sepia Photo with Gold Ink – Montreal Canadiens Limited Edition	
shopify_CA_7695198093401_41555418284121	Bobby Orr Autographed Boston Bruins White Adidas Jersey – Signed NHL Hockey Memorabilia Collectible - GNR COA (Size L or XL)	
shopify_CA_7695198322777_41555418775641	Framed Legends of the Crease Artist Proof Lithograph – Signed by Bower, Cheevers, Hall & Worsley – Ltd Ed /197 (30" x 26")	
shopify_CA_7707265106009_41584209690713	Jarome Iginla Calgary Flames Career Jersey, Elite Edition, Autographed NHL Collectible, Limited Edition /12	
shopify_CA_7707268120665_41584230105177	William Shatner Autographed Star Trek Captain Kirk Photo – Authentic Signed Sci-Fi Collectible – Museum Framed Trekkie Memorabilia (38" x 28")	
shopify_CA_7751332003929_41718423552089	Eric Lindros Autographed Team Canada Jersey – Signed NHL & Olympic Hockey Memorabilia Collectible (Size L or XL)	
shopify_CA_7761577836633_41742043349081	Henri Richard Autographed Montreal Canadiens White Jersey – Signed NHL Hockey Memorabilia Collectible (Size L or XL)	
shopify_CA_7774707679321_41789268426841	Maurice Rocket Richard Signed 16" x 20" Limited Edition #1 of 9 (28" by 24"), Autographed Collectible Memorabilia	
shopify_CA_7774707712089_41789268492377	Maurice Rocket Richard Signed 16" x 20" Limited Edition of 9 (28" by 24"), Autographed Collectible Memorabilia	
shopify_CA_7774707908697_41789268787289	Mike Tyson Autographed Left-Hand Boxing Glove – Signed Collectible for Legendary Fight Fans and Memorabilia Collectors	
shopify_CA_7778967322713_41835734597721	Bobby Orr “The Flying Goal” Signed Puck – May 10, 1970 Commemorative – Boston Bruins Legend, GNR COA – Iconic NHL Moment Collectible	
shopify_CA_7780992680025_41842218631257	Michael Jordan Epic Chicago Bulls Framed Rookie & Final Season Jerseys, Oversized 97x45 Inch UDA Authenticated Upper Deck NBA Collectible Wall Art	
shopify_CA_7780992778329_41842218696793	Team Canada 1976 Dual Autograph – Bobby Hull & Guy Lafleur Signed 8" x 10" – Framed Limited Edition of 10 Collectible Display (30" x 19.5")	
shopify_CA_7780992909401_41842218827865	Hockey Canada Cup 1976 Framed Autograph – Bobby Hull & Guy Lafleur Signed 8" x 10" – Limited Edition #1/10 Collectible (30" x 19.5")	
shopify_CA_7780993007705_41842218958937	Team Canada Cup 1976 Signed Photo – Bobby Hull & Guy Lafleur – Framed Collectible Limited Edition #9/10 (30" x 19.5")	
shopify_CA_7780993138777_41842219090009	Bobby Hull & Guy Lafleur Signed Photo – 1976 Canada Cup – Framed Limited Edition #10/10 Display (30" x 19.5")	
shopify_CA_7783925579865_41850372489305	Stan Lee Autographed Spider-Man Amazing Fantasy Comic Book Costume	
shopify_CA_7783925678169_41850372849753	Mason McTavish Signed Anaheim Ducks Alt Orange Adidas Jersey, Autographed, NHL, Hockey	
shopify_CA_7783925710937_41850373275737	Chris Pronger Autographed Anaheim Ducks Fanatics Jersey, Hand Signed, NHL, Hockey	
shopify_CA_7783925907545_41850373734489	Mikko Rantanen Signed Colorado Avalanche Rookie Reebok Jersey	
shopify_CA_7783925940313_41850373767257	Nathan MacKinnon Colorado Avalanche Signed Alt Adidas Jersey, Autographed, NHL, Hockey	
shopify_CA_7783926038617_41850373898329	Brett Hull Autographed Detroit Red Wings Throwback Fanatics Jersey	
shopify_CA_7783926267993_41850374291545	Drew Doughty Los Angeles Kings Signed & Noted 2016 Norris Reebok Jersey	
shopify_CA_7783926366297_41850374422617	Erik Haula Vegas Golden Knights Autographed Fanatics Jersey, Hand Signed, NHL, Hockey	
shopify_CA_7783926464601_41850374553689	Shea Theodore Vegas Golden Knights Autographed Alt Fanatics Jersey	
shopify_CA_7783926595673_41850374684761	Dominik Hasek Ottawa Senators Autographed Fanatics Jersey, Hand Signed, NHL, Hockey	
shopify_CA_7783926661209_41850374750297	Brady Tkachuk Signed Ottawa Senators Rookie Fanatics Jersey, Autographed, NHL, Hockey	
shopify_CA_7783926726745_41850374815833	Erik Karlsson San Jose Sharks Autographed Adidas Jersey, Hand Signed, NHL, Hockey	
shopify_CA_7783926825049_41850374914137	Jeremy Roenick San Jose Sharks Signed Last Game Reebok Jersey	
shopify_CA_7783926890585_41850374979673	Teemu Selanne San Jose Sharks Autographed Reebok Jersey, Hand Signed, NHL, Hockey	
shopify_CA_7783927054425_41850375143513	Doug Gilmour Signed St. Louis Blues Retro Fanatics Jersey, Autographed, NHL, Hockey	
shopify_CA_7783927152729_41850375241817	Grant Fuhr Signed St. Louis Blues Diagonal Throwback Fanatics Jersey	
shopify_CA_7783927316569_41850375405657	Steven Stamkos Signed Tampa Bay Lightning 2021 Stanley Cup Adidas Jersey	
shopify_CA_7783927545945_41850375635033	Morgan Rielly Toronto Maple Leafs Autographed Adidas Jersey, Hand Signed, NHL, Hockey	
shopify_CA_7783927742553_41850375798873	Kyle Connor Winnipeg Jets Signed White Fanatics Jersey, Autographed, NHL, Hockey	
shopify_CA_7783929643097_41850379010137	Brett Lawrie Signed Toronto Blue Jays Isolation 16x20 Photo, Autographed, MLB, Baseball, Photograph	
shopify_CA_7783930036313_41850379698265	Magic Johnson Autographed Spalding NBA I/O Basketball, Hand Signed, Los Angeles Lakers	
shopify_CA_7783930232921_41850379894873	Magic Johnson Los Angeles Lakers Signed Rivalry vs Larry Bird 8x10 Photo	
shopify_CA_7783930724441_41850380615769	Charles Oakley Autographed New York Knicks 8x10 Photo, Hand Signed, NBA, Basketball, Photograph	
shopify_CA_7783930953817_41850380877913	Charles Oakley Autographed Spalding NBA I/O Basketball, Hand Signed, New York Knicks	
shopify_CA_7783931150425_41850381140057	Charles Oakley Signed New York Knicks Mitchell & Ness Jersey, Autographed, NBA, Basketball	
shopify_CA_7783931445337_41850381533273	Aaron Rodgers Green Bay Packers Signed Full Size Replica Football Helmet	
shopify_CA_7783931740249_41850381860953	Dan Marino Miami Dolphins Signed Replica Throwback Helmet, Autographed, NFL, Football	
shopify_CA_7783931838553_41850381992025	Mick Foley Autographed Mankind with Socko Wrestling 8x10 Photo	
shopify_CA_7783932100697_41850382286937	Kurt Angle Autographed 8x10 Photo, Hand Signed, Wrestling, Photograph	
shopify_CA_7783932330073_41850382581849	Bret Hitman Hart WWE Autographed Wrestling Sunglasses 8x10 Photo	
shopify_CA_7783932461145_41850382778457	Bret Hitman Hart Autographed Sharpshooter Wrestling Legend 26x32 Frame	
shopify_CA_7795180732505_41876516438105	Brett Favre Signed Green Bay Football Stadium Graphic 19x23 Frame	
shopify_CA_7795180830809_41876516569177	Drew Doughty Guelph Storm Autographed CHL Hockey Jersey, Hand Signed, Canadian Hockey League, NHL	
shopify_CA_7795180863577_41876516601945	Sir Edmund Hillary Autographed Mount Everest & Beyond Poster, Hand Signed, Celebrity, Climbing	
shopify_CA_7795180896345_41876516634713	Mason McTavish Anaheim Ducks Signed & Dated 1st Goal Adidas Jersey /37	
shopify_CA_7795180961881_41876516896857	Scott Niedermayer Anaheim Ducks Autographed 2007 Stanley Cup 8x10 Photo	
shopify_CA_7795181027417_41876516929625	Scott Niedermayer Signed Anaheim Ducks Etched Ice 26x32 Frame	
shopify_CA_7795181191257_41876518010969	John Gibson Anaheim Mighty Ducks Signed Alt Retro Adidas Jersey	
shopify_CA_7795181256793_41876518207577	Jari Kurri Anaheim Mighty Ducks Autographed Hockey 8x10 Photo	
shopify_CA_7795181584473_41876520599641	Joe Thornton Boston Bruins Signed Official Game Puck, Autographed, NHL, Hockey	
shopify_CA_7795181846617_41876521615449	Brad Marchand Autographed Boston Bruins Hockey Puck, Hand Signed, NHL	
shopify_CA_7795182043225_41876522729561	David Krejci Autographed Boston Bruins Hockey 8x10 Photo, Hand Signed, NHL, Photograph	
shopify_CA_7795182141529_41876523024473	Reggie Lemelin Boston Bruins Autographed in-Goal 8x10 Photo, Hand Signed, NHL, Hockey, Photograph	
shopify_CA_7795182370905_41876524335193	Mike Peca Buffalo Sabres Autographed Captain 8x10 Photo, Hand Signed, NHL, Hockey, Photograph	
shopify_CA_7795182534745_41876524728409	Ryan Miller Buffalo Sabres Autographed Reebok Jersey, Hand Signed, NHL, Hockey	
shopify_CA_7795182764121_41876525285465	Jack Eichel Buffalo Sabres Autographed 2018 Winter Classic 20x24 Decal Frame	
shopify_CA_7795182829657_41876525351001	Dominik Hasek Buffalo Sabres Autographed Goal Crease Puck Save 8x10 Photo	
shopify_CA_7795182862425_41876525547609	Joe Sakic Colorado Avalanche Autographed Hockey Puck, Hand Signed, NHL	
shopify_CA_7795183124569_41876528463961	Nathan MacKinnon Signed Colorado Avalanche Netcam Graphic 23x27 Frame	
shopify_CA_7795183157337_41876528496729	Mikko Rantanen Signed Colorado Avalanche Reverse Retro 2.0 Adidas Jersey	
shopify_CA_7795183222873_41876528660569	Nathan MacKinnon Colorado Avalanche Signed Salute 8x10 Photo, Autographed, NHL, Hockey, Photograph	
shopify_CA_7795183353945_41876529217625	Patrick ROY Signed Colorado Avalanche Stadium Graphic 19x23 Frame	
shopify_CA_7795183452249_41876529709145	Kris Versteeg Chicago Blackhawks Autographed Fanatics Jersey, Hand Signed, NHL, Hockey	
shopify_CA_7795183485017_41876529741913	Warren Skorodenski Chicago Blackhawks Autographed Hockey Puck	
shopify_CA_7795183550553_41876529971289	Tod Sloan Chicago Blackhawks Autographed Original Six 8x10 Photo	
shopify_CA_7795183616089_41876530036825	Tony Esposito Chicago Blackhawks Signed Butterfly Save Goalie 8x10 Photo	
shopify_CA_7795183681625_41876530233433	Dennis Hull Chicago Blackhawks Autographed Hockey Puck, Hand Signed, NHL	
shopify_CA_7795183747161_41876530364505	Dennis Hull Chicago Blackhawks Signed Hockey 8x10 Photo, Autographed, NHL, Photograph	
shopify_CA_7795183878233_41876531380313	Jeremy Roenick Autographed Chicago Blackhawks Hockey 8x10 Photo	
shopify_CA_7795183976537_41876531675225	Jeremy Roenick Autographed Chicago Blackhawks Hockey Puck, Hand Signed, NHL	
shopify_CA_7795184042073_41876531806297	Ed Belfour Chicago Blackhawks Autographed Hockey Puck with HOF Note	
shopify_CA_7795184533593_41876533837913	Rasmus Andersson Autographed Calgary Flames Puck Logo 23x27 Frame	
shopify_CA_7795184631897_41876534198361	Mike Vernon Calgary Flames Signed 20x24 Retired Number Frame, Autographed, NHL, Hockey	
shopify_CA_7795184730201_41876534689881	Mike Vernon Autographed Calgary Flames 1989 Stanley Cup Puck, Hand Signed, NHL, Hockey	
shopify_CA_7795184828505_41876535017561	Mark Giordano Calgary Flames Signed 2019 Norris Adidas Jersey	
shopify_CA_7795184926809_41876535214169	Mark Giordano Calgary Flames Autographed Captain 8x10 Photo, Hand Signed, NHL, Hockey, Photograph	
shopify_CA_7795185090649_41876536131673	Matthew Tkachuk Calgary Flames Signed Black Logo Adidas Jersey	
shopify_CA_7795185156185_41876536197209	Matthew Tkachuk Calgary Flames Signed Poised to Shoot 8x10 Photo	
shopify_CA_7795185221721_41876536754265	Sam Bennett Signed Calgary Flames 1st Goal 11x14 Photo, Autographed, NHL, Hockey, Photograph	
shopify_CA_7795185287257_41876536885337	Sam Bennett Signed Calgary Flames Rookie 16x20 Photo, Autographed, NHL, Hockey, Photograph	
shopify_CA_7795185320025_41876536918105	Sam Bennett Calgary Flames Autographed Fanatics Jersey, Hand Signed, NHL, Hockey	
shopify_CA_7795185713241_41876537507929	Brian Elliott Calgary Flames Autographed Hockey Goalie 8x10 Photo	
shopify_CA_7795185811545_41876537606233	Brett Hull Autographed Calgary Flames Red Fanatics Jersey, Hand Signed, NHL, Hockey	
shopify_CA_7795185877081_41876538097753	Johnny Gaudreau Signed Calgary Flames Graphic Rink 19x23 Frame	
shopify_CA_7795185975385_41876538196057	Joe Mullen Calgary Flames Autographed Hockey 8x10 Photo, Hand Signed, NHL, Photograph	
shopify_CA_7795186008153_41876538261593	Joe Mullen Autographed 1989 Calgary Flames Cup Puck, Hand Signed, NHL, Hockey	
shopify_CA_7795186106457_41876538425433	Joe Nieuwendyk Calgary Flames Autographed Captain 8x10 Photo, Hand Signed, NHL, Hockey, Photograph	
shopify_CA_7795186401369_41876539539545	Jacob Markstrom Signed Calgary Flames Official Game Puck, Autographed, NHL, Hockey	
shopify_CA_7795186499673_41876540162137	Dion Phaneuf Calgary Flames Autographed Fanatics Jersey, Hand Signed, NHL, Hockey	
shopify_CA_7795186597977_41876540293209	Hakan Loob Calgary Flames Autographed Hockey 8x10 Photo, Hand Signed, NHL, Photograph	
shopify_CA_7795186794585_41876540489817	Mark Recchi Carolina Hurricanes Autographed 2006 Stanley Cup Puck	
shopify_CA_7795186892889_41876540719193	Mark Recchi Autographed Carolina Hurricanes Fanatics Jersey, Hand Signed, NHL, Hockey	
shopify_CA_7795187056729_41876541374553	Rod Brind'Amour Carolina Hurricanes Signed Official Game Puck	
shopify_CA_7795187187801_41876542128217	Frederik Andersen Autographed Carolina Hurricanes Adidas Jersey	
shopify_CA_7795187286105_41876542586969	Frederik Andersen Signed Carolina Hurricanes Mask Close-Up 8x10 Photo	
shopify_CA_7795187384409_41876542750809	Eric Staal Carolina Hurricanes Autographed 2006 Stanley Cup 8x10 Photo	
shopify_CA_7795187482713_41876543045721	Dylan Larkin Detroit Red Wings Autographed Rookie Action 8x10 Photo	
shopify_CA_7795187581017_41876543504473	Mark Howe Detroit Red Wings Autographed Hockey Puck, Hand Signed, NHL	
shopify_CA_7795187646553_41876544913497	Mark Howe Detroit Red Wings Autographed Hockey 8x10 Photo, Hand Signed, NHL, Photograph	
shopify_CA_7795187744857_41876545011801	Marcel Dionne Detroit Red Wings Autographed Captain 8x10 Photo	
shopify_CA_7795188007001_41876546289753	Tyler Seguin Dallas Stars Signed 2020 Winter Classic 8x10 Photo	
shopify_CA_7795188170841_41876547076185	Grant Fuhr Signed Edmonton Oilers Goalie 8x10 Photo with HOF Note	
shopify_CA_7795188269145_41876547174489	Andrew Ference Edmonton Oilers Autographed Hockey Puck, Hand Signed, NHL	
shopify_CA_7795188367449_41876547502169	Andrew Ference Edmonton Oilers Autographed Fanatics Jersey, Hand Signed, NHL, Hockey	
shopify_CA_7795188465753_41876547633241	Cam Talbot Edmonton Oilers Signed & Inscribed 42 Wins Record 26x32 Frame #/33	
shopify_CA_7795188564057_41876547829849	Cam Talbot Signed & Inscribed Edmonton Oilers Wins Record 16x20 Photo	
shopify_CA_7795188662361_41876547993689	Cam Talbot Edmonton Oilers Autographed Leg Save 8x10 Photo, Hand Signed, NHL, Hockey, Photograph	
shopify_CA_7795188760665_41876548157529	Taylor Hall Edmonton Oilers Autographed Fanatics Jersey, Hand Signed, NHL, Hockey	
shopify_CA_7795188924505_41876549107801	Taylor Hall Edmonton Oilers Autographed First NHL Game 8x10 Photo	
shopify_CA_7795188957273_41876549304409	Matthew Tkachuk Autographed Florida Panthers Hockey Puck, Hand Signed, NHL	
shopify_CA_7795189055577_41876549468249	Matthew Tkachuk Signed Florida Panthers Official Game Puck, Autographed, NHL, Hockey	
shopify_CA_7795189186649_41876549763161	Aaron Ekblad Florida Panthers Autographed Rookie Action 8x10 Photo	
shopify_CA_7795189219417_41876549795929	Aaron Ekblad Florida Panthers Autographed Road Action 8x10 Photo	
shopify_CA_7795189252185_41876549828697	Aaron Ekblad Florida Panthers Signed Color Isolation 8x10 Photo	
shopify_CA_7795189317721_41876549959769	Dave Keon Hartford Whalers Autographed Retro Hockey Puck, Hand Signed, NHL	
shopify_CA_7795189383257_41876550090841	Chris Pronger Hartford Whalers Autographed Rookie 8x10 Photo, Hand Signed, NHL, Hockey, Photograph	
shopify_CA_7795189579865_41876550844505	Drew Doughty Los Angeles Kings Autographed Official Game Puck	
shopify_CA_7795189645401_41876551008345	Drew Doughty Signed & Inscribed LA Kings Stanley Cup 20x24 Puck Frame #/20	
shopify_CA_7795189776473_41876551106649	Jonathan Quick Los Angeles Kings Signed 2014 Stanley Cup 8x10 Photo	
shopify_CA_7795190071385_41876553302105	Mark Stone Vegas Golden Knights Signed Official Game Puck, Autographed, NHL, Hockey	
shopify_CA_7795190628441_41876557037657	Dominique Wilkins Signed Atlanta Style Basketball Jersey, Autographed, Atlanta Hawks, NBA	
shopify_CA_7795190792281_41876557725785	Larry Bird Autographed Boston Celtics Basketball Graphic 26x32 Frame	
shopify_CA_7795190923353_41876558020697	Jermaine O'Neal Indiana Pacers Autographed Basketball 8x10 Photo	
shopify_CA_7795191152729_41876559167577	TJ Ford Toronto Raptors Autographed Basketball Net Cam 8x10 Photo	
shopify_CA_7795191349337_41876559855705	Lou Williams Toronto Raptors Autographed Retro Purple Spotlight 8x10 Photo	
shopify_CA_7795191513177_41876560117849	Pascal Siakam Toronto Raptors 2019 NBA Champion 20x24 Number Frame	
shopify_CA_7795191611481_41876560838745	Jermaine O'Neal Signed Toronto Raptors Basketball 11x14 Photo	
shopify_CA_7795191775321_41876561657945	Jonas Valanciunas Toronto Raptors Signed First NBA Game 8x10 Photo	
shopify_CA_7795191873625_41876561756249	Greivis Vasquez Toronto Raptors Autographed Basking in Glory 8x10 Photo	
shopify_CA_7795191939161_41876562018393	Demar Derozan Signed Toronto Raptors Aerial Hoop Graphic 19x23 Frame	
shopify_CA_7795192004697_41876562182233	Demar Derozan Toronto Raptors Signed Game 7 Playoff Win vs Heat 26x32 Frame	
shopify_CA_7795192168537_41876562935897	Andrea Bargnani Toronto Huskies Autographed Shooting 8x10 Photo	
shopify_CA_7802305871961_41894106038361	Bobby Hull Autographed Full Size Hockey Stick – Signed Legends of Hockey Display – NHL Collectible Memorabilia for Fans and Collectors	
shopify_CA_7802305937497_41894106103897	Gilbert Perreault Signed Full Size Hockey Stick – Autographed Old Timers Hockey Challenge Stick – Authentic NHL Memorabilia Display Piece	
shopify_CA_7802306134105_41894106300505	Gordie Howe Northland Custom Pro Full Size Collectible Hockey Stick – Mr. Hockey Tribute Stick with Facsimile Signature – NHL Memorabilia Display	
shopify_CA_7806221221977_41906177310809	Gordie Howe & Bobby Hull Signed 11x14 Limited Edition of 16 (28" by 24"), Autographed Collectible Memorabilia	
shopify_CA_7806221418585_41906177605721	Gordie Howe & Bobby Hull Signed 11x14 Limited Edition #1/16 (28" by 24"), Autographed Collectible Memorabilia	
shopify_CA_7806221549657_41906177802329	Gordie Howe & Bobby Hull Signed 11x14 Limited Edition #9/16 (28" by 24"), Autographed Collectible Memorabilia	
shopify_CA_7806221680729_41906178064473	Gordie Howe & Bobby Hull Signed 11x14 Limited Edition #16/16 (28" by 24"), Autographed Collectible Memorabilia	
shopify_CA_7806221811801_41906178326617	Gordie Howe & Bobby Hull Signed 16" x 20" Limited Edition of 16 (28" by 24"), Autographed Collectible Memorabilia	
shopify_CA_7806221942873_41906178523225	Gordie Howe & Bobby Hull Signed 16" x 20" Limited Edition #1/16 (28" by 24"), Autographed Collectible Memorabilia	
shopify_CA_7806222172249_41906178949209	Gordie Howe & Bobby Hull Signed 16" x 20" Limited Edition #16/16 (28" by 24"), Autographed Collectible Memorabilia	
shopify_CA_7806263853145_41906407768153	Wayne Gretzky Signature Plaque & Canvas – All Time Greats Oversized Framed Autograph (49.5" by 29.5")	
shopify_CA_7806263885913_41906407800921	Bobby Orr Signature Framed Plaque & Canvas – All Time Greats Oversized Hockey Autograph Display - GNR COA (49.5" by 29.5")	
shopify_CA_7806263918681_41906407833689	Mario Lemieux Signature Plaque & Canvas – All Time Greats Oversized Autographed Display (49.5" by 29.5")	
shopify_CA_7806263951449_41906407866457	Bobby Hull Signature Framed Plaque & Canvas – All Time Greats Oversized Autographed Tribute (49.5" by 29.5")	
shopify_CA_7806263984217_41906407899225	Gordie Howe Signature Plaque & Canvas – All Time Greats Oversized Hockey Legend Display (49.5" by 29.5")	
shopify_CA_7806264016985_41906407931993	Maurice Richard Signature Plaque & Canvas – All Time Greats Oversized Autograph Framed Display (49.5" by 29.5")	
shopify_CA_7810195390553_41921661927513	Dave Keon Autographed Toronto Maple Leafs Reverse Retro Blue Jersey – Signed NHL Hockey Memorabilia Collectible (Size L or XL)	
shopify_CA_7810195423321_41921662058585	Frank Mahovlich Autographed Toronto Maple Leafs Reverse Retro Blue Jersey – Signed NHL Hockey Memorabilia Collectible (Size L or XL)	
shopify_CA_7810195456089_41921662222425	Johnny Bower Autographed Toronto Maple Leafs Reverse Retro Blue Jersey – Signed NHL Hockey Memorabilia Collectible (Size L or XL)	
shopify_CA_7812321050713_41927512883289	Josh Anderson Columbus Blue Jackets Autographed Hockey Puck, Hand Signed, NHL	
shopify_CA_7812321280089_41927513440345	Rick Nash Columbus Blue Jackets Autographed Hockey Puck, Hand Signed, NHL	
shopify_CA_7812321345625_41927513669721	Rick Nash Columbus Blue Jackets Autographed Reebok Jersey, Hand Signed, NHL, Hockey	
shopify_CA_7812321411161_41927513899097	Patrik Laine Autographed Columbus Blue Jackets Uniform Graphic 19x23 Frame	
shopify_CA_7812321509465_41927514128473	Patrik Laine Columbus Blue Jackets Autographed Hockey Puck, Hand Signed, NHL	
shopify_CA_7817758900313_41943808344153	Shohei Ohtani Framed Canvas - 50th Home Run Record Moment - Los Angeles Baseball Star (33.5" by 23.5")	
shopify_CA_7817758965849_41943808540761	Shohei Ohtani Framed Canvas - 50th Stolen Base Historic Achievement - Los Angeles Baseball Icon (33.5" by 23.5")	
shopify_CA_7817758998617_41943808606297	Shohei Ohtani Framed Canvas - 50 HR / 50 SB Record Season - Legendary MLB Performance (33.5" by 23.5")	
shopify_CA_7818811146329_42799329017945	Wendel Clark Signed Toronto Maple Leafs Hockey Puck – Authentic Autographed NHL Collectible	
shopify_CA_7818811211865_41947931705433	Chicago Blackhawks Official NHL Hockey Puck – Team Logo Collectible	
shopify_CA_7818811375705_41947931902041	Eric Lindros Autographed & Inscribed Team Canada Jersey – HHOF Inscription – Signed Hockey Memorabilia Collectible (Size L or XL)	
shopify_CA_7818811441241_41947932262489	Wayne Gretzky Signed Los Angeles Kings Throwback Jersey M&n 1992-93 – UDA COA – The Great One Autographed NHL Collectible (Size L or XL)	
shopify_CA_7818811474009_41947932295257	Eddie Shack Autographed Toronto Maple Leafs Blue Jersey – Signed NHL Hockey Memorabilia Collectible (Size L or XL)	
shopify_CA_7818811637849_41947932459097	Bobby Orr Autographed Chicago Blackhawks White Jersey – Limited Edition 1/4 – GNR COA (Size L or XL)	
shopify_CA_7818811670617_41947932491865	Bobby Orr Autographed Chicago Blackhawks White Jersey – GNR COA – Signed NHL Hockey Memorabilia Collectible (Size L or XL)	
shopify_CA_7818811703385_41947932524633	Allan Stanley Autographed Toronto Maple Leafs Blue Jersey – Signed NHL Hockey Memorabilia Collectible (Size L or XL)	
shopify_CA_7818811736153_41947932557401	Vintage Full Size Hockey Stick Signed by 19 NHL Legends, Includes Tim Horton, Red Kelly, Dick Duff, and More	
shopify_CA_7818811834457_41947932622937	Oldtimers Hockey Challenge Full Size Goalie Stick, Autographed NHL Memorabilia Featuring 13 Signatures Including Billy Smith, Bryan Trottier	
shopify_CA_7818811932761_41947933147225	Jean BÉliveau Montreal Lithograph – Signed Ltd Edition /44 – Framed Hockey Artwork (26" x 24")	
shopify_CA_7818812588121_41947934916697	Joe Sakic Career Jersey #1 of 199 - Limited Edition Autographed NHL Memorabilia (Size L or XL) - Colorado Avalanche	
shopify_CA_7818812686425_41947935178841	Joe Sakic Career Jersey #19 of 199 - Limited Edition Autographed NHL Memorabilia (Size L or XL) - Colorado Avalanche	
shopify_CA_7818812719193_41947935211609	Joe Sakic Career Jersey #199 of 199, Autographed, Colorado (Size L or XL), Limited Edition Signed NHL Collectible, Hockey Memorabilia	
shopify_CA_7818812784729_41947935277145	Yvan Cournoyer Career Jersey #199 of 199, Autographed, Montreal Canadiens (Size L or XL), Limited Edition Premium Number Hockey Collectible	
shopify_CA_7818923409497_41948362571865	Teemu Selanne Autographed Winnipeg Jets Heritage Classic Jersey – Signed NHL Hockey Memorabilia Collectible (Size L or XL)	
shopify_CA_7818923442265_41948362604633	Bobby Hull Autographed Winnipeg Jets Heritage Classic Jersey – Signed NHL Hockey Memorabilia Collectible (Size L or XL)	
shopify_CA_7818923737177_41948364308569	William Shatner Signed 8" x 10" Star Trek Photo – Captain Kirk Autographed Sci-Fi Collectible	
shopify_CA_7818923769945_41948364341337	David Prowse Signed Star Wars 8" x 10" Photo – Darth Vader Autographed Collectible	
shopify_CA_7818923802713_41948364374105	Robert Jackson Signed 8" x 10" Historic JFK Moment Photo – Pulitzer Prize-Winning Shot	
shopify_CA_7820711821401_41955208986713	Mark Messier Edmonton Oilers Career Jersey Elite Edition #11 of 11 – Signed – (Size L or XL) – Autograph Authentic Limited Collectible	
shopify_CA_7820711952473_41955209838681	Mark Messier Career Jersey Elite Edition #1 of 11 – Autographed Edmonton Oilers Collectible – Limited Edition (Size L or XL)	
shopify_CA_7820712083545_41955210952793	Mark Messier Career Jersey #199 of 199 - Autographed - Edmonton Oilers Collectible (Size L or XL) – Limited Edition NHL Memorabilia	
shopify_CA_7820712181849_41955211411545	Mark Messier NY Rangers Career Jersey #11 of 199 – Autographed – (Size L or XL) – Limited Edition NHL Collectible	
shopify_CA_7820712312921_42875923005529	Collector’s Crate Mystery Box – Bobby Orr Super Series Collectible – Limited Edition Autographed Hockey Memorabilia - GNR COA (Only 10 Available)	
shopify_CA_7820712411225_42875923038297	Collector’s Crate Mystery Box – Guy Lafleur Super Series Collectible – Limited Edition Autographed Hockey Memorabilia (Only 10 Available)	
shopify_CA_7820712476761_41955212361817	Collector’s Crate Mystery Box – Bobby Hull Golden Series – Limited Edition /20 Autographed Collectible Hockey Memorabilia	
shopify_CA_7820712837209_41955214065753	Jean Beliveau Autographed Framed Lithograph – Limited Edition #1 of 600 – Montreal Canadiens Memorabilia (24" x 20")	
shopify_CA_7883764727897_42050757984345	Bobby Hull Autographed Artist Proof Framed Lithograph – Limited Edition 1 of 90 – Chicago Blackhawks Legend (27" x 23")	
shopify_CA_7913595633753_42839987978329	Water is Timeless - Framed Painting Print by Ryan Lewis - Limited Edition /77 (29.5 by 25.5)	
shopify_CA_7913595699289_42839988011097	Water is Timeless - Art Print by Ryan Lewis - Limited Edition /77 (22.5 by 18)	
shopify_CA_7927797907545_42234008666201	Ray Park Signed Darth Maul Framed Star Wars Collectible – Double Photo Display with Autograph (38.5" x 28")	
shopify_CA_7927797940313_42234008698969	David Prowse Autographed Darth Vader Framed Collector Display – Star Wars Signed Photo Wall Art (38.5" by 28")	
shopify_CA_7927797973081_42234008764505	Star Wars Empire Strikes Back Framed Photo – David Prowse Signed Darth Vader vs Luke Skywalker Lightsaber Duel (38.5" x 28")	
shopify_CA_7927798038617_42234008895577	Billy Dee Williams Signed Star Wars Collectible – Lando Calrissian & Boba Fett Empire Strikes Back Framed Photo (38.5" x 28")	
shopify_CA_7927798136921_42234009059417	Billy Dee Williams Signed Star Wars Collectible – Lando Calrissian Empire Strikes Back Betrayal Framed Photo (38.5" x 28")	
shopify_CA_7927798169689_42234009092185	Kenny Baker Autographed Star Wars R2-D2 Dagobah Scene, Framed Collectible Wall Art (38.5" x 28")	
shopify_CA_7927798235225_42234009157721	Anthony Daniels Signed Star Wars Collectible – C-3Po & R2-D2 Framed Tatooine Concept Art with Autograph (38.5" x 28")	
shopify_CA_7928719016025_42238333976665	Cassandra Peterson Signed Elvira Macabre Mobile 8" x 10" Autographed Photo Cult Horror Pop Culture Collectible (10" x 8")	
shopify_CA_7928719114329_42238334107737	Cassandra Peterson Signed Elvira Mistress of the Dark 8" x 10" Autographed Photo Cult Classic Horror Collectible (10" x 8")	
shopify_CA_7928719179865_42238334206041	Nichelle Nichols Signed Lieutenant Uhura 8" x 10" Autographed Photo Star Trek Original Series Sci Fi Collectible (10" x 8")	
shopify_CA_7928719245401_42238334271577	Stan Lee Autographed Iron Man First Appearance Framed Collector Display – Marvel Collectible Wall Art (38.5" x 28") – Rare Collector's Item	
shopify_CA_7928719310937_42238334468185	Stan Lee Autographed Iron Man Framed Vertical Collector Display – Marvel Collectible (38.5" x 28") – Rare Collector's Item	
shopify_CA_7928719343705_42238334500953	Stan Lee Autographed Thor First Appearance Framed Collector Display – Marvel Collectible Art (38.5" x 28") – Rare Collector's Item	
shopify_CA_7928719442009_42238335090777	Elijah Wood Signed the Lord of the Rings Autographed Framed Collector Display – Frodo Baggins Movie Memorabilia (38.5" x 28")	
shopify_CA_7928719474777_42238335123545	Elijah Wood Autographed the Lord of the Rings Framed Collector Display – Frodo Baggins Middle-Earth Memorabilia (38.5" x 28")	
shopify_CA_7928719507545_42238335156313	William Shatner & Leonard Nimoy Dual Signed Star Trek: The Motion Picture Autographed Framed Collectible Print	
shopify_CA_7928719540313_42238335189081	Patrick Stewart Signed Star Trek: Nemesis Autographed Framed Collectible Display	
shopify_CA_7928719638617_42238335287385	Star Wars R2-D2 & Yoda Dagobah Autographed Framed Display – Kenny Baker Signed Collectible Empire Strikes Back Memorabilia (38.5" x 28")	
shopify_CA_7928719671385_42238335320153	Tricia Helfer Signed Battlestar Galactica Autographed Framed Display – Authentic Number Six Sci-Fi Television Memorabilia (38.5" x 28")	
shopify_CA_7928719704153_42238335352921	Tricia Helfer Autographed Battlestar Galactica Spaceship Framed Collector Display – Number Six Signed Photo, Sci-Fi Wall Art (38.5" by 28")	
shopify_CA_7928719769689_42238335713369	Ron Perlman Autographed Sons of Anarchy Framed Collector Display – Clay Morrow Signed Photo with AK-47, TV Memorabilia Wall Art (38.5" by 28")	
shopify_CA_7928719867993_42238335909977	Ron Perlman Autographed Sons of Anarchy Framed Motorcycle Photo Display – Clay Morrow Signed, Samcro Collector Art (38.5" by 28")	
shopify_CA_7928719900761_42238335942745	The Walking Dead Framed Collector Display Autographed by Michael Rooker – Merle Dixon Signed Photo, Horror TV Wall Art (38.5" by 28")	
shopify_CA_7930866729049_42247200243801	Michael Rooker Autographed the Walking Dead Framed Collector Display – Merle Dixon Signed Photo, Post-Apocalyptic TV Art (38.5" by 28")	
shopify_CA_7930866761817_42247200276569	Bobby Hull Winnipeg Jets Career Jersey, Golden Jet Blue Alternate, Autographed Collectible, Limited Edition /9	
shopify_CA_7930866860121_42247200440409	Bobby Hull Winnipeg Jets Blue Alternate Career Jersey – Limited Edition #1 of 9 – Autographed NHL Collectible (Size L or XL)	
shopify_CA_7932156280921_42251533877337	Patrick Stewart Signed x-Men Professor Charles Xavier Autographed Framed Display, Authentic Marvel Superhero Memorabilia Featuring Wolverine	
shopify_CA_7937804828761_42271713493081	Guy Lafleur Montreal Canadiens Career Jersey, The Flower Red Edition, Autographed NHL Collectible, Limited Edition /10	
shopify_CA_7937805058137_42875927003225	Collector’s Crate Mystery Box – Career Jerseys Series – Limited Edition /30 Autographed NHL Jerseys & Rare Hockey Memorabilia	
shopify_CA_7937806270553_42271725027417	Guy Lafleur Montreal Canadiens Career Jersey, The Flower White Edition, Autographed Collectible, Limited Edition /10	
shopify_CA_7944235417689_42298057785433	Alexander Ovechkin Signed Washington Capitals White Jersey – Goal Record Edition 895 Career Goals – Limited Edition /8 (Size L or XL)	
shopify_CA_7944235450457_42298057818201	Alexander Ovechkin Signed Washington Capitals Red Jersey – Goal Record Edition 895 Career Goals – Limited Edition /8 (Size L or XL)	
shopify_CA_7950288486489_42325706670169	Joe Daley Autographed Winnipeg Jets Fanatics Throwback Jersey	
shopify_CA_7950288715865_42325706997849	Cole Perfetti Signed Winnipeg Jets White Adidas Jersey, Autographed, NHL, Hockey	
shopify_CA_7950288879705_42325707161689	Cole Perfetti Signed Winnipeg Jets Alt Retro Fanatics Premium Jersey	
shopify_CA_7950289043545_42325707358297	Mark Scheifele Autographed Winnipeg Jets Fanatics Premium Jersey	
shopify_CA_7950289240153_42325707587673	Kyle Connor Signed Winnipeg Jets White Fanatics Premium Jersey, Autographed, NHL, Hockey	
shopify_CA_7950289305689_42325707751513	Kyle Connor Autographed Winnipeg Jets Puck Logo 28x30 Frame, Hand Signed, NHL, Hockey	
shopify_CA_7950289338457_42325707784281	Connor McMichael Signed Washington Capitals Heritage Hockey 8x10 Photo	
shopify_CA_7950289403993_42325707882585	Connor McMichael Signed Washington Capitals Fanatics Breakaway Jersey	
shopify_CA_7950289436761_42325707915353	Tom Wilson Autographed Washington Capitals Slapshot 8x10 Photo	
shopify_CA_7950289600601_42325708111961	Mitch Marner Autographed Toronto Maple Leafs Graphic Rink 19x23 Frame	
shopify_CA_7950289633369_42325708144729	Mitch Marner Autographed Royal Blue CCM Hockey Helmet, Hand Signed, Toronto Maple Leafs, NHL	
shopify_CA_7950289666137_42325708177497	Morgan Rielly Autographed Toronto Maple Leafs Fanatics Premium Jersey	
shopify_CA_7950289731673_42325708308569	Mitch Marner Signed Toronto Maple Leafs Official Game Puck, Autographed, NHL, Hockey	
shopify_CA_7950289764441_42325708341337	Oliver Ekman-Larsson Signed Maple Leafs Drew House Fanatics Breakaway Jersey	
shopify_CA_7950289829977_42325708406873	Oliver Ekman-Larsson Signed Toronto Maple Leafs Point Shot 8x10 Photo	
shopify_CA_7950289862745_42325708537945	Auston Matthews Authentic Game Used Hockey Stick Collector Puck #/69	
shopify_CA_7950289928281_42325708669017	Jack Campbell Signed Toronto Maple Leafs Goalie Mask Profile 11x14 Photo	
shopify_CA_7950289993817_42325708734553	Steven Stamkos Signed Tampa Bay Lightning Uniform Graphic 26x32 Frame	
shopify_CA_7950290026585_42325708767321	Brayden Schenn Signed St. Louis Blues Sheet Music Heritage Adidas Jersey	
shopify_CA_7950290059353_42325708832857	Victor Hedman Autographed Tampa Bay Lightning Fanatics Premium Jersey	
shopify_CA_7950290092121_42325708865625	Brayden Schenn St. Louis Blues Autographed 2019 Stanley Cup Adidas Jersey	
shopify_CA_7950290157657_42325708931161	Brady Tkachuk Autographed Ottawa Senators Centre Ice Logo 26x32 Frame	
shopify_CA_7950290288729_42325709127769	William Karlsson Vegas Golden Knights Signed 2023 Stanley Cup Adidas Jersey	
shopify_CA_7950290452569_42325709324377	Sergei Bobrovsky Autographed Florida Panthers Playoff Finals 8x10 Photo	
shopify_CA_7950290485337_42325709357145	Sam Reinhart Autographed Florida Panthers Hockey Puck, Hand Signed, NHL	
shopify_CA_7950290550873_42325709422681	Sergei Bobrovsky Autographed Florida Panthers Fanatics Premium Jersey	
shopify_CA_7950290616409_42325709488217	Matthew Tkachuk Autographed Florida Panthers Fanatics Premium Jersey	
shopify_CA_7950290649177_42325709520985	Sam Reinhart Autographed Florida Panthers Cup Champion 23x27 Frame	
shopify_CA_7950290681945_42325709586521	Blake Wheeler Winnipeg Jets Autographed Official Game Puck, Hand Signed, NHL, Hockey	
shopify_CA_7950290714713_42325709619289	Blake Wheeler Winnipeg Jets Autographed Hockey Puck, Hand Signed, NHL	
shopify_CA_7950290747481_42325709652057	Nikolaj Ehlers Winnipeg Jets Autographed Hockey Puck, Hand Signed, NHL	
shopify_CA_7950290813017_42325709717593	Kevin Fiala Signed Los Angeles Kings Hockey 8x10 Photo, Autographed, NHL, Photograph	
shopify_CA_7950290845785_42325709783129	Kevin Fiala Autographed Los Angeles Kings Hockey Puck, Hand Signed, NHL	
shopify_CA_7957955182681_42359260348505	Auston Matthews Slapshot Toronto NHL Licensed Hockey Poster Print, Collectible Wall Art Decor Featuring Star Player	
shopify_CA_7957955248217_42359260577881	Auston Matthews Slapshot Toronto Hockey NHL Licensed Wrapped Canvas, Wall Art Decor for Sports Enthusiasts, Collectible Print Tribute of Star Player	
shopify_CA_7957955313753_42359260741721	Connor McDavid and Leon Draisaitl Edmonton NHL Licensed Collectible Wrapped Canvas Artwork Hockey Poster Wall Decor Gift Memorabilia Display (16"X20")	
shopify_CA_7957955412057_42359260840025	Wayne Gretzky and Connor McDavid Edmonton NHL Licensed Collectible Wrapped Canvas	
shopify_CA_7957955510361_42359262347353	Alexander Ovechkin Record Breaking Goal #895 NHL Washington Licensed Framed Collectible Capitals Poster Memorabilia Wall Art Hockey Decor the Great 8	
shopify_CA_7957955575897_42359262412889	Alexander Ovechkin Record Breaking Goal #895 NHL Washington NHL Licensed Collectible Wrapped Canvas Poster Memorabilia Wall Art Capitals Hockey the	
shopify_CA_7959220551769_42363436433497	Stan Lee Signed Journey Into Mystery #83 Thor First Appearance 8" x 10" Autographed Photo Marvel Comics Historic Collectible (10" x 8")	
shopify_CA_7959220617305_42363436662873	Stan Lee Signed Tales of Suspense #39 Iron Man First Appearance 8" x 10" Autographed Photo Marvel Comics Historic Collectible (10" x 8")	
shopify_CA_7959220879449_42363437219929	Elijah Wood Signed Frodo Baggins Lord of the Rings 8" x 10" Autographed Photo Fantasy Movie Collectible (10" x 8") – Authentic Signed Memorabilia	
shopify_CA_7959220944985_42363437645913	Elijah Wood Signed Frodo vs Shelob Lord of the Rings 8" x 10" Autographed Photo Fantasy Movie Memorabilia Collectible (10" x 8")	
shopify_CA_7959221076057_42363438202969	William Shatner & Leonard Nimoy Signed Star Trek The Motion Picture 8" x 10" Autographed Photo Sci-Fi Collectible (10" x 8")	
shopify_CA_7959221141593_42363438530649	Patrick Stewart Signed Star Trek Nemesis 8" x 10" Autographed Photo Sci-Fi Collectible Memorabilia Display (10" x 8")	
shopify_CA_7959221207129_42363438596185	Billy Dee Williams Signed Star Wars 8" x 10" Pose Photo – Lando Calrissian Autograph Collectible	
shopify_CA_7959221272665_42363438727257	Patrick Stewart Signed x-Men Professor x 8" x 10" Autographed Photo Marvel Comics Movie Collectible (10" x 8") – Authentic Signed Memorabilia	
shopify_CA_7959221305433_42363438760025	Tricia Helfer Signed Battlestar Galactica Number Six 8" x 10" Photo – Sci-Fi TV Collectible Autograph	
shopify_CA_7959221338201_42363438792793	Tricia Helfer Signed Battlestar Galactica Tanktop Look 8" x 10" Photo – Authentic Sci-Fi Autograph Collectible	
shopify_CA_7959221403737_42363438858329	Ron Perlman Signed Sons of Anarchy Clay Morrow AK-47 8" x 10" Photo – Authentic Outlaw Biker Autograph	
shopify_CA_7959221436505_42363438891097	Ron Perlman Signed Sons of Anarchy Club Jacket 8" x 10" Photo – Authentic Biker TV Show Collectible	
shopify_CA_7959221469273_42363438923865	Michael Rooker Signed Walking Dead Merle Dixon 8" x 10" Photo – Authentic Zombie Apocalypse Collectible	
shopify_CA_7972011802713_42415773188185	Grant Fuhr Signed Edmonton Oilers Jersey, Autographed, NHL, Hockey	
shopify_CA_7972011835481_42415773220953	Toronto Maple Leafs Multi-Signed Home CCM Jersey - 14 Signatures	
shopify_CA_7972011868249_42415773253721	Aaron Ekblad Signed Florida Panthers Jersey, Autographed, NHL, Hockey	
shopify_CA_7972011933785_42415773319257	Curtis Joseph Signed Toronto Maple Leafs Home Jersey, Autographed, NHL, Hockey	
shopify_CA_7972011966553_42415773417561	Peter Mahovlich Signed Montreal Canadiens Puck, Autographed, NHL, Hockey	
shopify_CA_7972011999321_42415773450329	Frederik Andersen Signed Toronto Maple Leafs Puck, Autographed, NHL, Hockey	
shopify_CA_7972012064857_42415773548633	Nazem Kadri Signed Toronto Maple Leafs Stadium Series Jersey, Autographed, NHL, Hockey	
shopify_CA_7972012097625_42415773581401	Mitch Marner Signed Toronto Maple Leafs Arenas Jersey, Autographed, NHL, Hockey	
shopify_CA_7974843121753_42425878708313	Mike Tyson Autographed Right-Hand Boxing Glove – Iconic Signed Sports Memorabilia for Boxing Fans and Collectors	
shopify_CA_7981576945753_42451273547865	Stan Lee Signed Avengers #1 8" x 10" Comic Cover Photo – Marvel Autograph Collectible with COA	
shopify_CA_7981577175129_42451274399833	Stan Lee Signed Avengers #1 Framed Marvel Collectible – Vintage Comic Poster Art Display (38.5" x 28")	
shopify_CA_7981577502809_42451274956889	Collector’s Crate Mystery Box – Comic Book Series 5 – Limited Edition /20 Signed Comic Collectibles & Rare Autographed Memorabilia	
shopify_CA_7981577633881_42451275120729	Mark Messier Autographed Edmonton Oilers Blue Jersey – Signed NHL Hockey Memorabilia Collectible (Size L or XL)	
shopify_CA_8006849953881_42578806833241	Banksy Could You Be Banksy? – Street Art Canvas Wall Art (33.5" by 23.5") Urban Pop Culture DÉCOR	
shopify_CA_8006849986649_42578808242265	Banksy Dream Big Dreams – Inspirational Street Art Canvas (33.5" by 23.5") Motivational Graffiti Wall Decor	
shopify_CA_8006884065369_42579574980697	Lanny McDonald Autographed Toronto Maple Leafs Blue Jersey – Signed NHL Hockey Memorabilia Collectible (Size L or XL)	
shopify_CA_8006887735385_42579605061721	Stan Lee Signed Hulk #1 8" x 10" Comic Cover Photo – Marvel Autograph Collectible with COA	
shopify_CA_8039533936729_42708602421337	Paul Henderson & Yvan Cournoyer Signed Team Canada 1972 Lithograph	
shopify_CA_8039537115225_42708618838105	Framed Canvas Wall Art, Aaron Judge New York Yankees #99 Horizontal Action Shot	
shopify_CA_8051430129753_42747806515289	Mark Scheifele Autographed Winnipeg Jets Hockey Puck, Hand Signed, NHL	
shopify_CA_8052467630169_42751428001881	Vladimir Guerrero Jr. Batting – Framed Canvas Wall Art, Toronto Blue Jays Baseball - 33.5" x 23.5"	
shopify_CA_8052467826777_42751428231257	Vladimir Guerrero Jr. 2025 Alcs Championship Moments – Toronto Blue Jays Baseball Framed Collage Canvas - 33.5" x 23.5"	
shopify_CA_8052467859545_42751428296793	Vladimir Guerrero Jr. 2025 Alcs Celebration – Toronto Blue Jays Baseball Framed Canvas Wall Art - 33.5" x 23.5"	
shopify_CA_8063595118681_42798542356569	Trey Yesavage Rookie Record Setting Game 5 - 2025 World Series vs L.A. Dodgers – Toronto Blue Jays Baseball Framed Canvas Wall Art - 33.5" x 23.5"	
shopify_CA_8073926705241_42819964698713	Leonard Nimoy Autographed Photo - Spock with Phaser 8x10 Signed 8x10 Photo Collectible Display	
shopify_CA_8073926738009_42819964731481	James Doohan Autographed Photo - Montgomery Scott 8x10 Signed 8x10 Photo Collectible Display	
shopify_CA_8073926770777_42819964764249	Patrick Stewart Autographed Nemesis Photo - Captain Picard 8x10 Signed 8x10 Photo Collectible Display	
shopify_CA_8073926803545_42819964797017	Ethan Phillips Autographed Voyager Photo - Neelix 8x10 Signed 8x10 Photo Collectible Display	
shopify_CA_8073926836313_42819964829785	Jeri Ryan Autographed Voyager Photo - Seven of Nine 8x10 Signed 8x10 Photo Collectible Display	
shopify_CA_8073926901849_42819964895321	Jeri Ryan Autographed Voyager Photo - Seven of Nine Blue Background 8x10 Signed 8x10 Photo Collectible Display	
shopify_CA_8073926934617_42819964928089	Kate Mulgrew Autographed Voyager Photo - Captain Janeway 8x10 Signed 8x10 Photo Collectible Display	
shopify_CA_8073926967385_42819964960857	Kate Mulgrew Autographed Voyager Photo - Captain Janeway on Bridge 8x10 Signed 8x10 Photo Collectible Display	
shopify_CA_8073927000153_42819964993625	Nichelle Nichols Autographed Photo - Lt. Uhura 8x10 (Horizontal) Signed 8x10 Photo Collectible Display	
shopify_CA_8073927032921_42819966173273	Nicole de Boer Autographed Deep Space Nine Photo - Ezri Dax 8x10 Signed 8x10 Photo Collectible Display	
shopify_CA_8073927065689_42819966206041	Nichelle Nichols as Lieutenant Uhura Signed Display with Enterprise Starship (38" x 28") – Framed Autographed Wall Art Collectible	
shopify_CA_8073927098457_42819966271577	Patrick Stewart as Captain Jean-Luc Picard Signed Display with Enterprise-D Starship (38" x 28") – Framed Autographed Wall Art Collectible	
shopify_CA_8073927163993_42819966304345	Alexander Ovechkin Autographed Washington Capitals 2012 Alternate Jersey – Signed NHL Hockey Memorabilia Collectible (Size L or XL)	
shopify_CA_8078245396569_42831789424729	Kenny Baker Signed 8" x 10" Star Wars R2-D2 Photo – Autographed Sci-Fi Collectible	
shopify_CA_8078245494873_42831789588569	Bobby Hull Autographed Championship Cup 8" x 10" Colour Photograph – Chicago Blackhawks NHL Signed Collectible (8" x 10")	
shopify_CA_8078245527641_42831789621337	Nathan MacKinnon Autographed Team Canada 2025 4 Nations Championship Celebration 16x20 Photo	
shopify_CA_8078245625945_42831789785177	Paul Coffey Autographed Orange Elite Edition Career Jersey – Edmonton Oilers – Limited Edition of 7 – NHL Hockey Collectible (Size L or XL)	
shopify_CA_8078245789785_42831790375001	Bobby Orr Career Jersey Signed Championship Cup Edition #1 of 4 - Boston Hockey (Size L or XL) - Autographed Limited Edition Collectible	
shopify_CA_8083108036697_42852840800345	Mats Sundin Autographed Toronto Maple Leafs White Jersey – Signed NHL Hockey Collectible Memorabilia (Size L or XL)	
shopify_CA_8083108069465_42852840833113	Leon Draisaitl Autographed Edmonton Oilers White Jersey – Signed NHL Hockey Memorabilia Collectible (Size L or XL)	
shopify_CA_8090989854809_42875935326297	Bobby Hull Autographed Framed Lithograph – Limited Edition 7 of 909 – Chicago Blackhawks NHL Collectible (27" x 23")	
shopify_CA_8090989887577_42875935359065	Bobby Hull Signed Artist Proof Framed Lithograph – Limited Edition 16 of 90 – Chicago Blackhawks Memorabilia (27" x 23")	
shopify_CA_8090989953113_42875935424601	Bobby Hull Signed Artist Proof Lithograph – Limited Edition 90 of 90 – Framed NHL Collectible (27" x 23")	
shopify_CA_8090989985881_42875935457369	Bobby Hull Autographed Artist Proof Lithograph – Limited Edition 9 of 90 – Framed NHL Art (27" x 23")	
shopify_CA_8090990018649_42875935490137	Bobby Hull Autographed Player Proof Lithograph – Limited Edition 1 of 9 – Framed NHL Treasure (27" x 23")	
shopify_CA_8090990051417_42875935522905	Mitch Marner Autographed Las Vegas Golden Knights Jersey – Signed NHL Hockey Memorabilia Collectible (Size L or XL)	
shopify_CA_8090990084185_42875935555673	Bobby Orr Autographed Boston Bruins White Adidas Jersey – Limited Edition 1/4 – GNR COA (Size L or XL)	
shopify_CA_8098267758681_42898907299929	Collector’s Crate Mystery Box – Comic Book Series 6 – Limited Edition /20 - Vintage Comics, Collectibles, Graded Cards & Rare Autographed Memorabilia	
shopify_CA_8111722823769_42942556438617	Heather Langenkamp Autographed 8x10 Horror Film Photograph Hand Signed Nightmare Street Scene Image	
shopify_CA_8140060852313_43052229394521	Framed Art Print by Maud Lewis Digby Harbour Folk Art Painting Flat Style Maritime Wall Decor 24 x 28 Inches	
shopify_CA_8140060885081_43052229427289	Framed Art Print by Maud Lewis Hummingbirds Folk Art Painting Flat Style Wall Decor 24 x 28 Inches	
shopify_CA_8140060917849_43052229460057	Framed Art Print by Maud Lewis Three Black Cats Folk Art Painting Flat Style Wall Decor 24 x 28 Inches	
shopify_CA_8140060983385_43052229656665	Framed Art Print by Maud Lewis Three White Cats Folk Art Painting Flat Style Wall Decor 24 x 28 Inches	
shopify_CA_8140061016153_43052229689433	Framed Art Print by Maud Lewis Yellow Birds Folk Art Painting Flat Style Wall Decor 24 x 28 Inches	
shopify_CA_8176586915929_43176023752793	Muhammad Ali & Autographed by Joe Frazier 8x10 Boxing Photograph Hand Signed Heavyweight Fight Image	
shopify_CA_8176587571289_43176025948249	Heart of the Blackhawks Book Signed by Pierre Pilote, Autographed Hockey Memoir Hardcover 9 x 6 Inches	
shopify_CA_8176587604057_43176025981017	Heart of the Blackhawks Softcover Book Signed by Pierre Pilote, Autographed Hockey Memoir 9 x 6 Inches	
shopify_CA_8176589340761_43176028733529	Toronto Hockey Licensed Fan Collectible Jersey Autographed by Johnny Bower Blue Hockey Style Top Adult Unisex Size Large	
shopify_CA_8176589406297_43176028799065	Toronto Hockey Licensed Fan Collectible Jersey Autographed by Johnny Bower Blue Hockey Style Top Adult Unisex Size x-Large	
shopify_CA_8176589570137_43176028962905	Matthew Knies Autographed Toronto Maple Leafs Blue Jersey – Signed NHL Hockey Memorabilia Collectible (Size L or XL)	
shopify_CA_8176589701209_43176029093977	Bobby Orr Autographed Boston Bruins White Adidas Jersey – Limited Edition 2/4 – GNR COA (Size L or XL)	
shopify_CA_8176589733977_43176029126745	Bobby Orr Autographed Boston Bruins White Jersey – Limited Edition #3/4 – GNR COA (Size L or XL)	
shopify_CA_8182527131737_43195097612377	Michael Jordan 1 of 23 Career Jersey Signed Chicago Bulls Goat Limited Edition Basketball Collectible with COA	
shopify_CA_8182527197273_43195097710681	Michael Jordan Limited Edition 23 Career Jersey Signed Chicago Bulls Goat Basketball Collector Piece with Certificate of Authenticity	
shopify_CA_8182527262809_43195097841753	Michael Jordan 23 of 23 Career Jersey Autographed Chicago Bulls Final Edition Basketball Memorabilia Certificate of Authenticity	
shopify_CA_8182527328345_43195097907289	Muhammad Ali Autographed Boxing Shorts 40 x 40 Gold Frame Sepia Career Collage Shadowbox One of a Kind Framed Sports Memorabilia Display	
shopify_CA_8182527361113_43195097972825	Muhammad Ali Autographed Boxing Shorts 40 x 40 Silver Frame Black White Career Collage Shadowbox One of a Kind Framed Memorabilia	
shopify_CA_8199274332249_43244404473945	Shane Doan Arizona Coyotes Autographed Puck with 972 Points Note	
shopify_CA_8199274365017_43244404506713	Oliver Ekman-Larsson Arizona Coyotes Autographed Hockey Puck	
shopify_CA_8199274397785_43244404539481	Clayton Keller Signed Arizona Coyotes Kachina Logo Game Puck, Autographed, NHL, Hockey	
shopify_CA_8199274430553_43244404572249	J.S. Giguere Autographed Anaheim Ducks Hockey Puck	
shopify_CA_8199274463321_43244404605017	Mason McTavish Signed Anaheim Ducks Official Game Puck, Autographed, NHL, Hockey	
shopify_CA_8199274496089_43244404637785	Ryan Getzlaf Anaheim Ducks Autographed 2007 Stanley Cup Puck, Hand Signed, NHL, Hockey	
shopify_CA_8199274528857_43244404670553	Teemu Selanne Anaheim Ducks Autographed Hockey Puck with 07 Cup Note	
shopify_CA_8199274561625_43244404703321	Teemu Selanne Anaheim Ducks Signed Hockey Puck with HOF Note	
shopify_CA_8199274627161_43244404867161	Chris Pronger Anaheim Ducks Autographed 2007 Stanley Cup Puck	
shopify_CA_8199274659929_43244404899929	Adam Henrique Anaheim Ducks Autographed Official Game Puck, Hand Signed, NHL, Hockey	
shopify_CA_8199274692697_43244404932697	Don Cherry Boston Bruins Autographed Hockey Puck, Hand Signed, NHL	
shopify_CA_8199274725465_43244404965465	Adam Oates Signed Boston Bruins Hockey Puck with HOF Note	
shopify_CA_8199274791001_43244405031001	Andy Moog Boston Bruins Autographed Hockey Puck, Hand Signed, NHL	
shopify_CA_8199274823769_43244405063769	Bobby Orr & Ray Bourque Dual Signed Boston Bruins Puck, Autographed, NHL, Hockey	
shopify_CA_8199274856537_43244405096537	Brian Leetch Boston Bruins Autographed Hockey Puck, Hand Signed, NHL	
shopify_CA_8199274889305_43244405129305	Tim Thomas Autographed Boston Bruins Hockey Puck, Hand Signed, NHL	
shopify_CA_8199274954841_43244405194841	Woody Dumart Boston Bruins Autographed Hockey Puck, Hand Signed, NHL	
shopify_CA_8199275020377_43244405260377	Paul Coffey Boston Bruins Signed Hockey Puck with HOF Note	
shopify_CA_8199275053145_43244405293145	Phil Esposito Signed Boston Bruins Hockey Puck with HOF Note	
shopify_CA_8199275085913_43244405325913	Ray Bourque Autographed Boston Bruins Hockey Puck, Hand Signed, NHL	
shopify_CA_8199275118681_43244405358681	Ray Bourque Signed Boston Bruins Puck with 5 x Norris Note, Autographed, NHL, Hockey	
shopify_CA_8199275151449_43244405391449	Ray Bourque Signed Boston Bruins Puck with Career Points Note, Autographed, NHL, Hockey	
shopify_CA_8199275184217_43244405424217	Pat LaFontaine Signed Buffalo Sabres Puck with HOF Note, Autographed, NHL, Hockey	
shopify_CA_8199275216985_43244405456985	Tom Barrasso Buffalo Sabres Autographed Hockey Puck, Hand Signed, NHL	
shopify_CA_8199275249753_43244405489753	Sam Reinhart Buffalo Sabres Autographed Hockey Puck, Hand Signed, NHL	
shopify_CA_8199275282521_43244405522521	Gabriel Landeskog Signed Colorado Avalanche Puck with ROY Note, Autographed, NHL, Hockey	
shopify_CA_8199275315289_43244405555289	Jarome Iginla Signed Colorado Avalanche Puck with HOF Note, Autographed, NHL, Hockey	
shopify_CA_8199275380825_43244405620825	Devon Toews Autographed Colorado Avalanche Official Game Puck	
shopify_CA_8199275413593_43244405653593	Alexandar Georgiev Autographed Colorado Avalanche Official Game Puck	
shopify_CA_8199275446361_43244405686361	Mikko Rantanen Colorado Avalanche Autographed Official Game Puck	
shopify_CA_8199275511897_43244405751897	Ray Bourque Signed Colorado Avalanche 2001 Stanley Cup Puck, Autographed, NHL, Hockey	
shopify_CA_8199275544665_43244405784665	Ray Bourque Colorado Avalanche Autographed Hockey Puck, Hand Signed, NHL	
shopify_CA_8199275577433_43244405817433	Theo Fleury Chicago Blackhawks Autographed Hockey Puck, Hand Signed, Theoren Fleury, NHL	
shopify_CA_8199275610201_43244405850201	Denis Savard Signed Chicago Blackhawks Hockey Puck with HOF Note	
shopify_CA_8199275642969_43244405882969	Chris Chelios Chicago Blackhawks Autographed Hockey Puck with HOF Note	
shopify_CA_8199275675737_43244405915737	Bobby Orr Autographed Chicago Blackhawks Puck, Hand Signed, NHL, Hockey	
shopify_CA_8199275806809_43244406341721	Jonathan Toews Chicago Blackhawks Autographed Hockey Puck, Hand Signed, NHL	
shopify_CA_8199275839577_43244406374489	Doug Gilmour Autographed Chicago Blackhawks Puck with HOF Note	
shopify_CA_8199275872345_43244406407257	Glenn Hall Chicago Blackhawks Signed Hockey Puck with HOF Note	
shopify_CA_8199275905113_43244406440025	Sergei Bobrovsky Columbus Blue Jackets Signed Hockey Puck, Autographed, NHL	
shopify_CA_8199275937881_43244406472793	Oliver Bjorkstrand Columbus Blue Jackets Autographed Hockey Puck	
shopify_CA_8199275970649_43244406505561	Lanny McDonald Signed 1989 Calgary Flames Stanley Cup Champion Puck	
shopify_CA_8199276003417_43244406538329	Lanny McDonald Signed Calgary Flames Puck with HOF Note, Autographed, NHL, Hockey	
shopify_CA_8199276036185_43244406571097	Lanny McDonald Signed Calgary Flames Puck with 500 Goal Note, Autographed, NHL, Hockey	
shopify_CA_8199276068953_43244406603865	Joe Mullen Signed Calgary Flames Hockey Puck with HOF Note	
shopify_CA_8199276101721_43244406636633	Jarome Iginla Signed Calgary Flames Puck with Rocket Note, Autographed, NHL, Hockey	
shopify_CA_8199276134489_43244406669401	Doug Gilmour Autographed Calgary Flames Puck with HOF Note	
shopify_CA_8199276200025_43244406734937	Grant Fuhr Signed Calgary Flames Puck with HOF Note, Autographed, NHL, Hockey	
shopify_CA_8199276232793_43244406767705	Lanny McDonald Signed Colorado Rockies Puck with HOF Note, Autographed, NHL, Hockey	
shopify_CA_8199276265561_43244406800473	Don Cherry Autographed Colorado Rockies Retro Logo Puck, Hand Signed, NHL, Hockey	
shopify_CA_8199276298329_43244406833241	Dino Ciccarelli Detroit Red Wings Autographed Hockey Puck with HOF Note	
shopify_CA_8199276331097_43244406866009	Alex Delvecchio Detroit Red Wings Signed Hockey Puck with HOF Note	
shopify_CA_8199276363865_43244406898777	Chris Chelios Signed Detroit Red Wings 2002 Stanley Cup Puck, Autographed, NHL, Hockey	
shopify_CA_8199276396633_43244406931545	Chris Chelios Detroit Red Wings Autographed Hockey Puck with HOF Note	
shopify_CA_8199276429401_43244406964313	Red Kelly Detroit Red Wings Signed Hockey Puck with HOF Note	
shopify_CA_8199276462169_43244406997081	Steve Yzerman Signed Detroit Red Wings Puck with 98 Conn Smythe Note	
shopify_CA_8199276494937_43244407029849	Steve Yzerman Autographed Detroit Red Wings Hockey Puck, Hand Signed, NHL	
shopify_CA_8199276527705_43244407062617	Steve Yzerman Autographed Detroit Red Wings 1997 Stanley Cup Puck	
shopify_CA_8199276560473_43244407095385	Ted Lindsay Detroit Red Wings Signed Hockey Puck with HOF Note	
shopify_CA_8199276593241_43244407128153	Todd Bertuzzi Detroit Red Wings Signed Autographed Hockey Puck	
shopify_CA_8199276626009_43244407160921	Marcel Dionne Signed Detriot Red Wings Hockey Puck with HOF Note	
shopify_CA_8199276691545_43244407226457	Luc Robitaille Detroit Red Wings Autographed 2002 Stanley Cup Puck	
shopify_CA_8199276724313_43244407259225	Paul Henderson Detroit Red Wings Autographed Hockey Puck, Hand Signed, NHL	
shopify_CA_8199276757081_43244407291993	Paul Coffey Detroit Red Wings Signed Hockey Puck with HOF Note	
shopify_CA_8199276822617_43244407357529	Mike Vernon Autographed Detroit Red Wings 1997 Stanley Cup Puck	
shopify_CA_8199276855385_43244407390297	Marty Turco Autographed Dallas Stars Hockey Puck, Hand Signed, NHL	
shopify_CA_8199276888153_43244407423065	Andy Moog Autographed Dallas Stars Retro Logo Puck, Hand Signed, NHL, Hockey	
shopify_CA_8199276920921_43244407455833	Grant Fuhr Signed Edmonton Oilers Official Game Puck, Autographed, NHL, Hockey	
shopify_CA_8199276953689_43244407619673	Grant Fuhr Signed Edmonton Oilers Puck with HOF Note, Autographed, NHL, Hockey	
shopify_CA_8199277019225_43244407750745	Grant Fuhr Signed Edmonton Oilers Puck with 5 Cups Note, Autographed, NHL, Hockey	
shopify_CA_8199277117529_43244407947353	Andy Moog Signed Edmonton Oilers 1985 Champions Puck with Cup Note	
shopify_CA_8199277150297_43244407980121	Andy Moog Signed Edmonton Oilers 1987 Champions Puck with Cup Note	
shopify_CA_8199277183065_43244408012889	Chris Pronger Autographed Edmonton Oilers Puck with HOF Note	
shopify_CA_8199277215833_43244408045657	Aaron Ekblad Florida Panthers Signed & Inscribed ROY 15 Puck, Autographed, NHL, Hockey	
shopify_CA_8199277248601_43244408078425	Luc Robitaille Signed Los Angeles Kings Retro Puck with HOF Note	
shopify_CA_8199277281369_43244408111193	Anze Kopitar Signed Los Angeles Kings Official Game Puck, Autographed, NHL, Hockey	
shopify_CA_8199277314137_43244408143961	Anze Kopitar Autographed Los Angeles Kings Hockey Puck, Hand Signed, NHL	
shopify_CA_8199277379673_43244408209497	Anze Kopitar Signed Los Angeles Kings 2012 Stanley Cup Puck, Autographed, NHL, Hockey	
shopify_CA_8199277477977_43244408504409	Anze Kopitar Signed Los Angeles Kings 2014 Stanley Cup Puck, Autographed, NHL, Hockey	
shopify_CA_8199277543513_43244408635481	Drew Doughty Los Angeles Kings Signed 2015 Stadium Series Puck	
shopify_CA_8199277609049_43244408701017	Drew Doughty Los Angeles Kings Autographed 2014 Stanley Cup Puck	
shopify_CA_8199277707353_43244408799321	Drew Doughty Los Angeles Kings Autographed 2012 Stanley Cup Puck	
shopify_CA_8199277740121_43244408832089	Jonathan Quick Signed Los Angeles Kings Official Game Puck, Autographed, NHL, Hockey	
shopify_CA_8199277772889_43244408864857	Shea Theodore Vegas Golden Knights Signed Official Game Puck, Autographed, NHL, Hockey	
shopify_CA_8199277805657_43244408897625	Mark Recchi Montreal Canadiens Signed Hockey Puck with HOF Note	
shopify_CA_8199277838425_43244408930393	Mats Naslund Autographed Montreal Canadiens Hockey Puck, Hand Signed, NHL	
shopify_CA_8199277871193_43244408963161	Shea Weber Signed Montreal Canadiens Official Game Puck, Autographed, NHL, Hockey	
shopify_CA_8199277903961_43244408995929	Steve Shutt Signed Montreal Canadiens Hockey Puck with HOF Note	
shopify_CA_8199277969497_43244409127001	Vincent Damphousse Montreal Canadiens Signed 1993 Stanley Cup Puck	
shopify_CA_8199278002265_43244409159769	Chris Chelios Montreal Canadiens Autographed Hockey Puck with HOF Note	
shopify_CA_8199278035033_43244409192537	Charlie Hodge Montreal Canadiens Autographed Hockey Puck, Hand Signed, NHL	
shopify_CA_8199278067801_43244409225305	Denis Savard Signed Montreal Canadiens Hockey Puck with HOF Note	
shopify_CA_8199278100569_43244409258073	Dickie Moore Montreal Canadiens Autographed Puck with HOF Note	
shopify_CA_8199278133337_43244409290841	Andy Moog Autographed Montreal Canadiens Hockey Puck, Hand Signed, NHL	
shopify_CA_8199278166105_43244409323609	Doug Gilmour Autographed Montreal Canadiens Puck with HOF Note	
shopify_CA_8199278198873_43244409356377	Gump Worsley Minnesota North Stars Signed Puck with HOF Note, Autographed, NHL, Hockey	
shopify_CA_8199278231641_43244409389145	Eric Staal Minnesota Wild Autographed Official NHL Game Puck, Hand Signed, Hockey	
shopify_CA_8199278264409_43244409421913	Eric Lindros Signed 1991 NHL Entry Draft Puck with 1st Pick Note	
shopify_CA_8199278329945_43244409585753	Eric Staal Signed 2003 NHL Entry Draft Puck with 2nd Pick Note	
shopify_CA_8199278362713_43244409618521	Gabriel Landeskog Signed 2011 NHL Entry Draft Puck with 2nd Pick Note	
shopify_CA_8199278395481_43244409651289	Felix Potvin Signed 1990 NHL Entry Draft Puck with 31st Pick Note	
shopify_CA_8199278428249_43244409684057	Jason Spezza Signed 2001 NHL Entry Draft Puck with 2nd Pick Note	
shopify_CA_8199278461017_43244409716825	Jacob Trouba Signed 2012 NHL Entry Draft Puck with 9th Pick Note	
shopify_CA_8199278559321_43244409815129	Denis Savard Signed 1980 NHL Entry Draft Puck with 3rd Pick Note	
shopify_CA_8199278592089_43244409847897	Claude Giroux Signed 2006 NHL Entry Draft Puck with 22nd Pick Note	
shopify_CA_8199278624857_43244409880665	Brady Tkachuk Signed 2018 NHL Entry Draft Puck with 4th Pick Note	
shopify_CA_8199278657625_43244409913433	Sam Bennett 2014 NHL Draft Day Hockey Puck Autographed with 4th Pick Note	
shopify_CA_8199278690393_43244409946201	Sam Reinhart Signed 2014 NHL Entry Draft Puck 2nd Pick Note, Autographed, Hockey	
shopify_CA_8199278755929_43244410011737	Sean Monahan Signed 2013 NHL Entry Draft Puck with 6th Pick Note	
shopify_CA_8199278788697_43244410044505	Steve Yzerman Signed 1983 NHL Entry Draft Puck with 4th Pick Note	
shopify_CA_8199278854233_43244410241113	Shea Weber Signed 2003 NHL Entry Draft Puck with 49th Pick Note	
shopify_CA_8199278887001_43244410273881	Tyler Seguin Signed 2010 NHL Entry Draft Puck with 2nd Pick Note	
shopify_CA_8199278919769_43244410306649	Sergei Zubov NHL Centennial Season Signed 100 Years Official Game Puck	
shopify_CA_8199278952537_43244410339417	Sergei Zubov Signed Hockey Hall of Fame Inscribed Puck, Autographed, NHL	
shopify_CA_8199279018073_43244410404953	Logan Couture Signed 2007 NHL Entry Draft Puck with 9th Pick, Autographed, Hockey	
shopify_CA_8199279050841_43244410437721	Matthew Tkachuk Signed 2016 NHL Entry Draft Puck with 6th Pick Note	
shopify_CA_8199279116377_43244410830937	Matt Duchene Signed 2009 NHL Entry Draft Puck with 3rd Pick Note	
shopify_CA_8199279149145_43244410863705	Mika Zibanejad Signed 2011 NHL Entry Draft Puck with 6th Pick Note	
shopify_CA_8199279181913_43244410896473	Mark Messier Signed 1979 NHL Entry Draft Puck with 48th Pick Note	
shopify_CA_8199279214681_43244410929241	Oliver Ekman-Larsson Signed 2009 NHL Entry Draft Puck with 6th Pick Note	
shopify_CA_8199279247449_43244410962009	Nazem Kadri Signed 2009 NHL Entry Draft Puck with 7th Pick, Autographed, Hockey	
shopify_CA_8199279280217_43244410994777	Mitch Marner Signed 2015 NHL Entry Draft Puck with 4th Pick Note	
shopify_CA_8199279345753_43244411093081	Morgan Rielly Signed 2012 NHL Entry Draft Puck with 5th Pick Note	
shopify_CA_8199279378521_43244411125849	Ray Bourque Signed 1979 NHL Entry Draft Puck with 8 Pick Note	
shopify_CA_8199279411289_43244411158617	Brendan Shanahan New Jersey Devils Autographed Hockey Puck, Hand Signed, NHL	
shopify_CA_8199279476825_43244411224153	Shea Weber Signed Nashville Predators Official Game Puck, Autographed, NHL, Hockey	
shopify_CA_8199279509593_43244411256921	Pat LaFontaine Signed New York Islanders Hockey Puck with HOF Note	
shopify_CA_8199279542361_43244411289689	Mike Bossy New York Islanders Signed Official Game Puck, Autographed, NHL, Hockey	
shopify_CA_8199279575129_43244411322457	Mike Bossy New York Islanders Signed Puck with HOF Note, Autographed, NHL, Hockey	
shopify_CA_8199279640665_43244411387993	Mike Bossy New York Islanders Signed 1982 Conn Smythe Puck, Autographed, NHL, Hockey	
shopify_CA_8199279673433_43244411420761	Mike Bossy New York Islanders Signed Puck with 4 Cups Note, Autographed, NHL, Hockey	
shopify_CA_8199279706201_43244411748441	Bob Nystrom Autographed New York Islanders Hockey Puck, Hand Signed, NHL	
shopify_CA_8199279771737_43244411846745	Sergei Zubov New York Rangers Signed 1994 Stanley Cup Puck, Autographed, NHL, Hockey	
shopify_CA_8199279804505_43244411879513	Rick Nash New York Rangers Autographed Hockey Puck, Hand Signed, NHL	
shopify_CA_8199279870041_43244411945049	Luc Robitaille Autographed New York Rangers Puck with HOF Note	
shopify_CA_8199279902809_43244411977817	Mark Messier Signed 1994 New York Rangers Stanley Cup Puck, Autographed, NHL, Hockey	
shopify_CA_8199279968345_43244412043353	Mark Messier Signed New York Rangers Puck with HOF Note, Autographed, NHL, Hockey	
shopify_CA_8199280033881_43244412174425	Brian Leetch New York Rangers Autographed 1994 Stanley Cup Puck	
shopify_CA_8199280066649_43244412207193	Brian Leetch New York Rangers Autographed Hockey Puck, Hand Signed, NHL	
shopify_CA_8199280099417_43244412239961	Adam Fox New York Rangers Autographed Hockey Puck, Hand Signed, NHL	
shopify_CA_8199280132185_43244412272729	Jacob Trouba Autographed New York Rangers Hockey Puck, Hand Signed, NHL	
shopify_CA_8199280164953_43244412305497	Glenn Anderson New York Rangers Signed Hockey Puck with HOF Note	
shopify_CA_8199280197721_43244412338265	Harry Howell New York Rangers Autographed Hockey Puck with HOF Note	
shopify_CA_8199280263257_43244412436569	Glenn Anderson New York Rangers Autographed Hockey Puck, Hand Signed, NHL	
shopify_CA_8199280296025_43244412502105	Erik Karlsson Ottawa Senators Signed Official Game Puck, Autographed, NHL, Hockey	
shopify_CA_8199280328793_43244412567641	Jake Sanderson Autographed Ottawa Senators Hockey Puck, Hand Signed, NHL	
shopify_CA_8199280361561_43244412600409	Brady Tkachuk & Tim Stutzle Dual Signed Ottawa Senators Puck, Autographed, NHL, Hockey	
shopify_CA_8199280394329_43244412633177	Brady Tkachuk Signed Ottawa Senators Official Game Puck, Autographed, NHL, Hockey	
shopify_CA_8199280427097_43244412665945	Claude Giroux Autographed Ottawa Senators Hockey Puck, Hand Signed, NHL	
shopify_CA_8199280459865_43244412698713	Chris Phillips Ottawa Senators Signed Official Game Puck, Autographed, NHL, Hockey	
shopify_CA_8199280492633_43244412731481	Thomas Chabot Ottawa Senators Autographed Hockey Puck, Hand Signed, NHL	
shopify_CA_8199280558169_43244412797017	Ron Hextall Philadelphia Flyers Autographed Hockey Puck, Hand Signed, NHL	
shopify_CA_8199280590937_43244412829785	Reggie Leach Philadelphia Flyers Signed Hockey Puck with the Rifle Note	
shopify_CA_8199280623705_43244412862553	Paul Coffey Philadelphia Flyers Signed Hockey Puck with HOF Note	
shopify_CA_8199280656473_43244412928089	Eric Lindros Philadelphia Flyers Signed Puck with HOF Note, Autographed, NHL, Hockey	
shopify_CA_8199280689241_43244412960857	Philadelphia Flyers Triple Signed Legion of Doom Line Puck, Autographed, Eric Lindros, NHL, Hockey	
shopify_CA_8199280754777_43244413059161	Evgeni Malkin Pittsburgh Penguins Signed Official Game Model Hockey Puck	
shopify_CA_8199280787545_43244413091929	Joe Mullen Autographed 1992 Pittsburgh Penguins Cup Puck, Hand Signed, NHL, Hockey	
shopify_CA_8199280820313_43244413124697	Jake Guentzel Autographed Pittsburgh Penguins Official Game Puck	
shopify_CA_8199280853081_43244413157465	Paul Coffey Pittsburgh Penguins Autographed Stanley Cup Puck, Hand Signed, NHL, Hockey	
shopify_CA_8199280918617_43244413321305	Luc Robitaille Autographed Pittsburgh Penguins Puck with HOF Note	
shopify_CA_8199280984153_43244413386841	Mark Recchi Pittsburgh Penguins Signed Hockey Puck with HOF Note	
shopify_CA_8199281016921_43244413419609	Ron Francis Pittsburgh Penguins Autographed 91-92 Stanley Cup Puck	
shopify_CA_8199281082457_43244413517913	Tom Barrasso Pittsburgh Penguins Autographed Stanley Cup Puck	
shopify_CA_8199281115225_43244413550681	Mats Sundin Autographed Quebec Nordiques Hockey Puck, Hand Signed, NHL	
shopify_CA_8199281180761_43244413616217	Joe Sakic Quebec Nordiques Signed Heritage Logo Puck, Autographed, NHL, Hockey	
shopify_CA_8199281279065_43244413943897	Joe Thornton San Jose Sharks Signed All-Star Season Official Game Puck	
shopify_CA_8199281311833_43244413976665	Logan Couture Signed San Jose Sharks Stadium Series Puck, Autographed, NHL, Hockey	
shopify_CA_8199281344601_43244414009433	Vince Dunn Signed Seattle Kraken Official Game Puck, Autographed, NHL, Hockey	
shopify_CA_8199281410137_43244414107737	Vince Dunn Signed Seattle Kraken Inaugural Season Official Game Puck	
shopify_CA_8199281442905_43244414140505	Joe Mullen Signed St. Louis Blues Hockey Puck with HOF Note	
shopify_CA_8199281475673_43244414173273	Guy Lapointe St. Louis Blues Autographed Hockey Puck with HOF Note	
shopify_CA_8199281573977_43244414402649	Grant Fuhr Signed St. Louis Blues Puck with HOF Note, Autographed, NHL, Hockey	
shopify_CA_8199281606745_43244414435417	Chris Pronger Autographed St. Louis Blues Puck with HOF Note	
shopify_CA_8199281672281_43244414599257	Steven Stamkos Signed Tampa Bay Lightning 2020 Stanley Cup Puck	
shopify_CA_8199281705049_43244414632025	Steven Stamkos Autographed Tampa Bay Lightning Hockey Puck, Hand Signed, NHL	
shopify_CA_8199281737817_43244414664793	Victor Hedman Tampa Bay Lightning Signed 2021 Stanley Cup Puck, Autographed, NHL, Hockey	
shopify_CA_8199281770585_43244414697561	Martin St. Louis Tampa Bay Lightning Autographed Hockey Puck with HOF Note	
shopify_CA_8199281836121_43244415156313	Dave Keon Toronto Maple Leafs Autographed Centennial Official Game Puck	
shopify_CA_8199281868889_43244415189081	Dave Keon Toronto Maple Leafs Autographed 1967 Stanley Cup Puck	
shopify_CA_8199281901657_43244415221849	Dave Keon Toronto Maple Leafs Autographed Original Six Era Hockey Puck	
shopify_CA_8199281934425_43244415254617	Dave Keon Toronto Maple Leafs Signed Hockey Puck with HOF Note	
shopify_CA_8199281967193_43244415287385	Frederik Andersen Signed Toronto Arenas Next Century Game Puck #/31	
shopify_CA_8199282032729_43244415352921	Doug Gilmour Signed Toronto Maple Leafs Retro Puck with Killer Note	
shopify_CA_8199282065497_43244415385689	Doug Gilmour Signed Toronto Maple Leafs Retro Puck with HOF Note	
shopify_CA_8199282098265_43244415418457	Felix Potvin Signed Toronto Maple Leafs Memories & Dreams Puck	
shopify_CA_8199282131033_43244415451225	Eddie Litzenberger Signed Toronto Maple Leafs Puck with ROY Note	
shopify_CA_8199282163801_43244415483993	Eddie Shack Autographed Toronto Maple Leafs Hockey Puck, Hand Signed, NHL	
shopify_CA_8199282196569_43244415516761	Johnny Bower Autographed Toronto Maple Leafs Puck with HOF Note	
shopify_CA_8199282229337_43244415549529	Mitch Marner Autographed Toronto Maple Leafs Hockey Puck, Hand Signed, NHL	
shopify_CA_8199282262105_43244415582297	Lanny McDonald Signed Toronto Maple Leafs Puck with HOF Note, Autographed, NHL, Hockey	
shopify_CA_8199282294873_43244415615065	Wendel Clark Signed Toronto Maple Leafs 100 Season Puck, Autographed, NHL, Hockey	
shopify_CA_8199282327641_43244415647833	Wendel Clark Signed Toronto Maple Leafs Memories & Dreams Puck	
shopify_CA_8199282360409_43244415680601	Oliver Ekman-Larsson Vancouver Canucks Autographed Hockey Puck	
shopify_CA_8199282425945_43244415778905	Ilya Samsonov Washington Capitals Autographed Official Game Puck	
shopify_CA_8199282458713_43244415811673	Kyle Connor Winnipeg Jets Autographed Hockey Puck, Hand Signed, NHL	
shopify_CA_8199282491481_43244415844441	Joe Daley Winnipeg Jets Autographed Vintage Logo Hockey Puck, Hand Signed, NHL	
shopify_CA_8199282524249_43244415877209	Dale Hawerchuk Winnipeg Jets Autographed Hockey Puck (Thick Auto)	
shopify_CA_8199282557017_43244415909977	Bobby Orr Autographed Oshawa Generals Hockey Puck, Hand Signed, Canadian Hockey League, NHL	
shopify_CA_8199282622553_43244415975513	Chris Chelios Autographed Team USA Hockey Puck with HOF Note	
shopify_CA_8199282655321_43244416008281	Serge Savard Team Canada Signed 1972 Summit Series Hockey Puck	
shopify_CA_8199282688089_43244416041049	Shea Weber Team Canada Signed Olympic Hockey Puck with 2010 Gold Note	
shopify_CA_8199282720857_43244416073817	Steve Yzerman Team Canada Signed Hockey Puck with 02 Gold Note	
shopify_CA_8199282753625_43244416106585	Theo Fleury Team Canada Autographed Hockey Puck with 02 Gold Note	
shopify_CA_8199282819161_43244416172121	Sam Reinhart Signed Team Canada Puck with 2015 WJC Note, Autographed, IIHF, Hockey	
shopify_CA_8199282851929_43244416204889	Tyler Seguin Team Canada Autographed Hockey Puck, Hand Signed, IIHF	
shopify_CA_8199282884697_43244416237657	Wendel Clark Signed Team Canada Puck with JR Gold Note, Autographed, IIHF, Hockey	
shopify_CA_8199282917465_43244416270425	Tony Esposito Signed 1972 Summit Series Canada cccp Hockey Puck	
shopify_CA_8199282983001_43244416401497	Paul Henderson Team Canada Autographed 1972 Canada/cccp Split Puck	
shopify_CA_8199283048537_43244416467033	Ray Bourque Autographed Team Canada Hockey Puck, Hand Signed, IIHF	
shopify_CA_8199283081305_43244416499801	Mike Babcock Team Canada Autographed Hockey Puck, Hand Signed, IIHF	
shopify_CA_8199283114073_43244416532569	Nathan MacKinnon Team Canada Autographed Hockey Puck, Hand Signed, IIHF	
shopify_CA_8199283146841_43244416565337	Mitch Marner Team Canada Autographed Hockey Puck, Hand Signed, IIHF	
shopify_CA_8199283179609_43244416598105	Mike Peca Team Canada Signed 02 Gold Note Olympic Hockey Puck	
shopify_CA_8199283212377_43244416630873	Marty Turco Autographed Team Canada Hockey Puck, Hand Signed, IIHF	
shopify_CA_8199283310681_43244416729177	Mark Messier Team Canada Autographed Canada Cup Hockey Puck, Hand Signed, IIHF	
shopify_CA_8199283343449_43244416761945	Luc Robitaille Team Canada Autographed Canada Cup Puck, Hand Signed, IIHF, Hockey	
shopify_CA_8199283376217_43244416794713	Lanny McDonald Team Canada Signed Canada Cup Puck with HOF Note, Autographed, IIHF, Hockey	
shopify_CA_8199283408985_43244416827481	Claude Giroux Autographed Team Canada Hockey Puck, Hand Signed, IIHF	
shopify_CA_8199283474521_43244417286233	Bobby Orr Signed 1972 Team Canada Summit Series Puck, Autographed, IIHF, Hockey	
shopify_CA_8199283507289_43244417319001	Bobby Orr Team Canada Autographed Canada Cup Puck, Hand Signed, IIHF, Hockey	
shopify_CA_8199283540057_43244417351769	Andy Moog Team Canada Autographed Hockey Puck with 88 Olympics Note	
shopify_CA_8199283572825_43244417384537	Aaron Ekblad Team Canada Autographed Hockey Puck, Hand Signed, IIHF	
shopify_CA_8199283605593_43244417417305	Joe Sakic Team Canada Autographed Olympic Hockey Puck, Hand Signed, IIHF	
shopify_CA_8199283638361_43244417450073	Joe Thornton Team Canada Autographed Hockey Puck, Hand Signed, IIHF	
shopify_CA_8199283671129_43244417482841	Joe Nieuwendyk Team Canada Autographed Olympic Hockey Puck, Hand Signed, IIHF	
shopify_CA_8199283736665_43244417548377	Jocelyn Guevremont Team Canada Autographed 1972 Summit Series Hockey Puck	
shopify_CA_8199283769433_43244417581145	Jean Ratelle Team Canada Autographed 1972 Summit Series Hockey Puck	
shopify_CA_8199283802201_43244417810521	Jayna Hefford Signed Team Canada Vancouver 2010 Puck, Autographed, IIHF, Hockey	
shopify_CA_8199283834969_43244417843289	Jarome Iginla Autographed Team Canada Puck, Hand Signed, IIHF, Hockey	
shopify_CA_8199283867737_43244417876057	Felix Potvin Signed Team Canada Puck with WJ Gold Note, Autographed, IIHF, Hockey	
shopify_CA_8199283900505_43244417908825	Gerry Cheevers Team Canada Signed Canada Cup Puck with HOF Note, Autographed, IIHF, Hockey	
shopify_CA_8199283933273_43244417941593	Guy Lapointe Team Canada Autographed 1972 Summit Series Hockey Puck	
shopify_CA_8199283998809_43244418138201	Don Cherry Team Canada Autographed Hockey Puck, Hand Signed, IIHF	
shopify_CA_8199284064345_43244418170969	Drew Doughty Team Canada Autographed Olympic Hockey Puck, Hand Signed, IIHF	
shopify_CA_8199284097113_43244418236505	Doug Gilmour Team Canada Autographed Canada Cup Puck, Hand Signed, IIHF, Hockey	
shopify_CA_8199284129881_43244418269273	Ed Belfour Team Canada Autographed Olympic Hockey Puck, Hand Signed, IIHF	
shopify_CA_8199284195417_43244418334809	Gabriel Landeskog Autographed Sweden Flag Hockey Puck, Hand Signed, Team Sweden, NHL	
shopify_CA_8199284228185_43244418367577	Owen Nolan Autographed 1997 All-Star Game Puck, Hand Signed, NHL, Hockey	
shopify_CA_8199284260953_43244418400345	Ray Bourque Autographed 1996 All-Star Game Hockey Puck, Hand Signed, NHL	
shopify_CA_8199284293721_43244418433113	Kirill Kaprizov Autographed 2022 All-Star Official Game Puck, Hand Signed, NHL, Hockey	
shopify_CA_8199284326489_43244418465881	Marty Turco Autographed 2007 NHL All-Star Game Puck, Hand Signed, Hockey	
shopify_CA_8199284359257_43244418498649	Mark Messier Signed 2004 NHL All-Star Game Hockey Puck, Autographed	
shopify_CA_8199284392025_43244418531417	Jeremy Roenick Signed 1988 NHL Entry Draft Puck with 8th Pick Note	
shopify_CA_8199284424793_43244418564185	Chris Chelios Signed 2000 NHL All-Star Game Event Puck, Autographed, Hockey	
shopify_CA_8199284490329_43244418662489	Jeremy Roenick Autographed Phoenix Coyotes Hockey Puck, Hand Signed, Arizona Coyotes, NHL	
shopify_CA_8199284555865_43244418728025	Logan Cooley Autographed Arizona Coyotes Official Game Puck, Hand Signed, NHL, Hockey	
shopify_CA_8199284588633_43244418760793	Logan Cooley Autographed Arizona Coyotes Hockey Puck, Hand Signed, NHL	
shopify_CA_8199284654169_43244418826329	Keith Tkachuk Autographed Arizona Coyotes Hockey Puck, Hand Signed, NHL	
shopify_CA_8199284686937_43244418859097	Adam Oates Signed Anaheim Mighty Ducks Hockey Puck with HOF Note	
shopify_CA_8199284719705_43244418891865	Jari Kurri Signed Anaheim Mighty Ducks Hockey Puck with HOF Note	
shopify_CA_8199284752473_43244418924633	Teemu Selanne Autographed Anaheim Ducks Official Game Puck, Hand Signed, NHL, Hockey	
shopify_CA_8199284785241_43244418957401	Corey Perry Signed Anaheim Ducks Official Game Puck, Autographed, NHL, Hockey	
shopify_CA_8199284818009_43244418990169	Pavel Mintyukov Autographed Anaheim Ducks Hockey Puck, Hand Signed, NHL	
shopify_CA_8199284850777_43244419022937	Gerry Cheevers Signed Boston Bruins Hockey Puck with HOF Note	
shopify_CA_8199284883545_43244419055705	Bobby Orr Signed Boston Bruins Retro Logo Puck, Autographed, NHL, Hockey	
shopify_CA_8199284981849_43244421316697	Bobby Orr Signed Boston Bruins Flying Goal Puck, Autographed, NHL, Hockey	
shopify_CA_8199285112921_43244422561881	Bobby Orr Signed Autographed 1966 Debut 50th Anniversary Puck	
shopify_CA_8199285211225_43244423610457	Bobby Orr & Don Cherry Dual Signed Boston Bruins Hockey Puck, Autographed, NHL	
shopify_CA_8199285276761_43244423938137	Brad Park Autographed Boston Bruins Hockey Puck with HOF Note	
shopify_CA_8199285375065_43244424036441	Tim Thomas Signed Boston Bruins Hockey Puck with 2X Vezina Note	
shopify_CA_8199285407833_43244424069209	Marc Savard Autographed Boston Bruins 2011 Stanley Cup Champions Puck	
shopify_CA_8199285440601_43244424101977	Jeremy Swayman Autographed Boston Bruins Hockey Puck, Hand Signed, NHL	
shopify_CA_8199285473369_43244424134745	Bowen Byram Signed Buffalo Sabres Official Game Puck, Autographed, NHL, Hockey	
shopify_CA_8199285506137_43244424167513	Jari Kurri Signed Colorado Avalanche Hockey Puck with HOF Note	
shopify_CA_8199285538905_43244424200281	Bowen Byram Signed Colorado Avalanche Stitch Design Hockey Puck	
shopify_CA_8199285571673_43244424233049	Jose Theodore Autographed Colorado Avalanche Hockey Puck, Hand Signed, NHL	
shopify_CA_8199285604441_43244424265817	Peter Forsberg Signed Colorado Avalanche 2001 Stanley Cup Champions Puck	
shopify_CA_8199285669977_43244424462425	Peter Forsberg Signed Colorado Avalanche 1996 Stanley Cup Champions Puck	
shopify_CA_8199285702745_43244424495193	Peter Forsberg Signed Colorado Avalanche Hockey Puck with HOF 2014 Note	
shopify_CA_8199285801049_43244424593497	Rob Blake Signed Colorado Avalanche 2001 Stanley Cup Puck, Autographed, NHL, Hockey	
shopify_CA_8199285833817_43244424626265	Tony Amonte Autographed Chicago Blackhawks Hockey Puck, Hand Signed, NHL	
shopify_CA_8199285866585_43244424659033	Tony Esposito, Glenn Hall & Ed Belfour Chicago Blackhawks Signed Vezina Puck	
shopify_CA_8199285899353_43244424691801	Tyler Bertuzzi Autographed Chicago Blackhawks Hockey Puck, Hand Signed, NHL	
shopify_CA_8199285932121_43244424724569	Steve Thomas Autographed Chicago Blackhawks Hockey Puck, Hand Signed, NHL	
shopify_CA_8199285964889_43244424757337	Nick Foligno Autographed Chicago Blackhawks Hockey Puck, Hand Signed, NHL	
shopify_CA_8199285997657_43244424790105	Ed Belfour Signed Chicago Blackhawks Official Game Puck, Autographed, NHL, Hockey	
shopify_CA_8199286063193_43244424855641	Sergei Bobrovsky Signed Columbus Blue Jackets Official Game Puck	
shopify_CA_8199286128729_43244425183321	Tony Amonte Autographed Calgary Flames Hockey Puck, Hand Signed, NHL	
shopify_CA_8199286161497_43244425216089	Martin St. Louis Autographed Calgary Flames Hockey Puck with HOF 18 Note	
shopify_CA_8199286194265_43244425248857	Doug Gilmour Signed Calgary Flames 1989 Stanley Cup Puck with Cup Note	
shopify_CA_8199286227033_43244425281625	Joe Nieuwendyk Signed Calgary Flames Hockey Puck with 1988 ROY Note	
shopify_CA_8199286259801_43244425314393	Ron Francis Autographed Carolina Hurricanes Hockey Puck with HOF Note	
shopify_CA_8199286325337_43244425379929	Igor Larionov Signed Detroit Red Wings 1997 Stanley Cup Champions Puck	
shopify_CA_8199286358105_43244425412697	Igor Larionov Signed Detroit Red Wings 1998 Stanley Cup Champions Puck	
shopify_CA_8199286390873_43244425445465	Brendan Shanahan Signed Detroit Red Wings Hockey Puck with HOF Note	
shopify_CA_8199286456409_43244425511001	Brendan Shanahan Signed Detroit Red Wings 1997 Stanley Cup Champions Puck	
shopify_CA_8199286489177_43244425642073	Chris Chelios Signed Detroit Red Wings 2009 Winter Classic Souvenir Puck	
shopify_CA_8199286521945_43244425674841	Brett Hull Signed Detroit Red Wings 2002 Stanley Cup Champions Puck	
shopify_CA_8199286554713_43244425740377	Pete Mahovlich Autographed Detroit Red Wings Hockey Puck, Hand Signed, Peter Mahovlich, NHL	
shopify_CA_8199286587481_43244425773145	Steve Yzerman Autographed Detroit Red Wings Hockey Puck with HOF Note	
shopify_CA_8199286620249_43244425805913	Steve Yzerman Autographed Detroit Red Wings 1998 Stanley Cup Puck	
shopify_CA_8199286685785_43244425871449	Steve Yzerman Signed Detroit Red Wings Hockey Puck with Points Note	
shopify_CA_8199286718553_43244425904217	Brett Hull Autographed Dallas Stars Retro Autograph Model Inglasco Puck	
shopify_CA_8199286751321_43244425936985	Ed Belfour Signed Dallas Stars 1999 Stanley Cup Champions Puck	
shopify_CA_8199286784089_43244425969753	Joe Nieuwendyk Signed Dallas Stars 1999 Stanley Cup Puck, Autographed, NHL, Hockey	
shopify_CA_8199286816857_43244426002521	Joe Nieuwendyk Signed Dallas Stars Hockey Puck with 1999 Conn Smythe Note	
shopify_CA_8199287013465_43244426297433	Jason Spezza Autographed Dallas Stars Hockey Puck, Hand Signed, NHL	
shopify_CA_8199287079001_43244426362969	Logan Stankoven Signed Dallas Stars Official Game Puck, Autographed, NHL, Hockey	
shopify_CA_8199287111769_43244426395737	Jari Kurri Signed Edmonton Oilers 1990 Stanley Cup Puck with 5 Cups Note	
shopify_CA_8199287210073_43244426494041	Jari Kurri Signed Edmonton Oilers 1987 Stanley Cup Puck, Autographed, NHL, Hockey	
shopify_CA_8199287308377_43244426592345	Jari Kurri Signed Edmonton Oilers 1988 Stanley Cup Puck, Autographed, NHL, Hockey	
shopify_CA_8199287406681_43244426690649	Jari Kurri Signed Edmonton Oilers 1984 Stanley Cup Puck, Autographed, NHL, Hockey	
shopify_CA_8199287504985_43244426788953	Jari Kurri Signed Edmonton Oilers 1985 Stanley Cup Puck, Autographed, NHL, Hockey	
shopify_CA_8199287603289_43244426887257	Esa Tikkanen Signed Edmonton Oilers 1987 Stanley Cup Champions Puck	
shopify_CA_8199287636057_43244426920025	Esa Tikkanen Signed Edmonton Oilers 1988 Stanley Cup Champions Puck	
shopify_CA_8199287734361_43244427018329	Esa Tikkanen Signed Edmonton Oilers 1990 Stanley Cup Champions Puck	
shopify_CA_8199287799897_43244427149401	Adam Oates Signed Edmonton Oilers Hockey Puck with HOF Note	
shopify_CA_8199287832665_43244427182169	Adam Henrique Autographed Edmonton Oilers Hockey Puck, Hand Signed, NHL	
shopify_CA_8199287865433_43244427214937	Bill Ranford Autographed Edmonton Oilers 1988 Stanley Cup Puck	
shopify_CA_8199287898201_43244427444313	Bill Ranford Autographed Edmonton Oilers 1990 Stanley Cup Puck	
shopify_CA_8199287930969_43244427477081	Bill Ranford Signed Edmonton Oilers 1990 Stanley Cup Puck with Conn Smythe Note	
shopify_CA_8199287963737_43244427509849	Sam Reinhart Signed Florida Panthers Official Game Puck, Autographed, NHL, Hockey	
shopify_CA_8199287996505_43244427542617	Roberto Luongo Signed Florida Panthers Official Game Puck, Autographed, NHL, Hockey	
shopify_CA_8199288029273_43244427575385	Roberto Luongo Autographed Florida Panthers Hockey Puck, Hand Signed, NHL	
shopify_CA_8199288094809_43244427640921	Larry Robinson Signed Los Angeles Kings Retro Logo Puck with HOF Note	
shopify_CA_8199288127577_43244427673689	Jari Kurri Signed Los Angeles Kings Retro Logo Puck with HOF Note	
shopify_CA_8199288225881_43244427837529	Darcy Kuemper Autographed Los Angeles Kings Hockey Puck, Hand Signed, NHL	
shopify_CA_8199288291417_43244427935833	Vladislav Gavrikov Signed Los Angeles Kings Official Game Puck	
shopify_CA_8199288422489_43244428066905	Tom Glavine Autographed Los Angeles Kings Vintage Logo Puck, Hand Signed, NHL, Hockey	
shopify_CA_8199288455257_43244428197977	Rob Blake Signed Los Angeles Kings Hockey Puck with 1998 Norris Note	
shopify_CA_8199288520793_43244428263513	Noah Hanifin Autographed Vegas Golden Knights Hockey Puck, Hand Signed, NHL	
shopify_CA_8199288553561_43244428296281	William Karlsson Signed Vegas Golden Knights 2023 Stanley Cup Puck	
shopify_CA_8199288586329_43244428329049	William Karlsson Autographed Vegas Golden Knights Hockey Puck	
shopify_CA_8199288619097_43244428361817	Shea Weber Autographed Montreal Canadiens Hockey Puck with HOF Note	
shopify_CA_8199288651865_43244428394585	Pete Mahovlich Autographed Montreal Canadiens Hockey Puck, Hand Signed, Peter Mahovlich, NHL	
shopify_CA_8199288684633_43244428427353	Larry Robinson Signed Montreal Canadiens Puck with Big Bird Note	
shopify_CA_8199288717401_43244428460121	Larry Robinson Autographed Montreal Canadiens Hockey Puck with HOF Note	
shopify_CA_8199288750169_43244428492889	Jose Theodore Autographed Montreal Canadiens Hockey Puck, Hand Signed, NHL	
shopify_CA_8199288782937_43244428525657	Jose Theodore Signed Montreal Canadiens Puck with 2002 Vezina Note	
shopify_CA_8199288815705_43244428558425	Jose Theodore Signed Montreal Canadiens Puck with 2002 Hart Note	
shopify_CA_8199288848473_43244428591193	Brian Bellows Autographed Montreal Canadiens Hockey Puck, Hand Signed, NHL	
shopify_CA_8199289471065_43244430065753	Gary Leeman Signed Montreal Canadiens 1993 Stanley Cup Champions Puck	
shopify_CA_8199289536601_43244430164057	Frank Mahovlich Autographed Montreal Canadiens Hockey Puck with HOF Note	
shopify_CA_8199289602137_43244430229593	Frank Mahovlich & Peter Mahovlich Dual Signed Montreal Canadiens Hockey Puck	
shopify_CA_8199289634905_43244430262361	Mike Cammalleri Autographed Montreal Canadiens Hockey Puck, Hand Signed, NHL	
shopify_CA_8199290028121_43244430655577	Dino Ciccarelli Signed Minnesota North Stars Vintage Logo Puck	
shopify_CA_8199290060889_43244430688345	Matt Boldy Signed Minnesota Wild Official Game Puck, Autographed, NHL, Hockey	
shopify_CA_8199290093657_43244430721113	Matt Boldy Autographed Minnesota Wild Hockey Puck, Hand Signed, NHL	
shopify_CA_8199290126425_43244430753881	Filip Gustavsson Signed Minnesota Wild Official Game Puck, Autographed, NHL, Hockey	
shopify_CA_8199290159193_43244430786649	Logan Stankoven Signed 2021 NHL Entry Draft Puck with 47th Pick Note	
shopify_CA_8199290224729_43244430852185	Cam York Signed 2019 NHL Entry Draft Puck with 14th Pick Note	
shopify_CA_8199290257497_43244430884953	Simon Gagne Signed 1998 NHL Entry Draft Puck with 22nd Pick Note	
shopify_CA_8199290290265_43244431114329	Vincent Trocheck Signed 2011 NHL Entry Draft Puck with 64th Pick Note	
shopify_CA_8199290323033_43244431147097	Erik Karlsson Signed 2008 NHL Entry Draft Puck with 15th Pick Note	
shopify_CA_8199290355801_43244431179865	Evgeni Malkin Signed 2004 NHL Entry Draft Puck with 2nd Pick Note	
shopify_CA_8199290650713_43244432687193	Jared McCann Signed 2014 NHL Entry Draft Puck with 24th Pick Note	
shopify_CA_8199290814553_43244433473625	Jari Kurri Signed 1980 NHL Entry Draft Puck with 69th Pick Note	
shopify_CA_8199290880089_43244433571929	Brett Hull Signed 1984 NHL Entry Draft Puck with 117th Pick Note	
shopify_CA_8199290912857_43244433604697	Shane Doan Signed 1995 NHL Entry Draft Puck with 7th Pick Note	
shopify_CA_8199290945625_43244433637465	Taylor Hall Signed 2010 NHL Entry Draft Puck with 1st Pick Note	
shopify_CA_8199290978393_43244433670233	Thatcher Demko Signed 2014 NHL Entry Draft Puck with 36th Pick Note	
shopify_CA_8199291011161_43244433703001	Teemu Selanne Signed 1988 NHL Entry Draft Puck with 10th Pick Note	
shopify_CA_8199291076697_43244433768537	Josh Norris Signed 2017 NHL Entry Draft Puck with 19th Pick Note	
shopify_CA_8199291109465_43244433801305	Dave Keon Autographed Hockey Hall of Fame Puck, Hand Signed, NHL	
shopify_CA_8199291142233_43244433834073	Martin Brodeur Signed New Jersey Devils Hockey Puck with HOF Note	
shopify_CA_8199291175001_43244433866841	Martin Brodeur Signed New Jersey Devils 2000 Stanley Cup Puck, Autographed, NHL, Hockey	
shopify_CA_8199291207769_43244433899609	Martin Brodeur Signed New Jersey Devils 2003 Stanley Cup Puck, Autographed, NHL, Hockey	
shopify_CA_8199291240537_43244433932377	Jesper Bratt Autographed New Jersey Devils Hockey Puck, Hand Signed, NHL	
shopify_CA_8199291273305_43244433965145	Brendan Morrison Autographed New Jersey Devils Hockey Puck, Hand Signed, NHL	
shopify_CA_8199291306073_43244433997913	Cliff Ronning Autographed Nashville Predators Hockey Puck, Hand Signed, NHL	
shopify_CA_8199291437145_43244434358361	Filip Forsberg Autographed Nashville Predators Official Game Puck	
shopify_CA_8199291469913_43244434391129	Vincent Trocheck Signed New York Rangers Official Game Puck, Autographed, NHL, Hockey	
shopify_CA_8199291797593_43244434817113	Mike Gartner Signed New York Rangers Hockey Puck with HOF Note	
shopify_CA_8199291830361_43244434849881	Mike Richter Autographed New York Rangers 1994 Stanley Cup Champions Puck	
shopify_CA_8199291863129_43244434882649	Mika Zibanejad Autographed New York Rangers Hockey Puck, Hand Signed, NHL	
shopify_CA_8199291895897_43244434915417	Mark Osborne Autographed New York Rangers Hockey Puck, Hand Signed, NHL	
shopify_CA_8199291928665_43244434948185	Mark Messier Signed New York Rangers Official Game Puck, Autographed, NHL, Hockey	
shopify_CA_8199291961433_43244434980953	Jari Kurri Signed New York Rangers Hockey Puck with HOF Note	
shopify_CA_8199291994201_43244435013721	Esa Tikkanen Signed New York Rangers 1994 Stanley Cup Champions Puck	
shopify_CA_8199292026969_43244435243097	Ed Olczyk Autographed New York Rangers Hockey Puck, Hand Signed, NHL	
shopify_CA_8199292059737_43244435275865	Erik Karlsson Autographed Ottawa Senators Retro Logo Hockey Puck	
shopify_CA_8199292125273_43244435341401	Jason Spezza Autographed Ottawa Senators Graphic Logo Puck, Hand Signed, NHL, Hockey	
shopify_CA_8199292158041_43244435374169	Jason Spezza Autographed Ottawa Senators Classic Logo Puck, Hand Signed, NHL, Hockey	
shopify_CA_8199292190809_43244435406937	Simon Gagne Autographed Philadelphia Flyers Hockey Puck, Hand Signed, NHL	
shopify_CA_8199292256345_43244435472473	Simon Gagne Autographed Philadelphia Flyers Official Game Puck	
shopify_CA_8199292289113_43244435505241	Cam York Signed Philadelphia Flyers Official Game Puck, Autographed, NHL, Hockey	
shopify_CA_8199292321881_43244435538009	Claude Giroux Autographed Philadelphia Flyers Hockey Puck, Hand Signed, NHL	
shopify_CA_8199292354649_43244435570777	Darryl Sittler Signed Toronto Maple Leaf Gardens Memories & Dreams Puck	
shopify_CA_8199292420185_43244435669081	Darryl Sittler Autographed Philadelphia Flyers Hockey Puck with HOF Note	
shopify_CA_8199292452953_43244435734617	Allan Stanley Signed Philadelphia Flyers Hockey Puck with HOF Note	
shopify_CA_8199293108313_43244436455513	Erik Karlsson Signed Pittsburgh Penguins Official Game Puck, Autographed, NHL, Hockey	
shopify_CA_8199293239385_43244436619353	Evgeni Malkin Signed Pittsburgh Penguins 2017 Stanley Cup Puck, Autographed, NHL, Hockey	
shopify_CA_8199293304921_43244436652121	Evgeni Malkin Signed Pittsburgh Penguins 2009 Stanley Cup Champions Puck	
shopify_CA_8199293337689_43244436684889	Evgeni Malkin Signed Pittsburgh Penguins 2008 Winter Classic Souvenir Puck	
shopify_CA_8199293468761_43244436815961	Jeremy Roenick Autographed San Jose Sharks Hockey Puck with HOF Note	
shopify_CA_8199293829209_43244437241945	Doug Gilmour Signed St. Louis Blues Hockey Puck with HOF Note	
shopify_CA_8199293894745_43244437307481	Brett Hull Autographed St. Louis Blues Hockey Puck with HOF Note	
shopify_CA_8199293960281_43244437602393	Brett Hull & Adam Oates Dual Signed St. Louis Blues Vintage Puck	
shopify_CA_8199294025817_43244437667929	Brayden Schenn Autographed St. Louis Blues Hockey Puck, Hand Signed, NHL	
shopify_CA_8199294091353_43244437766233	Brayden Schenn Signed St. Louis Blues Official Game Puck, Autographed, NHL, Hockey	
shopify_CA_8199294124121_43244437799001	Ivan Barbashev Signed St. Louis Blues 2019 Stanley Cup Puck, Autographed, NHL, Hockey	
shopify_CA_8199294156889_43244437831769	Martin St. Louis Autographed Tampa Bay Lightning 2004 Stanley Cup Puck	
shopify_CA_8199294189657_43244437864537	Martin St. Louis Signed Tampa Bay Lightning Retro Logo Puck with HOF 18 Note	
shopify_CA_8199294255193_43244437930073	Joe Nieuwendyk Signed Toronto Maple Leafs Hockey Puck with HOF Note	
shopify_CA_8199294287961_43244437962841	Doug Gilmour Autographed Toronto Maple Leafs Hockey Puck with 127 Pts - 93 Note	
shopify_CA_8199294320729_43244437995609	Darcy Tucker Autographed Toronto Maple Leafs Retro Logo Puck, Hand Signed, NHL, Hockey	
shopify_CA_8199294353497_43244438224985	Darryl Sittler Autographed Toronto Maple Leafs Retro Logo Puck with HOF Note	
shopify_CA_8199294386265_43244438257753	Rob Ramage Autographed Toronto Maple Leafs Retro Logo Puck, Hand Signed, NHL, Hockey	
shopify_CA_8199294419033_43244438290521	Rick Vaive Autographed Toronto Maple Leafs Retro Logo Puck, Hand Signed, NHL, Hockey	
shopify_CA_8199294484569_43244438356057	Steve Thomas Autographed Toronto Maple Leafs Retro Logo Puck, Hand Signed, NHL, Hockey	
shopify_CA_8199294517337_43244438421593	Jake McCabe Signed Toronto Maple Leafs Official Game Puck, Autographed, NHL, Hockey	
shopify_CA_8199294550105_43244438454361	Trevor Linden Autographed Vancouver Canucks Retro Logo Puck, Hand Signed, NHL, Hockey	
shopify_CA_8199294582873_43244438487129	Kirk McLean Autographed 1992 NHL All-Star Game Puck, Hand Signed, Vancouver Canucks, Hockey	
shopify_CA_8199294615641_43244438519897	Thatcher Demko Autographed Vancouver Canucks Hockey Puck, Hand Signed, NHL	
shopify_CA_8199294681177_43244438585433	Richard Brodeur Autographed Vancouver Canucks Retro Logo Puck	
shopify_CA_8199294713945_43244438618201	Felix Potvin Autographed Vancouver Canucks Hockey Puck, Hand Signed, NHL	
shopify_CA_8199294746713_43244438650969	Igor Larionov Signed Vancouver Canucks Retro Logo Puck with HOF Note	
shopify_CA_8199294779481_43244438683737	Tom Wilson Signed Washington Capitals 2015 Winter Classic Souvenir Puck	
shopify_CA_8199294812249_43244438716505	Tom Wilson Signed Washington Capitals 2018 Stanley Cup Puck, Autographed, NHL, Hockey	
shopify_CA_8199294845017_43244438749273	Olaf Kolzig Autographed Washington Capitals Hockey Puck, Hand Signed, NHL	
shopify_CA_8199294910553_43244438847577	Adam Lowry Signed Winnipeg Jets Reverse Retro Dual Logo Puck, Autographed, NHL, Hockey	
shopify_CA_8199294943321_43244439863385	Adam Lowry Autographed Winnipeg Jets Hockey Puck, Hand Signed, NHL	
shopify_CA_8199294976089_43244439896153	Mark Scheifele Signed Winnipeg Jets Official Game Puck, Autographed, NHL, Hockey	
shopify_CA_8199295041625_43244439961689	Teemu Selanne Signed Winnipeg Jets Vintage Logo Puck with HOF Note	
shopify_CA_8199295107161_43244440059993	Cole Perfetti Signed Winnipeg Jets Official Game Puck, Autographed, NHL, Hockey	
shopify_CA_8199295139929_43244440092761	Cole Perfetti Autographed Winnipeg Jets Hockey Puck, Hand Signed, NHL	
shopify_CA_8199295172697_43244440125529	Connor Hellebuyck Signed Winnipeg Jets Reverse Retro Dual Logo Puck	
shopify_CA_8199295271001_43244440223833	Connor Hellebuyck Signed Winnipeg Jets Hockey Puck with 2020 Vezina Note	
shopify_CA_8199295303769_43244440256601	Shea Theodore Seattle Thunderbirds Signed Official Game Puck, Autographed, Canadian Hockey League, NHL	
shopify_CA_8199295402073_43244440354905	Taylor Hall Windsor Spitfires Autographed Hockey Puck, Hand Signed, Canadian Hockey League, NHL	
shopify_CA_8199295434841_43244440387673	Dustin Wolf Signed Team USA Hockey Puck, Autographed, NHL	
shopify_CA_8199295500377_43244440649817	Keith Tkachuk Autographed Team USA Hockey Puck, Hand Signed, NHL	
shopify_CA_8199295565913_43244440715353	Brett Hull Autographed Team USA Hockey Puck, Hand Signed, NHL	
shopify_CA_8199295598681_43244440748121	Corey Perry Team Canada Signed Hockey Canada Puck, Autographed, IIHF	
shopify_CA_8199295631449_43244440780889	Darryl Sittler Signed Team Canada Canada Cup Inglasco Puck, Autographed, IIHF, Hockey	
shopify_CA_8199295664217_43244440813657	Cole Perfetti Team Canada Autographed Hockey Puck, Hand Signed, IIHF	
shopify_CA_8199295696985_43244440846425	Bill Ranford Team Canada Autographed Canada Cup Hockey Puck, Hand Signed, IIHF	
shopify_CA_8199295729753_43244440879193	Bill Ranford Team Canada Signed Canada Cup Hockey Puck with 91 MVP Note	
shopify_CA_8199295762521_43244440911961	Pete Mahovlich Team Canada Autographed Canada Cup Hockey Puck	
shopify_CA_8199295828057_43244440977497	Pete Mahovlich Autographed 1972 Team Canada Summit Series Puck	
shopify_CA_8199295860825_43244441010265	Shayne Corson Team Canada Signed Hockey Canada Logo Puck, Autographed, IIHF	
shopify_CA_8199295893593_43244441043033	Jose Theodore Signed Team Canada Hockey Puck with 1996 WJ Gold Note	
shopify_CA_8199295926361_43244441075801	Jamie Drysdale Signed Team Canada Hockey Puck with 2020 WJC Gold Note	
shopify_CA_8199295959129_43244441108569	Simon Gagne Autographed Team Canada Hockey Puck, Hand Signed, IIHF	
shopify_CA_8199296024665_43244441174105	Jari Kurri Autographed Team Finland Hockey Puck	
shopify_CA_8199296057433_43244441206873	Mitch Marner Signed 2024 NHL All-Star Game Official Game Puck	
shopify_CA_8199296090201_43244441239641	Mike Richter Autographed 1994 NHL All-Star Game Puck with MVP Note	
shopify_CA_8199296122969_43244441272409	Mike Gartner Signed 1993 NHL All-Star Game Puck with MVP Note	
shopify_CA_8199296188505_43244441337945	Jari Kurri Autographed 1998 NHL All-Star Game Hockey Puck	
shopify_CA_8199296221273_43244441370713	Doug Gilmour Signed 1993 NHL All-Star Game Puck	
shopify_CA_8199296254041_43244441403481	Doug Gilmour Signed 1994 NHL All-Star Game Puck	
shopify_CA_8199296286809_43244441436249	Jeremy Swayman Autographed 2024 NHL All-Star Game Hockey Puck	
shopify_CA_8199296319577_43244441469017	Tomas Kaberle Autographed 2008 NHL All-Star Game Puck	
shopify_CA_8199296352345_43244441501785	Boone Jenner Autographed 2024 NHL All-Star Game Puck	
shopify_CA_8199296385113_43244441534553	Jari Kurri Signed NHL 100 Year Centennial Season Official Game Puck	
shopify_CA_8199296417881_43244441567321	Dave Keon Signed NHL Centennial Season Game Puck	
shopify_CA_8199296450649_43244441600089	Martin St Louis Signed NHL Centennial Season Game Puck	
shopify_CA_8199296483417_43244441632857	Nolan Patrick Signed NHL Centennial Season Official Game Puck	
shopify_CA_8199296548953_43244441698393	Tyler Seguin NHL Centennial Season Signed Official Game Puck	
shopify_CA_8199296581721_43244441731161	Mike Gartner Autographed Phoenix Coyotes Hockey Puck with HOF Note	
shopify_CA_8199296614489_43244441763929	Mike Johnson Signed Phoenix Coyotes Kachina Logo Puck	
shopify_CA_8199296647257_43244441796697	Jeremy Roenick Autographed Phoenix Coyotes Retro Logo Puck with HOF Note	
shopify_CA_8200584396889_43248930914393	John Carlson London Knights Autographed CHL CCM Jersey	
shopify_CA_8200584462425_43248930979929	Mark Recchi Kamloops Blazers Signed White CHL Jersey	
shopify_CA_8200585085017_43248932421721	Matthew Tkachuk Signed London Knights Green CCM Jersey	
shopify_CA_8200585117785_43248932487257	Mike Gartner Cincinnati Stingers Signed Vintage WHA Jersey	
shopify_CA_8200585183321_43248932552793	Mitch Marner London Knights Autographed CHL CCM Jersey	
shopify_CA_8200585216089_43248932585561	Morgan Rielly Moose Jaw Warriors Autographed CHL Hockey Jersey	
shopify_CA_8200585281625_43248932651097	Paul Coffey Sault Ste Greyhounds Autographed CHL Hockey Jersey	
shopify_CA_8200585314393_43248932683865	Rick Nash London Knights Autographed CHL CCM Jersey	
shopify_CA_8200585412697_43248933109849	Ryan Getzlaf Autographed Calgary Hitmen CHL CCM Jersey	
shopify_CA_8200585543769_43248933306457	Taylor Hall Windsor Spitfires Autographed CHL Hockey Jersey	
shopify_CA_8200585609305_43248933437529	Theo Fleury Moose Jaw Warriors Autographed CHL Hockey Jersey	
shopify_CA_8200585674841_43248933503065	Mason McTavish Autographed Anaheim Ducks Adidas Jersey	
shopify_CA_8200585740377_43248933568601	Ryan Miller Anaheim Ducks Signed & Dated Last Game Adidas Jersey #/30	
shopify_CA_8200585805913_43248933634137	Teemu Selanne Anaheim Ducks Signed Final Season Reebok Jersey	
shopify_CA_8200586035289_43248933863513	Adam Henrique Anaheim Ducks Autographed Adidas Jersey	
shopify_CA_8200586068057_43248933896281	Bobby Orr Boston Bruins Autographed Fanatics Jersey	
shopify_CA_8200586166361_43248934256729	Bobby Orr Signed Boston Bruins Retro Fanatics Jersey	
shopify_CA_8200586231897_43248934289497	Tim Thomas Signed Boston Bruins 2011 Stanley Cup Reebok Jersey #/30	
shopify_CA_8200586297433_43248934355033	Ray Bourque Signed Boston Bruins White Fanatics Jersey	
shopify_CA_8200586362969_43248934420569	Gabriel Landeskog Colorado Avalanche Signed 1st Game Reebok Jersey #/92	
shopify_CA_8200586428505_43248934486105	Matt Duchene Colorado Avalanche Signed Rookie Reebok Jersey, Autographed, NHL, Hockey	
shopify_CA_8200586526809_43248934584409	Ray Bourque Colorado Avalanche Autographed Reebok Jersey, Hand Signed, NHL, Hockey	
shopify_CA_8200586559577_43248934617177	Paul Coffey Chicago Blackhawks Autographed Fanatics Jersey, Hand Signed, NHL, Hockey	
shopify_CA_8200586625113_43248934682713	Jeremy Roenick Signed Chicago Blackhawks Fanatics Jersey with Goals Note	
shopify_CA_8200586657881_43248934715481	Ed Belfour Chicago Blackhawks Autographed Fanatics Jersey, Hand Signed, NHL, Hockey	
shopify_CA_8200586788953_43248934879321	Doug Gilmour Chicago Blackhawks Autographed Fanatics Jersey, Hand Signed, NHL, Hockey	
shopify_CA_8200586887257_43248935010393	Patrik Laine Autographed Columbus Blue Jackets Fanatics Jersey	
shopify_CA_8200586952793_43248935075929	Matthew Tkachuk Calgary Flames Signed & Dated 1st Goal Adidas Jersey	
shopify_CA_8200586985561_43248935108697	Marcel Dionne Detroit Red Wings Signed Retro Fanatics Jersey, Autographed, NHL, Hockey	
shopify_CA_8200587018329_43248935141465	Luc Robitaille Autographed Detroit Red Wings Retro Fanatics Jersey	
shopify_CA_8200587116633_43248935239769	Paul Coffey Detroit Red Wings Signed Retro Fanatics Jersey, Autographed, NHL, Hockey	
shopify_CA_8200587149401_43248935272537	Tyler Seguin Dallas Stars Autographed Reebok Jersey, Hand Signed, NHL, Hockey	
shopify_CA_8200587214937_43248935436377	Esa Tikkanen Edmonton Oilers Signed Retro Fanatics Jersey, Autographed, NHL, Hockey	
shopify_CA_8200587247705_43248935469145	Grant Fuhr Signed Edmonton Oilers 36x44 Jersey Frame, Autographed, NHL, Hockey	
shopify_CA_8200587313241_43248935534681	Paul Coffey Signed Edmonton Oilers 36x44 Jersey Frame, Autographed, NHL, Hockey	
shopify_CA_8200587346009_43248935567449	Dave Keon Hartford Whalers Signed Last Game Fanatics Retro Jersey	
shopify_CA_8200587411545_43248935632985	Paul Coffey Los Angeles Kings Signed Retro Fanatics Jersey, Autographed, NHL, Hockey	
shopify_CA_8200587477081_43248935698521	Jonathan Quick Signed LA Kings 2012 Conn Smythe Reebok Jersey	
shopify_CA_8200587509849_43248935731289	Mats Naslund Autographed Montreal Canadiens Fanatics Jersey, Hand Signed, NHL, Hockey	
shopify_CA_8200587575385_43248935796825	Steve Shutt Autographed Montreal Canadiens Fanatics Jersey, Hand Signed, NHL, Hockey	
shopify_CA_8200587608153_43248935829593	Denis Savard Signed Montreal Canadiens White Fanatics Jersey, Autographed, NHL, Hockey	
shopify_CA_8200587673689_43248935895129	Andy Moog Autographed Montreal Canadiens Fanatics Jersey, Hand Signed, NHL, Hockey	
shopify_CA_8200587739225_43248935960665	Alexei Kovalev Autographed Montreal Canadiens Fanatics Jersey	
shopify_CA_8200587804761_43248936255577	Jean Beliveau Signed Montreal Canadiens 36x44 Jersey Frame, Autographed, NHL, Hockey	
shopify_CA_8200587837529_43248936288345	John LeClair Montreal Canadiens Autographed Fanatics Jersey, Hand Signed, NHL, Hockey	
shopify_CA_8200587870297_43248936321113	Eric Staal Minnesota Wild Autographed Fanatics Jersey, Hand Signed, NHL, Hockey	
shopify_CA_8200587935833_43248936386649	Doug Gilmour New Jersey Devils Autographed Fanatics Jersey, Hand Signed, NHL, Hockey	
shopify_CA_8200587968601_43248936419417	Nico Hischier New Jersey Devils Autographed Adidas Jersey, Hand Signed, NHL, Hockey	
shopify_CA_8200588066905_43248936583257	Anders Lee New York Islanders Autographed Adidas Jersey, Hand Signed, NHL, Hockey	
shopify_CA_8200588132441_43248936648793	Luc Robitaille Autographed New York Rangers Fanatics Jersey, Hand Signed, NHL, Hockey	
shopify_CA_8200588230745_43248936747097	Mika Zibanejad New York Rangers Autographed Adidas Jersey, Hand Signed, NHL, Hockey	
shopify_CA_8200588263513_43248936779865	Pat LaFontaine Autographed New York Rangers Fanatics Jersey, Hand Signed, NHL, Hockey	
shopify_CA_8200588329049_43248936845401	Brian Leetch New York Rangers Signed Retro Fanatics Jersey, Autographed, NHL, Hockey	
shopify_CA_8200588361817_43248936878169	Brendan Shanahan New York Rangers Autographed Fanatics Jersey	
shopify_CA_8200588427353_43248936943705	Allan Stanley New York Rangers Autographed Fanatics Jersey, Hand Signed, NHL, Hockey	
shopify_CA_8200588492889_43248937074777	Artemi Panarin New York Rangers Autographed Adidas Jersey, Hand Signed, NHL, Hockey	
shopify_CA_8200588525657_43248937107545	Adam Fox New York Rangers Signed White Adidas Jersey, Autographed, NHL, Hockey	
shopify_CA_8200588623961_43248937205849	Jacob Trouba New York Rangers Autographed Adidas Jersey, Hand Signed, NHL, Hockey	
shopify_CA_8200588689497_43248937238617	Josh Norris Ottawa Senators Autographed Black Fanatics Jersey	
shopify_CA_8200588722265_43248942284889	Jason Spezza Ottawa Senators Autographed Fanatics Jersey, Hand Signed, NHL, Hockey	
shopify_CA_8200588787801_43248942350425	Chris Phillips Ottawa Senators Autographed Fanatics Jersey, Hand Signed, NHL, Hockey	
shopify_CA_8200588820569_43248942383193	Mika Zibanejad Ottawa Senators Signed & Dated 1st Game Fanatics Jersey	
shopify_CA_8200588918873_43248942481497	Nolan Patrick Philadelphia Flyers Autographed Fanatics Jersey	
shopify_CA_8200588951641_43248942514265	Paul Coffey Philadelphia Flyers Autographed Fanatics Jersey, Hand Signed, NHL, Hockey	
shopify_CA_8200589017177_43248942579801	Chris Pronger Signed Philadelphia Flyers Vintage Reebok Jersey	
shopify_CA_8200589049945_43248942612569	Evgeni Malkin Signed Pittsburgh Penguins Art Ross Adidas Jersey	
shopify_CA_8200589115481_43248942678105	Evgeni Malkin Pittsburgh Penguins Autographed Adidas Jersey, Hand Signed, NHL, Hockey	
shopify_CA_8200589148249_43248942710873	Joe Mullen Autographed Pittsburgh Penguins Fanatics Jersey, Hand Signed, NHL, Hockey	
shopify_CA_8200589213785_43248942776409	Alexei Kovalev Autographed Pittsburgh Penguins Fanatics Jersey	
shopify_CA_8200589279321_43248942841945	Wendel Clark Quebec Nordiques Signed Retro Fanatics Jersey, Autographed, NHL, Hockey	
shopify_CA_8200589312089_43248942874713	Eric Lindros Quebec Nordiques Signed Retro Fanatics Jersey, Autographed, NHL, Hockey	
shopify_CA_8200589377625_43248942973017	Logan Couture San Jose Sharks Signed & Dated 1st Goal Reebok Jersey #/39	
shopify_CA_8200589443161_43248943038553	Tomas Hertl Autographed San Jose Sharks Reebok Jersey, Hand Signed, NHL, Hockey	
shopify_CA_8200589475929_43248943071321	Vince Dunn Signed Seattle Kraken Reverse Retro 2.0 Adidas Jersey	
shopify_CA_8200589541465_43248943136857	Jared McCann Autographed Seattle Kraken Adidas Jersey, Hand Signed, NHL, Hockey	
shopify_CA_8200589738073_43248943333465	Grant Fuhr St. Louis Blues Signed Games Record Vintage Fanatics Jersey #/31	
shopify_CA_8200589770841_43248943366233	Robert Thomas Signed St. Louis Blues Reverse Retro 2.0 Adidas Jersey	
shopify_CA_8200589836377_43248943431769	Steven Stamkos Signed Tampa Bay Lightning Rocket Trophy Adidas Jersey	
shopify_CA_8200589901913_43248943497305	Doug Gilmour Signed Toronto Maple Leafs 36x44 Jersey Frame, Autographed, NHL, Hockey	
shopify_CA_8200590000217_43248943595609	Johnny Bower Signed Toronto Maple Leafs 36x44 Jersey Frame, Autographed, NHL, Hockey	
shopify_CA_8200590065753_43248943693913	Joe Nieuwendyk Signed Toronto Maple Leafs White Fanatics Jersey	
shopify_CA_8200590164057_43248943792217	Mike Gartner Toronto Maple Leafs Autographed Fanatics Jersey, Hand Signed, NHL, Hockey	
shopify_CA_8200590360665_43248944021593	Mitch Marner Toronto Maple Leafs Autographed Adidas Jersey, Hand Signed, NHL, Hockey	
shopify_CA_8200590426201_43248944087129	Rick Vaive Signed Toronto Maple Leafs White Fanatics Jersey, Autographed, NHL, Hockey	
shopify_CA_8200590524505_43248944185433	Adam Oates Autographed Washington Capitals Fanatics Jersey, Hand Signed, NHL, Hockey	
shopify_CA_8200590819417_43248944513113	Josh Morrissey Winnipeg Jets Autographed Adidas Jersey, Hand Signed, NHL, Hockey	
shopify_CA_8200590917721_43248944611417	Dale Hawerchuk Winnipeg Jets Signed Vintage 36x44 Jersey Frame	
shopify_CA_8200590983257_43248944676953	Blake Wheeler Winnipeg Jets Autographed Fanatics Jersey, Hand Signed, NHL, Hockey	
shopify_CA_8200591048793_43248944742489	Nathan MacKinnon Signed Halifax Mooseheads CHL CCM Jersey, Autographed, Canadian Hockey League, NHL	
shopify_CA_8200591114329_43248944808025	Bobby Orr Autographed Oshawa Generals CHL CCM Jersey, Hand Signed, Canadian Hockey League, NHL	
shopify_CA_8200591179865_43248944873561	Pete Mahovlich 1972 Summit Series Signed Team Canada Hockey Jersey	
shopify_CA_8200591278169_43248944971865	Denis Potvin Autographed Team Canada Custom Jersey, Hand Signed, IIHF, Hockey	
shopify_CA_8200591343705_43248945037401	Brendan Shanahan Team Canada Autographed Centennial Jersey, Hand Signed, IIHF, Hockey	
shopify_CA_8200591376473_43248945070169	Frank Mahovlich Team Canada Signed Red 1972 Summit Series Jersey	
shopify_CA_8200591474777_43248945168473	Guy Lapointe 1972 Summit Series Signed Team Canada Hockey Jersey	
shopify_CA_8200591540313_43248945234009	Filip Forsberg Team Sweden Autographed Hockey Jersey, Hand Signed, NHL	
shopify_CA_8200591638617_43248945332313	Jack Campbell Signed 2022 NHL All-Star 1st ASG Game Adidas Jersey /#22	
shopify_CA_8200591704153_43248945397849	Artemi Panarin Signed 2023 All-Star Game Adidas Jersey, Autographed, NHL, Hockey	
shopify_CA_8200591736921_43248945430617	Jeremy Roenick Autographed Phoenix Coyotes Kachina Fanatics Jersey	
shopify_CA_8200591802457_43248945496153	Shane Doan Signed Arizona Coyotes Vintage Reebok Jersey, Autographed, NHL, Hockey	
shopify_CA_8200591835225_43248945561689	Logan Cooley Arizona Coyotes Signed & Dated 1st Game Adidas Jersey /92	
shopify_CA_8200591867993_43248945627225	Teemu Selanne Signed Anaheim Ducks Black Fanatics Breakaway Jersey	
shopify_CA_8200592130137_43248945922137	Brad Marchand Autographed Boston Bruins Fanatics Premium Jersey	
shopify_CA_8200592162905_43248945954905	Ray Bourque Signed Boston Bruins Puck Logo 36x44 Jersey Frame	
shopify_CA_8200592228441_43248946020441	Pierre Turgeon Signed Buffalo Sabres Fanatics Breakaway Jersey with 1st Pick	
shopify_CA_8200592293977_43248946085977	Pat LaFontaine Signed Buffalo Sabres Puck Logo 36x44 Jersey Frame	
shopify_CA_8200592326745_43248946118745	Jarome Iginla Autographed Colorado Avalanche Vintage Reebok Jersey	
shopify_CA_8200592359513_43248946151513	Peter Forsberg Signed Colorado Avalanche Vintage Reebok Jersey	
shopify_CA_8200592425049_43248946217049	Teemu Selanne Signed Colorado Avalanche Vintage Reebok Jersey	
shopify_CA_8200592457817_43248946249817	Kevin Korchinski Autographed Chicago Blackhawks Red Adidas Jersey	
shopify_CA_8200592523353_43248946315353	Phil Esposito Signed Chicago Blackhawks Fanatics Breakaway Jersey	
shopify_CA_8200592588889_43248946413657	Zach Werenski Autographed Columbus Blue Jackets Adidas Jersey	
shopify_CA_8200592818265_43248946675801	Lanny McDonald Signed Calgary Flames Puck Logo 36x44 Jersey Frame	
shopify_CA_8200592916569_43248946872409	Mike Vernon Signed Detroit Red Wings Throwback Fanatics Jersey with 97 Note	
shopify_CA_8200592949337_43248946905177	Adam Henrique Signed Edmonton Oilers 2024 Stanley Cup Adidas Jersey	
shopify_CA_8200593047641_43248947003481	Sam Reinhart Florida Panthers Signed & Inscribed 2024 Stanley Cup Adidas Jersey	
shopify_CA_8200593211481_43248947167321	Roberto Luongo Signed Florida Panthers Vintage Reebok Jersey, Autographed, NHL, Hockey	
shopify_CA_8200593277017_43248947265625	Aaron Ekblad Signed Florida Panthers 2024 Stanley Cup Adidas Jersey	
shopify_CA_8200593440857_43248947396697	Dino Ciccarelli Autographed Florida Panthers Red Fanatics Breakaway Jersey	
shopify_CA_8200593539161_43248947495001	Joe Thornton Autographed Florida Panthers Red Fanatics Breakaway Jersey	
shopify_CA_8200593604697_43248947560537	Vincent Trocheck Autographed Florida Panthers Fanatics Breakaway Jersey	
shopify_CA_8200593670233_43248947626073	Jari Kurri Autographed Los Angeles Kings Fanatics Throwback Jersey	
shopify_CA_8200593735769_43248947691609	William Karlsson Autographed Vegas Golden Knights Fanatics Premium Jersey	
shopify_CA_8200593768537_43248947724377	Larry Robinson Signed Montreal Canadiens Puck Logo 36x44 Jersey Frame	
shopify_CA_8200593834073_43248947789913	Larry Robinson Autographed Montreal Canadiens Red Fanatics Breakaway Jersey	
shopify_CA_8200593965145_43248947920985	Filip Forsberg Autographed Nashville Predators Fanatics Premium Jersey	
shopify_CA_8200593997913_43248947953753	Steve Thomas Autographed New York Islanders Blue Fanatics Breakaway Jersey	
shopify_CA_8200594063449_43248948019289	Mike Gartner Autographed New York Rangers Blue Fanatics Breakaway Jersey	
shopify_CA_8200594161753_43248948117593	Claude Giroux Signed Ottawa Senators Reverse Retro 2.0 Adidas Jersey	
shopify_CA_8200594194521_43248948150361	Evgeni Malkin Autographed Pittsburgh Penguins Fanatics Premium Jersey	
shopify_CA_8200594260057_43248948215897	Joe Sakic Signed Quebec Nordiques Fanatics Breakaway Retro Jersey	
shopify_CA_8200594292825_43248948248665	Gary Leeman Autographed Toronto Maple Leafs Blue Fanatics Breakaway Jersey	
shopify_CA_8200594325593_43248948281433	Anthony Stolarz Autographed Toronto Maple Leafs Fanatics Premium Jersey	
shopify_CA_8200594391129_43248948346969	Todd Bertuzzi Autographed Vancouver Canucks Fanatics Breakaway Jersey	
shopify_CA_8200594456665_43248948412505	Richard Brodeur Signed Vancouver Canucks Black Fanatics Throwback Jersey	
shopify_CA_8200594489433_43248948445273	Mark Scheifele Autographed Winnipeg Jets Blue Adidas Jersey, Hand Signed, NHL, Hockey	
shopify_CA_8200594522201_43248948478041	Teemu Selanne Signed Winnipeg Jets Special Edition Fanatics Breakaway Jersey	
shopify_CA_8200594587737_43248948543577	Connor Hellebuyck Autographed Winnipeg Jets Fanatics Premium Jersey	
shopify_CA_8200594620505_43248948576345	Tom Glavine Autographed Atlanta Braves White Majestic Jersey, Hand Signed, MLB, Baseball	
shopify_CA_8200594686041_43248948641881	Andy Moog Autographed Team Canada Custom Hockey Nation Jersey	
shopify_CA_8200594718809_43248948674649	Mitch Marner Signed 2024 NHL All-Star Game Blue Adidas Jersey	
shopify_CA_8200594784345_43248948740185	Sam Reinhart Signed & Inscribed 2024 NHL All-Star Game Adidas Jersey #/13	
shopify_CA_8200594817113_43248948772953	Mike Gartner Signed Phoenix Coyotes Black Kachina Fanatics Breakaway Jersey	
shopify_CA_8201621340249_43253315731545	Damon Allen Toronto Argonauts Autographed 8x10 Photo, Hand Signed, CFL, Football, Photograph	
shopify_CA_8201621373017_43253315764313	Damon Allen BC Lions Autographed CFL Football 8x10 Photo, Hand Signed, Photograph	
shopify_CA_8201621405785_43253315797081	Roberto Alomar Autographed Toronto Blue Jays Batting 8x10 Photo	
shopify_CA_8201621471321_43253315862617	Dave Andreychuk Buffalo Sabres Signed Game Action 8x10 Photo, Autographed, NHL, Hockey, Photograph	
shopify_CA_8201621504089_43253315895385	JP Arencibia Toronto Blue Jays Autographed Blocking Home Plate 8x10 Photo	
shopify_CA_8201621536857_43253315928153	Kent Austin Saskatchewan Roughriders Signed Quarterback Pass 8x10 Photo	
shopify_CA_8201621569625_43253315960921	Bill Barber Philadelphia Flyers Autographed Action 8x10 Photo	
shopify_CA_8201621602393_43253315993689	Jesse Barfield Autographed New York Yankees Batting 8x10 Photo	
shopify_CA_8201621700697_43253316091993	Tom Barrasso Buffalo Sabres Autographed Goalie 8x10 Photo, Hand Signed, NHL, Hockey, Photograph	
shopify_CA_8201621733465_43253316124761	Tom Barrasso Pittsburgh Penguins Autographed Stanley Cup 8x10 Photo	
shopify_CA_8201621799001_43253316190297	Brutus the Barber Beefcake Signed Tag Team Wrestling 8x10 Photo	
shopify_CA_8201621864537_43253316255833	Adriano Belli Toronto Argonauts Autographed Kissing Bandit CFL 8x10 Photo	
shopify_CA_8201621897305_43253316288601	Ed Belfour Chicago Blackhawks Autographed Goalie Action 8x10 Photo	
shopify_CA_8201621930073_43253316321369	Ed Belfour Team Canada Signed Canada Cup Tournament 8x10 Photo	
shopify_CA_8201622028377_43253316419673	George Bell, Lloyd Moseby & Jesse Barfield Signed Toronto Blue Jays 8x10 Photo	
shopify_CA_8201622061145_43253316452441	George Bell Toronto Blue Jays Autographed Powder Blue Batting 8x10 Photo	
shopify_CA_8201622093913_43253316485209	Jean Beliveau Montreal Canadiens Autographed Stanley Cup 8x10 Photo	
shopify_CA_8201622126681_43253316517977	Jean Beliveau Montreal Canadiens Autographed Captain Action 8x10 Photo	
shopify_CA_8201622159449_43253316550745	Sam Bennett Calgary Flames Signed Hockey 8x10 Photo, Autographed, NHL, Photograph	
shopify_CA_8201622192217_43253316583513	Todd Bertuzzi Detroit Red Wings Autographed Hockey Game Action 8x10 Photo	
shopify_CA_8201622224985_43253316616281	Sergei Bobrovsky Signed Florida Panthers Goalie Mask Profile 8x10 Photo	
shopify_CA_8201622421593_43253316812889	Dave Bolland Chicago Blackhawks Autographed 2010 Stanley Cup 8x10 Photo	
shopify_CA_8201622454361_43253316845657	Peter Bondra Washington Capitals Autographed Skating 8x10 Photo	
shopify_CA_8201622487129_43253316878425	Adam Boqvist Columbus Blue Jackets Signed Playmaker 8x10 Photo	
shopify_CA_8201622618201_43253317009497	Pat Borders Toronto Blue Jays Signed World Series 8x10 Photo, Autographed, MLB, Baseball, Photograph	
shopify_CA_8201622650969_43253317042265	Mike Bossy Team Canada Signed Canada Cup 8x10 Photo, Autographed, IIHF, Hockey, Photograph	
shopify_CA_8201622683737_43253317075033	Mike Bossy Autographed New York Islanders 8x10 Photo, Hand Signed, NHL, Hockey, Photograph	
shopify_CA_8201622814809_43253317206105	Mike Bossy Signed New York Islanders Stanley Cup 8x10 Photo, Autographed, NHL, Hockey, Photograph	
shopify_CA_8201622880345_43253317271641	Mike Bossy Signed New York Islanders Goal Celebration 8x10 Photo	
shopify_CA_8201622945881_43253317337177	Ray Bourque Boston Bruins Autographed Passing 8x10 Photo, Hand Signed, NHL, Hockey, Photograph	
shopify_CA_8201623011417_43253317402713	Ray Bourque Boston Bruins Autographed Overhead Hockey 8x10 Photo	
shopify_CA_8201623076953_43253317468249	Ray Bourque Signed Hall of Fame Journey Collage 8x10 Photo, Autographed, NHL, Hockey, Photograph	
shopify_CA_8201623208025_43253317599321	Ray Bourque Colorado Avalanche Signed Ice Spray 8x10 Photo, Autographed, NHL, Hockey, Photograph	
shopify_CA_8201623240793_43253317632089	Ray Bourque Team Canada Autographed Canada Cup 8x10 Photo, Hand Signed, IIHF, Hockey, Photograph	
shopify_CA_8201623273561_43253317664857	Ray Bourque Autographed NHL All-Star Game Action 8x10 Photo, Hand Signed, Hockey, Photograph	
shopify_CA_8201623437401_43253317828697	Dan Boyle Team Canada Signed 2010 Olympic 8x10 Photo, Autographed, IIHF, Hockey, Photograph	
shopify_CA_8201623502937_43253317894233	Martin Brodeur Signed New Jersey Devils Goalie Mask Profile 8x10 Photo	
shopify_CA_8201623601241_43253317992537	Martin Brodeur New Jersey Devils Signed Overhead Goal Crease 8x10 Photo	
shopify_CA_8201623699545_43253318090841	Martin Brodeur New Jersey Devils Signed Win Record Celebration 8x10 Photo	
shopify_CA_8201623797849_43253318189145	Martin Brodeur Team Canada Signed 2002 Gold Medal Celebration 8x10 Photo	
shopify_CA_8201623896153_43253318287449	Johnny Bucyk Boston Bruins Autographed Hockey 8x10 Photo, Hand Signed, NHL, Photograph	
shopify_CA_8201623994457_43253318385753	Pavel Bure & Trevor Linden Vancouver Canucks Dual Signed Spotlight 8x10 Photo	
shopify_CA_8201624059993_43253318451289	Bowen Byram Colorado Avalanche Signed & Dated 1st Goal 8x10 Photo #/44	
shopify_CA_8201624223833_43253318615129	Anthony Calvillo Montreal Alouettes Signed Close-Up Passing 8x10 Photo	
shopify_CA_8201624354905_43253318746201	Joe Carter Signed Toronto Blue Jays 1993 World Series Home Run 8x10 Photo	
shopify_CA_8201624387673_43253318778969	Joe Carter Autographed Toronto Blue Jays World Series Walk Off 8x10 Photo	
shopify_CA_8201624453209_43253318844505	Wes Cates Saskatchewan Roughriders Autographed CFL Action 8x10 Photo	
shopify_CA_8201624551513_43253318942809	Chris Chelios Autographed Montreal Canadiens Hockey 8x10 Photo	
shopify_CA_8201624617049_43253319008345	Don Cherry Coach's Corner Autographed Detroit Octopus 8x10 Photo	
shopify_CA_8201624682585_43253319073881	Don Cherry Autographed Plaid Suit Flames Faceoff Spotlight 8x10 Photo	
shopify_CA_8201624715353_43253319106649	Don Cherry Autographed Hockey Night in Canada 8x10 Photo, Hand Signed, NHL, Photograph	
shopify_CA_8201624748121_43253319139417	Don Cherry Signed Vancouver Canucks 8x10 Photo, Autographed, NHL, Hockey, Photograph	
shopify_CA_8201624780889_43253319172185	Dino Ciccarelli Washington Capitals Autographed Hockey Sniper 8x10 Photo	
shopify_CA_8201624813657_43253319204953	Bobby Clarke & Bill Barber Philadelphia Flyers Dual Signed 8x10 Photo	
shopify_CA_8201624846425_43253319237721	Bobby Clarke Philadelphia Flyers Autographed Toothless Action 8x10 Photo	
shopify_CA_8201624879193_43253319270489	Wendel Clark Signed Toronto Maple Leafs Bloody Warrior 8x10 Photo	
shopify_CA_8201624911961_43253319303257	Paul Coffey Detroit Red Wings Autographed Action 8x10 Photo, Hand Signed, NHL, Hockey, Photograph	
shopify_CA_8201624944729_43253319336025	Paul Coffey Philadelphia Flyers Autographed Hockey Rush 8x10 Photo	
shopify_CA_8201624977497_43253319368793	Paul Coffey Los Angeles Kings Autographed Hockey 8x10 Photo, Hand Signed, NHL, Photograph	
shopify_CA_8201625010265_43253319401561	Paul Coffey Pittsburgh Penguins Autographed Playmaker 8x10 Photo	
shopify_CA_8201625075801_43253319467097	Kyle Connor Winnipeg Jets Signed Skater 8x10 Photo, Autographed, NHL, Hockey, Photograph	
shopify_CA_8201625108569_43253319499865	Kyle Connor Winnipeg Jets Signed Alt Skater 8x10 Photo, Autographed, NHL, Hockey, Photograph	
shopify_CA_8201625174105_43253319598169	Logan Cooley Signed Arizona Coyotes Playmaker 8x10 Photo, Autographed, NHL, Hockey, Photograph	
shopify_CA_8201625239641_43253319663705	Pavel Datsyuk Detroit Red Wings Autographed Spotlight 8x10 Photo	
shopify_CA_8201625272409_43253319696473	Carlos Delgado Toronto Blue Jays Autographed Batting 8x10 Photo	
shopify_CA_8201625305177_43253319729241	Demar Derozan Signed Toronto Raptors Spotlight Netcam Dunk 8x10 Photo	
shopify_CA_8201625337945_43253319762009	Demar Derozan Toronto Raptors Autographed Basketball 8x10 Photo	
shopify_CA_8201625436249_43253319893081	Shane Doan Arizona Coyotes Autographed Hockey 8x10 Photo, Hand Signed, NHL, Photograph	
shopify_CA_8201625469017_43253319925849	Shane Doan Signed Arizona Coyotes Final Game Farewell 8x10 Photo	
shopify_CA_8201625501785_43253319958617	Josh Donaldson Toronto Blue Jays Autographed Batting 8x10 Photo	
shopify_CA_8201625567321_43253320024153	Vince Dunn Signed Seattle Kraken Reverse Retro 8x10 Photo, Autographed, NHL, Hockey, Photograph	
shopify_CA_8201625600089_43253320056921	Jack Eichel Buffalo Sabres Signed 1st NHL Goal 8x10 Photo, Autographed, Hockey, Photograph	
shopify_CA_8201625632857_43253320089689	Aaron Ekblad Barrie Colts Autographed OHL Rookie Action 8x10 Photo	
shopify_CA_8201625665625_43253320122457	Oliver Ekman-Larsson Arizona Coyotes Signed Hockey 8x10 Photo	
shopify_CA_8201625731161_43253320187993	Marco Estrada Toronto Blue Jays Autographed Playoffs Pitching 8x10 Photo	
shopify_CA_8201625763929_43253320220761	Bob Feller Cleveland Indians Autographed Black & White Pitching 8x10 Photo	
shopify_CA_8201625796697_43253320253529	Cecil Fielder Autographed New York Yankees World Series 8x10 Photo	
shopify_CA_8201625829465_43253320286297	Cecil Fielder Autographed Toronto Blue Jays 8x10 Photo, Hand Signed, MLB, Baseball, Photograph	
shopify_CA_8201625862233_43253320319065	Theo Fleury Signed Belfast Giants Hockey Champion 8x10 Photo, Autographed, Theoren Fleury, NHL, Photograph	
shopify_CA_8201625927769_43253320384601	Theo Fleury Calgary Flames Autographed Hockey 8x10 Photo, Hand Signed, Theoren Fleury, NHL, Photograph	
shopify_CA_8201625960537_43253320417369	Theo Fleury Calgary Flames Signed Captain 8x10 Photo, Autographed, Theoren Fleury, NHL, Hockey, Photograph	
shopify_CA_8201625993305_43253320450137	Nick Foligno Columbus Blue Jackets Autographed Playmaker 8x10 Photo	
shopify_CA_8201626026073_43253320482905	Filip Forsberg Nashville Predators Autographed Hockey 8x10 Photo	
shopify_CA_8201626058841_43253320548441	Filip Forsberg Signed Nashville Predators Slapshot 8x10 Photo	
shopify_CA_8201626124377_43253320613977	Peter Forsberg Philadelphia Flyers Autographed Action 8x10 Photo	
shopify_CA_8201626189913_43253320712281	Peter Forsberg Colorado Avalanche Autographed Action 8x10 Photo	
shopify_CA_8201626255449_43253320777817	Grant Fuhr Signed Edmonton Oilers Mask Close-Up 8x10 Photo, Autographed, NHL, Hockey, Photograph	
shopify_CA_8201626288217_43253320810585	Grant Fuhr Autographed Edmonton Oilers Kick Save 8x10 Photo, Hand Signed, NHL, Hockey, Photograph	
shopify_CA_8201626320985_43253320843353	Grant Fuhr Autographed St. Louis Blues Goalie 8x10 Photo, Hand Signed, NHL, Hockey, Photograph	
shopify_CA_8201626353753_43253320876121	Tony Gabriel Hamilton Tiger-Cats Autographed CFL Close-Up 8x10 Photo	
shopify_CA_8201626419289_43253320941657	Bill Gadsby Chicago Blackhawks Autographed Black & White 8x10 Photo	
shopify_CA_8201626452057_43253320974425	Jeff Garcia San Francisco 49Ers Autographed NFL Football 8x10 Photo	
shopify_CA_8201626484825_43253321007193	Jeff Garcia Calgary Stampeders Autographed CFL Football 8x10 Photo	
shopify_CA_8201626517593_43253321039961	Mike Gartner Minnesota North Stars Autographed 8x10 Photo, Hand Signed, NHL, Hockey, Photograph	
shopify_CA_8201626550361_43253321072729	Mike Gartner Washington Capitals Autographed 8x10 Photo, Hand Signed, NHL, Hockey, Photograph	
shopify_CA_8201626583129_43253321105497	Johnny Gaudreau Autographed Calgary Flames Aerial Pursuit 8x10 Photo	
shopify_CA_8201626648665_43253321203801	Johnny Gaudreau Signed Calgary Flames Jagr Last Point 8x10 Photo	
shopify_CA_8201626681433_43253321236569	Johnny Gaudreau Autographed Calgary Flames Netcam 8x10 Photo, Hand Signed, NHL, Hockey, Photograph	
shopify_CA_8201626714201_43253321269337	Johnny Gaudreau Calgary Flames Signed Dark Sniper Spotlight 8x10 Photo	
shopify_CA_8201626746969_43253321302105	Johnny Gaudreau Calgary Flames Signed Puck Toss 8x10 Photo, Autographed, NHL, Hockey, Photograph	
shopify_CA_8201626779737_43253321334873	Ryan Getzlaf Anaheim Ducks Autographed 2007 Stanley Cup 8x10 Photo	
shopify_CA_8201626812505_43253321367641	J.S. Giguere Anaheim Ducks Signed 2007 Stanley Cup 8x10 Photo, Autographed, NHL, Hockey, Photograph	
shopify_CA_8201626878041_43253321498713	Doug Gilmour Chicago Blackhawks Autographed 8x10 Photo, Hand Signed, NHL, Hockey, Photograph	
shopify_CA_8201626943577_43253321629785	Doug Gilmour & Dave Andreychuk Toronto Maple Leafs Dual Signed 8x10 Photo	
shopify_CA_8201626976345_43253321662553	Doug Gilmour Toronto Maple Leafs Autographed Bloody Warrior 8x10 Photo	
shopify_CA_8201627009113_43253321695321	Doug Gilmour Autographed Calgary Flames Hockey 8x10 Photo, Hand Signed, NHL, Photograph	
shopify_CA_8201627074649_43253321760857	Doug Gilmour Autographed St. Louis Blues Hockey 8x10 Photo, Hand Signed, NHL, Photograph	
shopify_CA_8201627140185_43253321826393	Tom Glavine Autographed Atlanta Braves Pitching 8x10 Photo, Hand Signed, MLB, Baseball, Photograph	
shopify_CA_8201627172953_43253321859161	Anthony Gose Toronto Blue Jays Autographed Base Stealing 8x10 Photo	
shopify_CA_8201627205721_43253321891929	Cammi Granato Team USA Autographed Olympic Hockey 8x10 Photo, Hand Signed, NHL, Photograph	
shopify_CA_8201627238489_43253321924697	Shawn Green Los Angeles Dodgers Autographed 8x10 Photo, Hand Signed, MLB, Baseball, Photograph	
shopify_CA_8201627271257_43253321957465	Mikhail Grigorenko Buffalo Sabres Autographed Action 8x10 Photo	
shopify_CA_8201627304025_43253321990233	Glenn Hall Chicago Blackhawks Autographed Glove Save 8x10 Photo	
shopify_CA_8201627336793_43253322023001	Taylor Hall Edmonton Oilers Signed Record 2 Goals in 8 Seconds 8x10 Photo	
shopify_CA_8201627369561_43253322055769	Taylor Hall Edmonton Oilers Signed Close-Up 8x10 Photo, Autographed, NHL, Hockey, Photograph	
shopify_CA_8201627402329_43253322088537	Taylor Hall Edmonton Oilers Signed Puck Control 8x10 Photo, Autographed, NHL, Hockey, Photograph	
shopify_CA_8201627435097_43253322121305	Taylor Hall Edmonton Oilers Autographed Hat Trick 8x10 Photo, Hand Signed, NHL, Hockey, Photograph	
shopify_CA_8201627467865_43253322154073	Taylor Hall Autographed Windsor Spitfires Game Action 8x10 Photo	
shopify_CA_8201627500633_43253322186841	Tracy Ham Edmonton Eskimos Autographed CFL Football 8x10 Photo	
shopify_CA_8201627533401_43253322219609	Tracy Ham Baltimore Stallions Autographed CFL Football 8x10 Photo	
shopify_CA_8201627598937_43253322285145	Ja Happ Signed Toronto Blue Jays Baseball 11x14 Photo, Autographed, MLB, Photograph	
shopify_CA_8201627631705_43253322317913	Bret Hitman Hart WWE Autographed Sharpshooter Wrestling 8x10 Photo	
shopify_CA_8201627664473_43253322350681	Dale Hawerchuk Philadelphia Flyers Autographed Hockey 8x10 Photo	
shopify_CA_8201627697241_43253322383449	Dale Hawerchuk Winnipeg Jets Autographed Captain 8x10 Photo, Hand Signed, NHL, Hockey, Photograph	
shopify_CA_8201627730009_43253322416217	Dany Heatley San Jose Sharks Autographed Hockey 8x10 Photo, Hand Signed, NHL, Photograph	
shopify_CA_8201627762777_43253322448985	Adam Henrique Anaheim Ducks Autographed Hockey Spotlight 8x10 Photo	
shopify_CA_8201627795545_43253322481753	Paul Henderson Autographed Toronto Toros 8x10 Photo, Hand Signed, World Hockey Association, NHL, Photograph	
shopify_CA_8201627828313_43253322514521	Paul Henderson Team Canada Autographed 1972 Series Winning Goal 8x10 Photo	
shopify_CA_8201627926617_43253322612825	Paul Henderson & Vlad Tretiak Dual Signed 1972 Summit Series Goal 8x10 Photo	
shopify_CA_8201628057689_43253322743897	Tom Henke Toronto Blue Jays Autographed 8x10 Photo, Hand Signed, MLB, Baseball, Photograph	
shopify_CA_8201628090457_43253322809433	Ron Hextall Philadelphia Flyers Autographed in Goal 8x10 Photo	
shopify_CA_8201628155993_43253322874969	Ron Hextall Philadelphia Flyers Autographed Kick Save 8x10 Photo	
shopify_CA_8201628319833_43253323038809	Marian Hossa Chicago Blackhawks Signed & Inscribed 2010 Stanley Cup 8x10 Photo	
shopify_CA_8201628418137_43253323137113	Phil Housley Buffalo Sabres Autographed Legend 8x10 Photo, Hand Signed, NHL, Hockey, Photograph	
shopify_CA_8201628450905_43253323169881	Gordie Howe Detroit Red Wings Autographed Hart and Art Ross 8x10 Photo	
shopify_CA_8201628581977_43253323300953	Gordie Howe Detroit Red Wings Autographed Puck Battle 8x10 Photo	
shopify_CA_8201628680281_43253323399257	Gordie Howe, Mark Howe & Marty Howe Signed Houston Aeros WHA 8x10 Photo	
shopify_CA_8201628713049_43253323432025	Brett Hull Signed Dallas Stars 1999 Stanley Cup Winning Goal 8x10 Photo	
shopify_CA_8201628778585_43253323497561	Brett Hull Signed St. Louis Blues Hero Profile 8x10 Photo, Autographed, NHL, Hockey, Photograph	
shopify_CA_8201628811353_43253323530329	Brett Hull & Adam Oates Dual Signed St. Louis Blues Hockey 8x10 Photo	
shopify_CA_8201628844121_43253323563097	Jarome Iginla & Lanny McDonald Dual Signed Calgary Flames 8x10 Photo	
shopify_CA_8201628876889_43253323595865	Jarome Iginla Kamloops Blazers Autographed Action 8x10 Photo, Hand Signed, Canadian Hockey League, NHL, Photograph	
shopify_CA_8201628942425_43253323661401	Jarome Iginla Signed Calgary Flames Intensity 8x10 Photo, Autographed, NHL, Hockey, Photograph	
shopify_CA_8201628975193_43253323726937	Russ Jackson Ottawa Rough Riders Autographed CFL 8x10 Photo, Hand Signed, Football, Photograph	
shopify_CA_8201629007961_43253323759705	Tom Johnson Montreal Canadiens Autographed Black & White Action 8x10 Photo	
shopify_CA_8201629040729_43253323792473	Tomas Kaberle Autographed Toronto Maple Leafs Slapshot 8x10 Photo	
shopify_CA_8201629073497_43253323825241	Erik Karlsson Ottawa Senators Autographed Spotlight 8x10 Photo	
shopify_CA_8201629106265_43253323858009	Red Kelly vs Alex Delvecchio Dual Signed Original Six Rivals 8x10 Photo	
shopify_CA_8201629171801_43253323923545	Red Kelly Toronto Maple Leafs Signed Vintage Action 8x10 Photo	
shopify_CA_8201629204569_43253323956313	Red Kelly Detroit Red Wings Autographed Vintage Action 8x10 Photo	
shopify_CA_8201629270105_43253324021849	Teeder Kennedy Toronto Maple Leafs Signed Stanley Cup 8x10 Photo	
shopify_CA_8201629302873_43253324054617	Dave Keon Toronto Maple Leafs Signed Black & White Stanley Cup 8x10 Photo	
shopify_CA_8201629335641_43253324087385	Dave Keon Toronto Maple Leafs Autographed Hockey 8x10 Photo, Hand Signed, NHL, Photograph	
shopify_CA_8201629368409_43253324120153	Dave Keon Hartford Whalers Autographed Final Season 8x10 Photo	
shopify_CA_8201629401177_43253324152921	Ryan Kesler Anaheim Ducks Autographed Horizontal Playmaker 8x10 Photo	
shopify_CA_8201629433945_43253324185689	Jari Kurri Autographed Los Angeles Kings Hockey 8x10 Photo, Hand Signed, NHL, Photograph	
shopify_CA_8201629466713_43253324218457	Jari Kurri Autographed Edmonton Oilers Action 8x10 Photo, Hand Signed, NHL, Hockey, Photograph	
shopify_CA_8201629499481_43253324251225	Jari Kurri Autographed Edmonton Oilers Color Isolation 8x10 Photo	
shopify_CA_8201629532249_43253324283993	Jari Kurri Signed Edmonton Oilers 1987 Stanley Cup 8x10 Photo, Autographed, NHL, Hockey, Photograph	
shopify_CA_8201629565017_43253324316761	Elmer Lach Montreal Canadiens Autographed Color Pose 8x10 Photo	
shopify_CA_8201629597785_43253324349529	Guy Lafleur Montreal Canadiens Autographed Flowing Hair 8x10 Photo	
shopify_CA_8201629630553_43253324382297	Guy Lafleur Quebec Nordiques Autographed Action 8x10 Photo, Hand Signed, NHL, Hockey, Photograph	
shopify_CA_8201629663321_43253324415065	Pat LaFontaine New York Islanders Autographed Action 8x10 Photo	
shopify_CA_8201629696089_43253324447833	Guy Lapointe Boston Bruins Autographed Close-Up 8x10 Photo, Hand Signed, NHL, Hockey, Photograph	
shopify_CA_8201629728857_43253324480601	Eric Lapointe Autographed Montreal Alouettes 8x10 Photo, Hand Signed, CFL, Football, Photograph	
shopify_CA_8201629761625_43253324513369	Igor Larionov Autographed Vancouver Canucks Game Action 8x10 Photo	
shopify_CA_8201629794393_43253324546137	Steve Larmer Chicago Blackhawks Autographed Playmaker 8x10 Photo	
shopify_CA_8201629827161_43253324578905	Brett Lawrie Toronto Blue Jays Autographed Spotlight 8x10 Photo	
shopify_CA_8201629892697_43253324644441	Brian Leetch New York Rangers Autographed Slapshot 8x10 Photo	
shopify_CA_8201629925465_43253324677209	Gary Leeman Autographed Toronto Maple Leafs Hockey 8x10 Photo	
shopify_CA_8201629958233_43253324709977	Gary Leeman Signed Montreal Canadiens 1993 Stanley Cup 8x10 Photo	
shopify_CA_8201630056537_43253324808281	Nicklas Lidstrom Detroit Red Wings Autographed Slapshot 8x10 Photo	
shopify_CA_8201630089305_43253324841049	Ted Lindsay Detroit Red Wings Signed with Hall of Fame Note 8x10 Photo	
shopify_CA_8201630122073_43253324873817	Trevor Linden Autographed Vancouver Canucks Captain 8x10 Photo	
shopify_CA_8201630154841_43253324906585	Ed Litzenberger Chicago Blackhawks Autographed Color Pose 8x10 Photo	
shopify_CA_8201630187609_43253324939353	Roberto Luongo Signed Vancouver Canucks Cup Finals Victory 8x10 Photo	
shopify_CA_8201630253145_43253325004889	Roberto Luongo Signed Florida Panthers Goalie Mask Profile 8x10 Photo	
shopify_CA_8201630285913_43253325037657	Roberto Luongo Autographed Florida Panthers Goalie 8x10 Photo	
shopify_CA_8201630384217_43253325135961	Rick MacLeish Philadelphia Flyers Autographed 8x10 Photo, Hand Signed, NHL, Hockey, Photograph	
shopify_CA_8201630482521_43253325234265	Frank Mahovlich Autographed Toronto Maple Leafs Game Action 8x10 Photo	
shopify_CA_8201630515289_43253325267033	Evgeni Malkin Autographed Pittsburgh Penguins Slapshot 8x10 Photo	
shopify_CA_8201630548057_43253325299801	Evgeni Malkin Signed Pittsburgh Penguins 2009 Stanley Cup 8x10 Photo	
shopify_CA_8201630580825_43253325332569	Mitch Marner Autographed Toronto Maple Leafs Hockey 8x10 Photo	
shopify_CA_8201630646361_43253325398105	Mitch Marner Toronto Maple Leafs Signed 2017 Centennial Classic 8x10 Photo	
shopify_CA_8201630679129_43253325430873	Mitch Marner Autographed Toronto Maple Leafs 1st Goal 8x10 Photo	
shopify_CA_8201630711897_43253325463641	Lanny McDonald Signed Calgary Flames 1989 Stanley Cup 8x10 Photo	
shopify_CA_8201630744665_43253325496409	Lanny McDonald Autographed Calgary Flames Home Ice 8x10 Photo	
shopify_CA_8201630810201_43253325561945	Lanny McDonald Signed Calgary Flames Playoff Finals 8x10 Photo	
shopify_CA_8201630875737_43253325660249	Lanny McDonald Autographed Colorado Rockies Classic Hockey 8x10 Photo	
shopify_CA_8201630908505_43253325725785	Mark Messier New York Rangers Signed Bloody 8x10 Photo with Captain Note	
shopify_CA_8201630941273_43253325758553	Mark Messier Signed New York Rangers 1994 Stanley Cup 8x10 Photo	
shopify_CA_8201630974041_43253325791321	Ryan Miller Buffalo Sabres Signed Winter Classic 8x10 Photo, Autographed, NHL, Hockey, Photograph	
shopify_CA_8201631006809_43253325824089	Mike Modano Minnesota North Stars Autographed Playmaker 8x10 Photo	
shopify_CA_8201631039577_43253325856857	Sean Monahan Signed Calgary Flames Hockey 8x10 Photo, Autographed, NHL, Photograph	
shopify_CA_8201631072345_43253325889625	Andy Moog Signed Boston Bruins Mask Close-Up 8x10 Photo, Autographed, NHL, Hockey, Photograph	
shopify_CA_8201631105113_43253325922393	Andy Moog Signed Dallas Stars Goalie 8x10 Photo, Autographed, NHL, Hockey, Photograph	
shopify_CA_8201631137881_43253325955161	Andy Moog Signed Edmonton Oilers 1984 Cup 8x10 Photo, Autographed, NHL, Hockey, Photograph	
shopify_CA_8201631170649_43253325987929	Andy Moog Signed Montreal Canadiens Goalie 8x10 Photo, Autographed, NHL, Hockey, Photograph	
shopify_CA_8201631236185_43253326053465	Dickie Moore Montreal Canadiens Autographed Overhead vs Bower 8x10 Photo	
shopify_CA_8201631268953_43253326086233	Warren Moon Autographed Edmonton Eskimos CFL Football 8x10 Photo	
shopify_CA_8201631301721_43253326119001	Kendrys Morales Kansas City Royals Autographed 2015 World Series 8x10 Photo	
shopify_CA_8201631334489_43253326151769	Jim Morrison Boston Bruins Signed Original Six 8x10 Photo, Autographed, NHL, Hockey, Photograph	
shopify_CA_8201631367257_43253326184537	Lloyd Moseby Autographed Toronto Blue Jays Isolated Batting 8x10 Photo	
shopify_CA_8201631400025_43253326217305	Craig Muni Buffalo Sabres Autographed Hockey 8x10 Photo, Hand Signed, NHL, Photograph	
shopify_CA_8201631432793_43253326250073	Larry Murphy Pittsburgh Penguins Autographed Slapshot 8x10 Photo	
shopify_CA_8201631465561_43253326282841	Rick Nash Columbus Blue Jackets Autographed Action 8x10 Photo	
shopify_CA_8201631498329_43253326315609	Cam Neely Boston Bruins Autographed Banner Retirement Night 8x10 Photo	
shopify_CA_8201631531097_43253326348377	Cam Neely Boston Bruins Autographed Bloody Warrior 8x10 Photo	
shopify_CA_8201631563865_43253326381145	Cam Neely Vancouver Canucks Autographed Rookie 8x10 Photo, Hand Signed, NHL, Hockey, Photograph	
shopify_CA_8201631629401_43253326446681	Joe Nieuwendyk Calgary Flames Autographed Action 8x10 Photo, Hand Signed, NHL, Hockey, Photograph	
shopify_CA_8201631694937_43253326512217	Joe Nieuwendyk Dallas Stars Autographed Hockey 8x10 Photo, Hand Signed, NHL, Photograph	
shopify_CA_8201631858777_43253326676057	Scott Niedermayer New Jersey Devils Autographed Captain 8x10 Photo	
shopify_CA_8201631957081_43253326807129	Owen Nolan Quebec Nordiques Autographed Rookie 8x10 Photo, Hand Signed, NHL, Hockey, Photograph	
shopify_CA_8201632153689_43253326970969	Charles Oakley Autographed Toronto Raptors 8x10 Photo, Hand Signed, NBA, Basketball, Photograph	
shopify_CA_8201632284761_43253327102041	Adam Oates Autographed Edmonton Oilers Playmaker 8x10 Photo, Hand Signed, NHL, Hockey, Photograph	
shopify_CA_8201632579673_43253327429721	Bobby Orr Boston Bruins Autographed Spotlight Winning Goal 8x10 Photo	
shopify_CA_8201632710745_43253327528025	Bobby Orr Boston Bruins Autographed Stanley Cup Champion 8x10 Photo	
shopify_CA_8201632809049_43253327626329	Bobby Orr Autographed Boston Bruins Bench Close-Up 8x10 Photo	
shopify_CA_8201632907353_43253327724633	Bobby Orr Team Canada Autographed 1976 Canada Cup 8x10 Photo, Hand Signed, IIHF, Hockey, Photograph	
shopify_CA_8201632940121_43253327757401	Bobby Orr Autographed First NHL All-Star Game 8x10 Photo, Hand Signed, Hockey, Photograph	
shopify_CA_8201633071193_43253327888473	Bobby Orr & Gerry Cheevers Dual Signed Boston Bruins Hockey 8x10 Photo	
shopify_CA_8201633202265_43253328019545	Roberto Osuna Toronto Blue Jays Signed Alds Game 5 Victory Save 8x10 Photo	
shopify_CA_8201633333337_43253328150617	Chad Owens Toronto Argonauts Autographed CFL Football 8x10 Photo	
shopify_CA_8201633497177_43253328314457	Dion Phaneuf Toronto Maple Leafs Autographed Captain Spotlight 8x10 Photo	
shopify_CA_8201633628249_43253328445529	Dion Phaneuf Signed Toronto Maple Leafs Captain 11x14 Photo, Autographed, NHL, Hockey, Photograph	
shopify_CA_8201633759321_43253328576601	Pierre Pilote Chicago Blackhawks Autographed Defence vs Leafs 8x10 Photo	
shopify_CA_8201633792089_43253328609369	Felix Potvin Autographed Toronto Maple Leafs Puck Stare 8x10 Photo	
shopify_CA_8201633824857_43253328642137	Mike Pringle Montreal Alouettes Autographed Rushing 8x10 Photo	
shopify_CA_8201633857625_43253328674905	Rob Ramage Colorado Rockies Autographed Action 8x10 Photo, Hand Signed, NHL, Hockey, Photograph	
shopify_CA_8201633890393_43253328707673	Mark Recchi Boston Bruins Autographed Spotlight 8x10 Photo, Hand Signed, NHL, Hockey, Photograph	
shopify_CA_8201633923161_43253328740441	George Reed Saskatchewan Roughriders Autographed 8x10 Photo, Hand Signed, CFL, Football, Photograph	
shopify_CA_8201633955929_43253328773209	Sam Reinhart Signed Buffalo Sabres 1st NHL Game 8x10 Photo, Autographed, Hockey, Photograph	
shopify_CA_8201633988697_43253328805977	Jose Reyes New York Mets Autographed Baseball 8x10 Photo, Hand Signed, MLB, Photograph	
shopify_CA_8201634054233_43253328871513	Jose Reyes Toronto Blue Jays Autographed Batting 8x10 Photo, Hand Signed, MLB, Baseball, Photograph	
shopify_CA_8201634087001_43253328904281	Mike Richter Autographed New York Rangers Mask Close-Up 8x10 Photo	
shopify_CA_8201634119769_43253328937049	Pekka Rinne Nashville Predators Signed 2020 Winter Classic 8x10 Photo	
shopify_CA_8201634152537_43253328969817	Larry Robinson Autographed Montreal Canadiens Hockey 8x10 Photo	
shopify_CA_8201634185305_43253329002585	Larry Robinson Signed Montreal Canadiens Home Ice 8x10 Photo, Autographed, NHL, Hockey, Photograph	
shopify_CA_8201634250841_43253329166425	Luc Robitaille Autographed Team Canada Canada Cup 8x10 Photo, Hand Signed, IIHF, Hockey, Photograph	
shopify_CA_8201634283609_43253329199193	Luc Robitaille Signed Detroit Red Wings 2002 Cup 8x10 Photo, Autographed, NHL, Hockey, Photograph	
shopify_CA_8201634316377_43253329264729	Luc Robitaille Autographed Los Angeles Kings Hockey 8x10 Photo	
shopify_CA_8201634447449_43253329395801	Jeremy Roenick Signed Chicago Blackhawks Playoff Finals 8x10 Photo	
shopify_CA_8201634512985_43253329461337	Ricky Romero Signed Toronto Blue Jays Baseball 11x14 Photo, Autographed, MLB, Photograph	
shopify_CA_8201634578521_43253329526873	Bobby Ryan Ottawa Senators Autographed Skating 8x10 Photo, Hand Signed, NHL, Hockey, Photograph	
shopify_CA_8201634676825_43253329625177	Joe Sakic Colorado Avalanche Autographed Hockey Captain 8x10 Photo	
shopify_CA_8201634775129_43253329920089	Joe Sakic Colorado Avalanche Autographed Last Playoff Game 8x10 Photo	
shopify_CA_8201634840665_43253330870361	Joe Sakic Colorado Avalanche Autographed 1996 Stanley Cup Finals 8x10 Photo	
shopify_CA_8201634906201_43253331394649	Borje Salming Autographed Team Sweden Canada Cup 8x10 Photo, Hand Signed, NHL, Hockey, Photograph	
shopify_CA_8201634938969_43253331427417	Aaron Sanchez Toronto Blue Jays Autographed Baseball 8x10 Photo	
shopify_CA_8201634971737_43253331460185	Serge Savard Montreal Canadiens Signed Hockey 8x10 Photo, Autographed, NHL, Photograph	
shopify_CA_8201635004505_43253331492953	Mark Scheifele Signed Winnipeg Jets Playoff Whiteout 8x10 Photo	
shopify_CA_8201635037273_43253331525721	Henrik Sedin Vancouver Canucks Autographed President's Trophy 8x10 Photo	
shopify_CA_8201635070041_43253331558489	Tyler Seguin Dallas Stars Autographed Slapshot 8x10 Photo, Hand Signed, NHL, Hockey, Photograph	
shopify_CA_8201635102809_43253331591257	Teemu Selanne Winnipeg Jets Signed Hockey 8x10 Photo, Autographed, NHL, Photograph	
shopify_CA_8201635135577_43253331624025	Teemu Selanne Anaheim Ducks Autographed Final Game Farewell 8x10 Photo	
shopify_CA_8201635168345_43253331656793	Teemu Selanne Signed Winnipeg Jets Rookie Goal Record Shooting 8x10 Photo	
shopify_CA_8201635201113_43253331689561	Teemu Selanne Signed Anaheim Ducks 2007 Stanley Cup 8x10 Photo, Autographed, NHL, Hockey, Photograph	
shopify_CA_8201635233881_43253331722329	Teemu Selanne Team Finland Autographed Hockey 8x10 Photo, Hand Signed, NHL, Photograph	
shopify_CA_8201635266649_43253331755097	William Shatner Signed Star Trek Captain Kirk Green Alien Kiss 8x10 Photo	
shopify_CA_8201635299417_43253331787865	Bill Singer Los Angeles Dodgers Signed 8x10 Photo with 2X All-Star Note	
shopify_CA_8201635397721_43253332017241	Darryl Sittler Signed Toronto Maple Leafs Classic Hockey 8x10 Photo	
shopify_CA_8201635496025_43253332246617	Will Smith Signed Team USA World Junior Hockey 8x10 Photo, Autographed, NHL, Photograph	
shopify_CA_8201635594329_43253332607065	Ryan Smyth Edmonton Oilers Signed Hockey 8x10 Photo, Autographed, NHL, Photograph	
shopify_CA_8201635659865_43253332803673	Jason Spezza Signed Dallas Stars Goal Celebration 8x10 Photo, Autographed, NHL, Hockey, Photograph	
shopify_CA_8201635758169_43253333131353	Jason Spezza Ottawa Senators Autographed Hockey 8x10 Photo, Hand Signed, NHL, Photograph	
shopify_CA_8201635823705_43253333327961	Allan Stanley Chicago Blackhawks Autographed Original Six Action 8x10 Photo	
shopify_CA_8201635922009_43253333557337	Eric Staal Minnesota Wild Autographed Hockey 8x10 Photo, Hand Signed, NHL, Photograph	
shopify_CA_8201635954777_43253333590105	Eric Staal Team Canada Autographed 2010 Olympic Hockey 8x10 Photo	
shopify_CA_8201635987545_43253333622873	Marc Staal New York Rangers Autographed 8x10 Photo, Hand Signed, NHL, Hockey, Photograph	
shopify_CA_8201636020313_43253333655641	Steven Stamkos Tampa Bay Lightning Signed Hockey 8x10 Photo, Autographed, NHL, Photograph	
shopify_CA_8201636053081_43253333688409	Steven Stamkos Autographed Tampa Bay Lightning Slapshot 8x10 Photo	
shopify_CA_8201636085849_43253333721177	Dave Stieb Toronto Blue Jays Signed Powder Blue Jersey 8x10 Photo	
shopify_CA_8201636118617_43253333753945	Martin St. Louis New York Rangers Autographed Wave 8x10 Photo, Hand Signed, NHL, Hockey, Photograph	
shopify_CA_8201636151385_43253333786713	Anthony Stolarz Signed Toronto Maple Leafs Between the Pipes 8x10 Photo	
shopify_CA_8201636184153_43253333819481	Georges St-Pierre Autographed UFC Bloody Warrior 8x10 Photo, Hand Signed, Martial Arts, MMA, Photograph	
shopify_CA_8201636249689_43253333885017	Georges St-Pierre Autographed UFC Martial Arts Punch 8x10 Photo	
shopify_CA_8201636282457_43253333950553	Georges St-Pierre Autographed UFC Victory Celebration 8x10 Photo	
shopify_CA_8201636315225_43253333983321	Paul Stastny Colorado Avalanche Autographed Playmaker 8x10 Photo	
shopify_CA_8201636380761_43253334245465	Tim Stutzle Autographed Ottawa Senators Slapshot 8x10 Photo, Hand Signed, NHL, Hockey, Photograph	
shopify_CA_8201636413529_43253334278233	P.K. Subban Autographed Montreal Canadiens 8x10 Photo, Hand Signed, NHL, Hockey, Photograph	
shopify_CA_8201636446297_43253334311001	Mats Sundin Toronto Maple Leafs Signed Reverse Intro Spotlight 8x10 Photo	
shopify_CA_8201636479065_43253334343769	Mats Sundin Toronto Maple Leafs Signed Points Record 8x10 Photo	
shopify_CA_8201636511833_43253334376537	Mats Sundin vs. Doug Gilmour Dual Signed Toronto Maple Leafs Captain 8x10 Photo	
shopify_CA_8201636577369_43253334442073	Andrei Svechnikov Signed Carolina Hurricanes Goal Celebration 8x10 Photo	
shopify_CA_8201636610137_43253334474841	Cam Talbot Edmonton Oilers Signed Final Game at Rexall Place 8x10 Photo	
shopify_CA_8201636642905_43253334507609	Joe Theismann Toronto Argonauts Autographed Spotlight 8x10 Photo	
shopify_CA_8201636741209_43253334605913	Shea Theodore Vegas Golden Knights Signed Hockey 8x10 Photo, Autographed, NHL, Photograph	
shopify_CA_8201636773977_43253334638681	Steve Thomas Autographed New York Islanders Game Action 8x10 Photo	
shopify_CA_8201636806745_43253334704217	Esa Tikkanen New York Rangers Autographed Action 8x10 Photo, Hand Signed, NHL, Hockey, Photograph	
shopify_CA_8201636839513_43253334736985	Jonathan Toews Chicago Blackhawks Autographed 2013 Stanley Cup 8x10 Photo	
shopify_CA_8201636872281_43253334769753	Devon Travis Toronto Blue Jays Autographed Fielding 8x10 Photo	
shopify_CA_8201636905049_43253334802521	Vincent Trocheck Signed New York Rangers Elevated Angle 8x10 Photo	
shopify_CA_8201636937817_43253334835289	Darcy Tucker Autographed Toronto Maple Leafs Fanfare 8x10 Photo	
shopify_CA_8201636970585_43253334868057	Marty Turco Chicago Blackhawks Autographed 8x10 Photo, Hand Signed, NHL, Hockey, Photograph	
shopify_CA_8201637003353_43253334900825	Marty Turco Autographed Dallas Stars Goalie 8x10 Photo, Hand Signed, NHL, Hockey, Photograph	
shopify_CA_8201637036121_43253334933593	Ron Turcotte Signed Riding Secretariat Belmont Stakes Overhead 8x10 Photo	
shopify_CA_8201637068889_43253334966361	Ron Turcotte Signed Secretariat Kentucky Derby Racing 8x10 Photo	
shopify_CA_8201637101657_43253334999129	Ron Turcotte Signed Secretariat Preakness Stakes Victory 8x10 Photo	
shopify_CA_8201637134425_43253335031897	Norm Ullman Detroit Red Wings Autographed Hockey Sniper 8x10 Photo	
shopify_CA_8201637167193_43253335064665	Greg the Hammer Valentine Signed Wrestling Championship Belt 8x10 Photo	
shopify_CA_8201637199961_43253335097433	Thomas Vanek Buffalo Sabres Autographed Hockey 8x10 Photo, Hand Signed, NHL, Photograph	
shopify_CA_8201637232729_43253335130201	Valeri Vasiliev Soviet Union Team Cksa Autographed Hockey 8x10 Photo	
shopify_CA_8201637265497_43253335162969	Mike Vernon Detroit Red Wings Signed Stanley Cup Finals Action 8x10 Photo	
shopify_CA_8201637331033_43253335228505	Mike Vernon Autographed Calgary Flames Goalie 8x10 Photo, Hand Signed, NHL, Hockey, Photograph	
shopify_CA_8201637363801_43253335261273	Duane Ward Signed Toronto Blue Jays Pitching 8x10 Photo, Autographed, MLB, Baseball, Photograph	
shopify_CA_8201637429337_43253335326809	Shea Weber Nashville Predators Signed Color Isolation 8x10 Photo	
shopify_CA_8201637462105_43253335359577	Blake Wheeler Winnipeg Jets Autographed 2016 Heritage Classic 8x10 Photo	
shopify_CA_8201637494873_43253335687257	Devon White Autographed Toronto Blue Jays Batting 8x10 Photo, Hand Signed, MLB, Baseball, Photograph	
shopify_CA_8201637527641_43253335720025	Devon White Signed Toronto Blue Jays World Series the Catch 8x10 Photo	
shopify_CA_8201637560409_43253335752793	Hayley Wickenheiser Autographed Team Canada Flag Bearer 8x10 Photo	
shopify_CA_8201637593177_43253335785561	Dominique Wilkins Atlanta Hawks Autographed Slam Dunk Contest 8x10 Photo	
shopify_CA_8201637658713_43253335883865	Mitch Williams Philadelphia Phillies Signed 1993 Last Pitch 8x10 Photo	
shopify_CA_8201637757017_43253335982169	Joseph Woll Autographed Toronto Maple Leafs Glove Save 8x10 Photo	
shopify_CA_8201637855321_43253336080473	Gump Worsley Montreal Canadiens Autographed on Ice Action 8x10 Photo	
shopify_CA_8201638019161_43253336244313	Steve Yzerman Detroit Red Wings Autographed Last Step 8x10 Photo	
shopify_CA_8201638084697_43253336309849	Steve Yzerman Autographed Detroit Red Wings 1998 Stanley Cup 8x10 Photo	
shopify_CA_8201638117465_43253336342617	Steve Yzerman Detroit Red Wings Signed 1998 Conn Smyth 8x10 Photo	
shopify_CA_8201638215769_43253336440921	Steve Yzerman Detroit Red Wings Autographed Metallic Ice Camera 8x10 Photo	
shopify_CA_8201638248537_43253336473689	Steve Yzerman Signed Detroit Red Wings 1997 Stanley Cup 8x10 Photo	
shopify_CA_8201638346841_43253336571993	Steve Yzerman Signed Detroit Red Wings 2002 Stanley Cup 8x10 Photo	
shopify_CA_8201638445145_43253336670297	Mika Zibanejad Autographed New York Rangers Puck Rush 8x10 Photo	
shopify_CA_8201638477913_43253336703065	Sergei Zubov New York Rangers Autographed Hockey 8x10 Photo, Hand Signed, NHL, Photograph	
shopify_CA_8202769301593_43256759353433	Roberto Alomar Signed Toronto Blue Jays World Series 26x32 Frame	
shopify_CA_8202769334361_43256759386201	Bianca Andreescu Autographed 2019 US Open Tennis Match Point 26x32 Frame	
shopify_CA_8202769432665_43256760631385	Connor Bedard Autographed Chicago Blackhawks Goal Sniper 26x32 Frame	
shopify_CA_8202769465433_43256760664153	Ed Belfour Autographed Chicago Blackhawks Puck Logo 23x27 Frame	
shopify_CA_8202769530969_43256760926297	George Bell Signed Toronto Blue Jays Home Run 26x32 Frame, Autographed, MLB, Baseball	
shopify_CA_8202769563737_43256760959065	Jean Beliveau & Phil Esposito Dual Signed Aerial View 26x33 Frame	
shopify_CA_8202769596505_43256760991833	Jean Beliveau Signed Montreal Canadiens 100th Anniversary 26x32 Frame	
shopify_CA_8202769629273_43256761024601	Patrice Bergeron & Brad Marchand Dual Signed Boston Bruins Puck Logo 28x30 Frame	
shopify_CA_8202769694809_43256761155673	Patrice Bergeron Signed Boston Bruins Graphic Rink 19x23 Frame	
shopify_CA_8202769793113_43256761221209	Larry Bird Autographed Boston Celtics Basketball Logo 26x32 Frame	
shopify_CA_8202769989721_43256761483353	Rob Blake Autographed Los Angeles Kings Puck Logo 23x27 Frame	
shopify_CA_8202770153561_43256761647193	Mike Bossy Autographed New York Islanders Puck Logo 26x32 Frame	
shopify_CA_8202770251865_43256761745497	Mike Bossy Signed New York Islanders Centre Ice Logo 26x32 Frame	
shopify_CA_8202770350169_43256761843801	Ray Bourque & Phil Esposito Dual Signed Boston Bruins Legends 23x27 Frame	
shopify_CA_8202770448473_43256761942105	Ray Bourque Signed Boston Bruins Graphic Rink 19x23 Frame, Autographed, NHL, Hockey	
shopify_CA_8202770645081_43256762138713	Martin Brodeur Signed New Jersey Goalie Mask Between the Pipes 23x27 Frame	
shopify_CA_8202770841689_43256762335321	Pavel Bure & Mike Vernon Dual Signed Playoff OT Goal 20x24 Number Frame	
shopify_CA_8202770939993_43256762433625	Pavel Bure Signed Vancouver Canucks Uniform Graphic 26x32 Frame	
shopify_CA_8202771071065_43256762564697	Joe Carter Signed Toronto Blue Jays World Series 26x32 Frame, Autographed, MLB, Baseball	
shopify_CA_8202771169369_43256762663001	Cole Caufield Signed Montreal Canadiens Graphic Rink 19x23 Frame	
shopify_CA_8202771365977_43256762859609	Don Cherry Autographed Calgary Flames Puck Logo 23x27 Frame, Hand Signed, NHL, Hockey	
shopify_CA_8202771529817_43256763187289	Don Cherry Signed Life in Hockey Classic TV 25x31 Graphic Frame	
shopify_CA_8202771628121_43256763285593	Bobby Clarke Signed Philadelphia Flyers Puck Logo 26x32 Frame	
shopify_CA_8202771726425_43256763416665	Bobby Clarke Autographed Philadelphia Flyers Hockey Warrior 19x23 Frame	
shopify_CA_8202771857497_43256763514969	Paul Coffey Autographed Pittsburgh Penguins Classic Hockey 26x32 Frame	
shopify_CA_8202771955801_43256763613273	Paul Coffey Signed Team Canada Graphic Rink 19x23 Frame, Autographed, IIHF, Hockey	
shopify_CA_8202772054105_43256763711577	Paul Coffey Signed Edmonton Oilers Puck Logo 26x32 Frame, Autographed, NHL, Hockey	
shopify_CA_8202772414553_43256764072025	Logan Cooley Utah Hockey Club Signed Franchise 1st Game 23x27 Frame #/24	
shopify_CA_8202772611161_43256764301401	LA Kings Triple Crown Line Signed Marcel Dionne Simmer & Taylor 26x32 Frame	
shopify_CA_8202772709465_43256764399705	Curtis Joseph & Tie Domi Dual Signed Maple Leafs Graphic Rink 19x23 Frame	
shopify_CA_8202772807769_43256764498009	Drew Doughty Signed Los Angeles Kings Graphic Rink 19x23 Frame	
shopify_CA_8202772906073_43256764596313	Leon Draisaitl Signed Edmonton Oilers Graphic Rink 19x23 Frame	
shopify_CA_8202773004377_43256764694617	Leon Draisaitl Signed Edmonton Oilers Puck Logo 19x23 Frame, Autographed, NHL, Hockey	
shopify_CA_8202773135449_43256764891225	Jack Eichel & Sam Reinhart Dual Signed Buffalo Sabres Puck Logo 26x32 Frame	
shopify_CA_8202773233753_43256764989529	Aaron Ekblad Autographed Florida Panthers Puck Logo 23x27 Frame	
shopify_CA_8202773495897_43256765218905	Peter Forsberg Signed Colorado Avalanche Etched Ice 26x32 Frame	
shopify_CA_8202773626969_43256765349977	Peter Forsberg Signed Quebec Nordiques Uniform Graphic 19x23 Frame	
shopify_CA_8202773725273_43256765448281	Grant Fuhr Signed Edmonton Oilers Authentic Number 23x27 Frame	
shopify_CA_8202773889113_43256765612121	Grant Fuhr Signed Edmonton Oilers Puck Logo 19x23 Frame, Autographed, NHL, Hockey	
shopify_CA_8202774020185_43256765743193	Simon Gagne Autographed Philadelphia Flyers Puck Logo 23x27 Frame	
shopify_CA_8202774184025_43256765907033	Mike Gartner Signed Washington Capitals Puck Logo 23x27 Frame	
shopify_CA_8202774315097_43256766038105	Johnny Gaudreau & Sean Monahan Dual Signed Calgary Flames Puck Logo 28x30 Frame	
shopify_CA_8202774446169_43256766169177	Johnny Gaudreau & Sean Monahan Dual Signed Calgary Flames Fire Graphic 23x27 Frame	
shopify_CA_8202774544473_43256766267481	Johnny Gaudreau Autographed Calgary Flames Elegant Hockey 28x30 Frame	
shopify_CA_8202774675545_43256766398553	Johnny Gaudreau Signed Calgary Flames Puck Logo 26x32 Frame, Autographed, NHL, Hockey	
shopify_CA_8202774839385_43256766693465	Johnny Gaudreau Signed Calgary Flames City Skyline 26x32 Frame	
shopify_CA_8202774937689_43256766791769	Ryan Getzlaf Signed Anaheim Ducks Puck Logo 26x32 Frame, Autographed, NHL, Hockey	
shopify_CA_8202775003225_43256766890073	Doug Gilmour & Mats Sundin Toronto Maple Leafs Signed 20x24 Number Frame	
shopify_CA_8202775134297_43256767086681	Claude Giroux Signed Philadelphia Flyers Uniform Graphic 19x23 Frame	
shopify_CA_8202775265369_43256767184985	Claude Giroux Autographed Philadelphia Flyers Uniform Graphic 19x23 Frame	
shopify_CA_8202775461977_43256767381593	ROY Halladay Toronto Blue Jays Signed Jersey Number Collage 25x31 Frame #/32	
shopify_CA_8202775560281_43256767479897	ROY Halladay Signed Toronto Blue Jays Uniform Graphic 26x32 Frame	
shopify_CA_8202775724121_43256767643737	Dale Hawerchuk Autographed Winnipeg Jets Puck Logo 23x27 Frame	
shopify_CA_8202775789657_43256767709273	Dale Hawerchuk Winnipeg Jets Signed 20x24 Number Frame, Autographed, NHL, Hockey	
shopify_CA_8202775887961_43256767807577	Connor Hellebuyck Signed Winnipeg Jets Graphic Rink 19x23 Frame	
shopify_CA_8202776019033_43256767938649	Paul Henderson & Vlad Tretiak Dual Signed Authentic Number 23x27 Frame	
shopify_CA_8202776117337_43256768036953	Paul Henderson Team Canada Autographed Summit Series 20x24 Number Frame	
shopify_CA_8202776248409_43256768168025	Ron Hextall Autographed Philadelphia Flyers Aerial View 26x32 Frame	
shopify_CA_8202776313945_43256768266329	Bo Horvat Vancouver Canucks Signed 50th Anniversary 20x24 Number Frame	
shopify_CA_8202776445017_43256768364633	Marian Hossa Signed Chicago Blackhawks Retired Number 23x27 Frame	
shopify_CA_8202776543321_43256768462937	Gordie, Mark and Marty Howe Family Signed Mr Hockey Art Collage 23x33 Frame	
shopify_CA_8202776739929_43256768659545	Brett Hull St. Louis Blues Autographed Hockey 26x32 Frame, Hand Signed, NHL	
shopify_CA_8202776838233_43256768757849	Brett Hull Signed St. Louis Blues Authentic Number 23x27 Frame	
shopify_CA_8202776936537_43256768856153	Jarome Iginla Autographed Calgary Flames Uniform Graphic 26x32 Frame	
shopify_CA_8202777034841_43256768954457	Jarome Iginla & Lanny McDonald Signed Calgary Flames Fire Graphic 23x27 Frame	
shopify_CA_8202777198681_43256769675353	Jaromir Jagr Autographed Pittsburgh Penguins Puck Logo 23x27 Frame	
shopify_CA_8202777460825_43256770363481	Magic Johnson Signed Los Angeles Lakers Basketball Logo 26x32 Frame	
shopify_CA_8202777591897_43256770494553	Magic Johnson Signed LA Lakers Retired Number 23x27 Graphic Frame	
shopify_CA_8202777690201_43256770592857	Magic Johnson Signed Los Angeles Lakers Basketball Graphic 26x32 Frame	
shopify_CA_8202777788505_43256770691161	Kirill Kaprizov Signed Minnesota Wild Net Cam Graphic 26x32 Frame	
shopify_CA_8202777886809_43256770789465	Erik Karlsson Signed Ottawa Senators Graphic Rink 19x23 Frame	
shopify_CA_8202777985113_43256770887769	Erik Karlsson Signed San Jose Sharks Puck Logo 26x32 Frame, Autographed, NHL, Hockey	
shopify_CA_8202778050649_43256770986073	William Karlsson Signed & Inscribed Golden Knights Cup Champion 23x27 Frame #/23	
shopify_CA_8202778345561_43256771444825	Saku Koivu Autographed Montreal Canadiens Uniform Graphic 19x23 Frame	
shopify_CA_8202778411097_43256771510361	Jari Kurri Autographed Edmonton Oilers Graphic Rink 19x23 Frame	
shopify_CA_8202778509401_43256771608665	Jari Kurri Signed Edmonton Oilers Championship Puck Logo 23x27 Frame	
shopify_CA_8202778607705_43256771870809	Pat LaFontaine Signed New York Islanders Puck Logo 23x27 Frame	
shopify_CA_8202778706009_43256771969113	Patrik Laine Winnipeg Jets Signed & Dated 1st Game Graphic 19x23 Frame	
shopify_CA_8202778837081_43256772100185	Kawhi Leonard Toronto Raptors Playoff Game Winner 26x32 Frame	
shopify_CA_8202778935385_43256772198489	Trevor Linden Signed Vancouver Canucks Puck Logo 26x32 Frame, Autographed, NHL, Hockey	
shopify_CA_8202779033689_43256772296793	Legion of Doom Signed Philadelphia Flyers 19x23 Frame, Autographed, Eric Lindros, NHL, Hockey	
shopify_CA_8202779099225_43256772362329	Roberto Luongo Vancouver Canucks Prominent Signature 16x26 Frame #/20	
shopify_CA_8202779197529_43256772460633	Al MacInnis Signed St. Louis Blues Puck Logo 26x32 Frame, Autographed, NHL, Hockey	
shopify_CA_8202779295833_43256772558937	Evgeni Malkin Autographed Pittsburgh Penguins Cup Champion 23x27 Frame	
shopify_CA_8202779426905_43256772690009	Auston Matthews Autographed Toronto Maple Leafs Puck Logo 23x27 Frame	
shopify_CA_8202779492441_43256772755545	Connor McDavid Autographed Erie Otters Puck Logo 26x32 Frame, Hand Signed, Canadian Hockey League, NHL	
shopify_CA_8202779590745_43256772853849	Lanny McDonald Calgary Flames Signed 20x24 Retired Number Frame	
shopify_CA_8202779721817_43256773017689	Lanny McDonald Signed Toronto Maple Leafs Puck Logo 26x32 Frame	
shopify_CA_8202779820121_43256773083225	Tracy McGrady Signed Toronto Raptors Fast Break 26x32 Frame, Autographed, NBA, Basketball	
shopify_CA_8202779885657_43256773181529	Mark Messier Autographed Edmonton Oilers Cup Champion 23x27 Frame	
shopify_CA_8202779983961_43256773247065	Mark Messier Autographed New York Rangers Graphic Rink 19x23 Frame	
shopify_CA_8202780082265_43256773345369	Mark Messier & Grant Fuhr Dual Signed Edmonton Legends 23x27 Frame	
shopify_CA_8202780475481_43256773771353	Mike Modano Signed Dallas Stars Uniform Graphic 19x23 Frame, Autographed, NHL, Hockey	
shopify_CA_8202780704857_43256773967961	Markus Naslund & Todd Bertuzzi Signed Vancouver Double Number 23x27 Frame	
shopify_CA_8202780901465_43256774197337	Rick Nash Columbus Blue Jackets Signed 20x24 Number Frame /61, Autographed, NHL, Hockey	
shopify_CA_8202781098073_43256774361177	Cam Neely Signed Boston Bruins Bloody Warrior 19x23 Frame, Autographed, NHL, Hockey	
shopify_CA_8202781229145_43256774492249	Scott Niedermayer Signed New Jersey Devils Graphic Rink 19x23 Frame	
shopify_CA_8202781294681_43256774557785	Joe Nieuwendyk Signed Calgary Flames Etched Ice 26x32 Frame, Autographed, NHL, Hockey	
shopify_CA_8202781392985_43256774656089	Bobby Orr & Gordie Howe Dual Signed Immortals Spotlight 26x32 Frame #/49	
shopify_CA_8202781491289_43256774754393	Bobby Orr Boston Bruins Autographed Bench Close-Up 26x32 Frame	
shopify_CA_8202781589593_43256774885465	Artemi Panarin Autographed New York Rangers Playmaker 26x32 Frame	
shopify_CA_8202781687897_43256774983769	Brad Park Autographed Boston Bruins Puck Logo 23x27 Frame, Hand Signed, NHL, Hockey	
shopify_CA_8202781786201_43256775082073	Cole Perfetti Autographed Winnipeg Jets 1st Goal Graphic 19x23 Frame	
shopify_CA_8202781917273_43256775180377	Gilbert Perreault Autographed Buffalo Sabres Puck Logo 23x27 Frame	
shopify_CA_8202782081113_43256775344217	Felix Potvin & Ron Hextall Dual Signed Goalie Fight 24x28 Frame	
shopify_CA_8202782212185_43256775508057	Carey Price Signed Montreal Canadiens Puck Logo 26x32 Frame, Autographed, NHL, Hockey	
shopify_CA_8202782343257_43256775606361	Chris Pronger St. Louis Blues Signed 20x24 Number Frame, Autographed, NHL, Hockey	
shopify_CA_8202782474329_43256775802969	Jonathan Quick Signed Los Angeles Kings Uniform Graphic 19x23 Frame	
shopify_CA_8202782605401_43256775999577	Mikko Rantanen Autographed Colorado Avalanche Puck Logo 26x32 Frame	
shopify_CA_8202782736473_43256776097881	Jean Ratelle Signed New York Rangers Centre Ice Logo 26x32 Frame	
shopify_CA_8202782867545_43256776228953	Sam Reinhart Autographed Florida Panthers Puck Logo 23x27 Frame	
shopify_CA_8202782965849_43256776327257	Mike Richter New York Rangers Prominent Signature 16x26 Frame #/35	
shopify_CA_8202783064153_43256776425561	Luc Robitaille LA Kings Signed & Dated Final Game 20x24 Number Frame #/20	
shopify_CA_8202783195225_43256776556633	Larry Robinson Signed Montreal Canadiens Puck Logo 23x27 Frame	
shopify_CA_8202783293529_43256776654937	Luc Robitaille Signed Los Angeles Kings Uniform Graphic 26x32 Frame	
shopify_CA_8202783391833_43256776753241	Jeremy Roenick Signed Chicago Blackhawks Puck Logo 19x23 Frame	
shopify_CA_8202783522905_43256777146457	Jeremy Roenick Signed Chicago Blackhawks Puck Logo 23x27 Frame	
shopify_CA_8202783686745_43256777769049	Patrick ROY Signed Montreal Canadiens Stadium Graphic 19x23 Frame	
shopify_CA_8202783916121_43256777998425	Joe Sakic Autographed Quebec Nordiques Uniform Graphic 19x23 Frame	
shopify_CA_8202784014425_43256778096729	Borje Salming & Mike Palmateer Signed Toronto Double Number 23x27 Frame	
shopify_CA_8202784145497_43256778227801	Borje Salming Signed Toronto Maple Leafs Classic Hockey 26x32 Frame	
shopify_CA_8202784276569_43256778358873	Mark Scheifele Signed Winnipeg Jets Heritage Puck Logo 23x27 Frame	
shopify_CA_8202784342105_43256778424409	Tyler Seguin Autographed Dallas Stars Puck Logo 26x32 Frame, Hand Signed, NHL, Hockey	
shopify_CA_8202784440409_43256778522713	Teemu Selanne Winnipeg Jets Signed 20x24 Number Frame, Autographed, NHL, Hockey	
shopify_CA_8202784637017_43256778719321	Teemu Selanne Signed Anaheim Ducks Retired Number Graphic 23x27 Frame	
shopify_CA_8202784735321_43256778817625	Brendan Shanahan Signed Detroit Red Wings Graphic Rink 19x23 Frame	
shopify_CA_8202784833625_43256778915929	Eddie Shack Toronto Maple Leafs Autographed 20x24 Number Frame	
shopify_CA_8202784931929_43256779014233	Will Smith Autographed San Jose Sharks Graphic Rink 19x23 Frame	
shopify_CA_8202784997465_43256779079769	Ryan Smyth Signed Edmonton Oilers Graphic Rink 19x23 Frame /94, Autographed, NHL, Hockey	
shopify_CA_8202785095769_43256779178073	Ryan Smyth Edmonton Oilers Signed 2006 Cup Finals Goal Celebration 26x32 Frame	
shopify_CA_8202785194073_43256779276377	Jason Spezza Signed Ottawa Senators Slapshot 20x24 Puck Frame	
shopify_CA_8202785259609_43256779374681	Steven Stamkos Signed Tampa Bay Lightning Stanley Cup 26x32 Frame	
shopify_CA_8202785357913_43256779440217	Georges St-Pierre Signed UFC Champion Octagon 26x32 Frame, Autographed, Martial Arts, MMA	
shopify_CA_8202785456217_43256779538521	Georges St-Pierre Signed Gsp Final UFC Fight Victory Filmstrip 26x32 Frame #/217	
shopify_CA_8202785554521_43256779636825	Georges St-Pierre Autographed UFC Bloody Warrior Gsp Octagon Graphic 23x27 Frame	
shopify_CA_8202785620057_43256779735129	Tim Stutzle Signed Ottawa Senators Graphic Rink 19x23 Frame, Autographed, NHL, Hockey	
shopify_CA_8202785718361_43256779800665	Toronto Maple Leafs Autographed Franchise Legends Skyline Museum 24x43 Frame	
shopify_CA_8202785816665_43256779898969	Mats Sundin Signed Toronto Maple Leafs Centre Ice Logo 26x32 Frame	
shopify_CA_8202785914969_43256779997273	Mats Sundin Signed Toronto Maple Leafs Puck Logo 26x32 Frame, Autographed, NHL, Hockey	
shopify_CA_8202786111577_43256780193881	Toronto Maple Leafs Centennial Season Opening Night 8-Player Signed 26x32 Frame	
shopify_CA_8202786177113_43256780259417	Team Canada 1972 Summit Series 19 Signature Graphic 26x32 Frame	
shopify_CA_8202786275417_43256780357721	Jose Theodore Signed Montreal Canadiens Heritage Classic Puck Logo 19x23 Frame	
shopify_CA_8202786406489_43256780488793	Tim Thomas Signed Boston Bruins Uniform Graphic 19x23 Frame, Autographed, NHL, Hockey	
shopify_CA_8202786734169_43256780849241	Keith Tkachuk Signed St. Louis Blues Graphic Rink 19x23 Frame, Autographed, NHL, Hockey	
shopify_CA_8202786832473_43256780947545	Matthew Tkachuk Autographed Calgary Flames Hockey 26x32 Frame	
shopify_CA_8202786930777_43256781045849	Matthew Tkachuk Signed Florida Panthers Graphic Rink 19x23 Frame	
shopify_CA_8202787029081_43256781144153	Devon Toews Signed Colorado Avalanche Uniform Graphic 19x23 Frame	
shopify_CA_8202787127385_43256781242457	Ron Turcotte Signed Secretariat Triple Crown Victory Filmstrip 26x32 Frame #/73	
shopify_CA_8202787225689_43256781373529	Mike Tyson Autographed Championship Belt Boxing Ring 26x32 Frame	
shopify_CA_8202787389529_43256781504601	Mike Tyson Autographed Punch-Out Video Game TV Graphic 26x32 Frame	
shopify_CA_8246299394137_43426089795673	Collector's Crate Hockey Mystery Box – The Fan Edition – Hunt for Autographed Jerseys & Signed Memorabilia – Limited Edition Collectibles	
shopify_CA_8246837608537_43428589109337	Keir Dullea Autographed 2001: a Space Odyssey 8x10 Photo – Dave Bowman Signed Movie Collectible – PSA Certified	
shopify_CA_8246837641305_43428589142105	David Naughton Autographed an American Werewolf in London 8x10 Photo – David Kessler Signed Horror Collectible – PSA Certified	
shopify_CA_8246837674073_43428589174873	Geoffrey Rush Autographed Pirates of the Caribbean 8x10 Photo – Captain Barbossa Signed Movie Collectible – PSA Certified	
shopify_CA_8246837706841_43428589207641	Tim Rose Autographed Star Wars 8x10 Photo – Admiral Ackbar Signed Collectible – PSA Certified	
shopify_CA_8246837739609_43428589240409	Colin Firth Autographed the King’s Speech 8x10 Photo – King George VI Signed Movie Collectible – PSA Certified	
shopify_CA_8246837772377_43428589273177	Priscilla Presley Autographed Elvis Wedding 8x10 Photo – Signed Music and Entertainment Collectible – PSA Certified	
shopify_CA_8246837805145_43428589305945	Anthony Stewart Head Autographed Buffy the Vampire Slayer 8x10 Photo – Rupert Giles Signed TV Collectible – PSA Certified	
shopify_CA_8246837837913_43428589338713	Mark Metcalf Autographed Buffy the Vampire Slayer 8x10 Photo – The Master Signed TV Collectible – PSA Certified	
shopify_CA_8246837870681_43428589371481	Morena Baccarin Autographed Firefly 8x10 Photo – Inara Serra Signed TV Collectible – PSA Certified	
shopify_CA_8246837903449_43428589404249	Nichelle Nichols Autographed Star Trek 8x10 Photo – Uhura Signed TV Collectible – Fan Expo Certified	
shopify_CA_8246837936217_43428589437017	Brian Cox Autographed Succession 8x10 Photo – Logan ROY Signed TV Collectible – PSA Certified	
shopify_CA_8246837968985_43428589469785	Vanna White Autographed Wheel of Fortune 8x10 Photo – Signed TV Game Show Collectible – PSA Certified	
shopify_CA_8246838001753_43428589502553	Keir Dullea Autographed 2001: a Space Odyssey Framed Collector Display – Dave Bowman Signed Movie Memorabilia – PSA Certified - 38"x 28"	
shopify_CA_8246838034521_43428589535321	Tim Rose Autographed Star Wars Framed Collector Display – Admiral Ackbar Signed Movie Memorabilia – PSA Certified - 38"x 28"	
shopify_CA_8255883247705_43461406654553	Tony Amonte Autographed Team USA Hockey Puck, Hand Signed, NHL	
shopify_CA_8255883444313_43461406883929	Tony Amonte Signed Team USA 1996 World Cup Winning Goal 8x10 Photo	
shopify_CA_8255883575385_43461407015001	Matt Boldy Signed Team USA NHL 4 Nations Face-Off Hockey Puck	
shopify_CA_8255883706457_43461407146073	Kyle Connor Team USA Autographed Hockey Puck, Hand Signed, NHL	
shopify_CA_8255883837529_43461407277145	Logan Cooley Autographed Team USA Custom Hockey Nation Jersey	
shopify_CA_8255883968601_43461407408217	Logan Cooley Autographed Team USA World Junior 8x10 Photo, Hand Signed, NHL, Hockey, Photograph	
shopify_CA_8255884066905_43461407506521	Logan Cooley Autographed Team USA Hockey Puck, Hand Signed, NHL	
shopify_CA_8255884197977_43461407637593	Brock Faber Signed Team USA NHL 4 Nations Face-Off Hockey Puck	
shopify_CA_8255884361817_43461407801433	Shayne Gostisbehere Signed Team USA 2013 WJC Gold! Puck, Autographed, NHL, Hockey	
shopify_CA_8255884460121_43461407899737	Cammi Granato Team USA Autographed Victory Celebration 8x10 Photo	
shopify_CA_8255884591193_43461408129113	Magic Johnson Autographed Team USA 1992 Olympic Dream Team 8x10 Photo	
shopify_CA_8255884689497_43461408194649	Clayton Keller Signed Team USA Hockey Puck, Autographed, NHL	
shopify_CA_8255884755033_43461408292953	Pat LaFontaine Autographed Team USA Hockey Puck, Hand Signed, NHL	
shopify_CA_8255884918873_43461408587865	Josh Norris Autographed Team USA Hockey Puck, Hand Signed, NHL	
shopify_CA_8255885049945_43461408718937	Joe Pavelski Autographed Team USA Hockey Puck, Hand Signed, NHL	
shopify_CA_8255885181017_43461408850009	Mike Richter & John VanBiesbrouck Dual Signed Team USA Goalie 8x10 Photo	
shopify_CA_8255885344857_43461409013849	Mike Richter USA Hockey Autographed Hockey Puck, Hand Signed, Team USA, NHL	
shopify_CA_8255885475929_43461409144921	Jeremy Roenick Autographed Team USA Hockey Puck, Hand Signed, NHL	
shopify_CA_8255885607001_43461409275993	Jake Sanderson Autographed Team USA Hockey Puck, Hand Signed, NHL	
shopify_CA_8255885738073_43461409407065	Will Smith Autographed Team USA Custom Hockey Nation Jersey, Hand Signed, NHL	
shopify_CA_8255885967449_43461409669209	Vincent Trocheck Signed Team USA Hockey Puck with 2013 JR Gold Note	
shopify_CA_8255886131289_43461409800281	John VanBiesbrouck Autographed Team USA Hockey Puck, Hand Signed, NHL	
shopify_CA_8255886229593_43461409898585	Zach Werenski Autographed Team USA Hockey Puck, Hand Signed, NHL	
shopify_CA_8255886393433_43461410160729	Cam York Autographed Team USA Hockey Puck with 2021 WJC Gold Note	
shopify_CA_8267592728665_43593137553497	Collector’s Crate Signed Entertainment Mystery Box – 3 Autographed 8X10s Guaranteed – Limited to 50	
shopify_CA_8270709424217_43608892145753	Collector’s Crate: Hockey Legends Series - Minimum 3 Signed Photos - 1 Hall of Fame Autograph Guaranteed	
shopify_CA_8277288484953_43636095582297	Lionel Messi Front Signed Framed 34x42 Argentina 2026 World Cup Home Shirt 3 Star Edition (42" by 34")	
shopify_CA_8277288616025_43636095713369	Lionel Messi Front Signed Argentina 2022 World Cup Winners Home Shirt 2 Star Edition (42" by 34")	
shopify_CA_8333997932633_44492160925785	Shipping Protection	
shopify_CA_8333997932633_44492161155161	Shipping Protection	
shopify_CA_8333997932633_44492161187929	Shipping Protection	
shopify_CA_8333997932633_44492161220697	Shipping Protection	
shopify_CA_8333997932633_44492161253465	Shipping Protection	
shopify_CA_8333997932633_44492161286233	Shipping Protection	
shopify_CA_8333997932633_44492161319001	Shipping Protection	
shopify_CA_8333997932633_44492161351769	Shipping Protection	
shopify_CA_8333997932633_44492161384537	Shipping Protection	
shopify_CA_8333997932633_44492161417305	Shipping Protection	
shopify_CA_8333997932633_44492161450073	Shipping Protection	
shopify_CA_8333997932633_44492161482841	Shipping Protection	
shopify_CA_8333997932633_44492161515609	Shipping Protection	
shopify_CA_8333997932633_44492161548377	Shipping Protection	
shopify_CA_8333997932633_44492161581145	Shipping Protection	
shopify_CA_8333997932633_44492161613913	Shipping Protection	
shopify_CA_8333997932633_44492161646681	Shipping Protection	
shopify_CA_8333997932633_44492161679449	Shipping Protection	
shopify_CA_8333997932633_44492161712217	Shipping Protection	
shopify_CA_8333997932633_44492161744985	Shipping Protection	
shopify_CA_8333997932633_44492161777753	Shipping Protection	
shopify_CA_8333997932633_44492161810521	Shipping Protection	
shopify_CA_8333997932633_44492161843289	Shipping Protection	
shopify_CA_8333997932633_44492161876057	Shipping Protection	
shopify_CA_8333997932633_44492161908825	Shipping Protection	
shopify_CA_8333997932633_44492161941593	Shipping Protection	
shopify_CA_8333997932633_44492161974361	Shipping Protection	
shopify_CA_8333997932633_44492162007129	Shipping Protection	
shopify_CA_8333997932633_44492162039897	Shipping Protection	
shopify_CA_8333997932633_44492162072665	Shipping Protection	
shopify_CA_8333997932633_44492162105433	Shipping Protection	
shopify_CA_8333997932633_44492162138201	Shipping Protection	
shopify_CA_8333997932633_44492162170969	Shipping Protection	
shopify_CA_8333997932633_44492162203737	Shipping Protection	
shopify_CA_8333997932633_44492162236505	Shipping Protection	
shopify_CA_8333997932633_44492162269273	Shipping Protection	
shopify_CA_8333997932633_44492162302041	Shipping Protection	
shopify_CA_8333997932633_44492162334809	Shipping Protection	
shopify_CA_8333997932633_44492162367577	Shipping Protection	
shopify_CA_8333997932633_44492162400345	Shipping Protection	
shopify_CA_8333997932633_44492162433113	Shipping Protection	
shopify_CA_8333997932633_44492162465881	Shipping Protection	
shopify_CA_8333997932633_44492162498649	Shipping Protection	
shopify_CA_8333997932633_44492162531417	Shipping Protection	
shopify_CA_8333997932633_44492162564185	Shipping Protection	
shopify_CA_8333997932633_44492162596953	Shipping Protection	
shopify_CA_8333997932633_44492162629721	Shipping Protection	
shopify_CA_8333997932633_44492162662489	Shipping Protection	
shopify_CA_8333997932633_44492162695257	Shipping Protection	
shopify_CA_8333997932633_44492162728025	Shipping Protection	
shopify_CA_8333997932633_44492162760793	Shipping Protection	
shopify_CA_8333997932633_44492162793561	Shipping Protection	
shopify_CA_8333997932633_44492162826329	Shipping Protection	
shopify_CA_8333997932633_44492162859097	Shipping Protection	
shopify_CA_8333997932633_44492162891865	Shipping Protection	
shopify_CA_8333997932633_44492162924633	Shipping Protection	
shopify_CA_8333997932633_44492162957401	Shipping Protection	
shopify_CA_8333997932633_44492162990169	Shipping Protection	
shopify_CA_8333997932633_44492163022937	Shipping Protection	
shopify_CA_8333997932633_44492163055705	Shipping Protection	
shopify_CA_8333997932633_44492163088473	Shipping Protection	
shopify_CA_8333997932633_44492163121241	Shipping Protection	
shopify_CA_8333997932633_44492163154009	Shipping Protection	
shopify_CA_8333997932633_44492163186777	Shipping Protection	
shopify_CA_8333997932633_44492163219545	Shipping Protection	
shopify_CA_8333997932633_44492163252313	Shipping Protection	
shopify_CA_8333997932633_44492163285081	Shipping Protection	
shopify_CA_8333997932633_44492163317849	Shipping Protection	
shopify_CA_8333997932633_44492163350617	Shipping Protection	
shopify_CA_8333997932633_44492163383385	Shipping Protection	
shopify_CA_8333997932633_44492163416153	Shipping Protection	
shopify_CA_8333997932633_44492163448921	Shipping Protection	
shopify_CA_8333997932633_44492163481689	Shipping Protection	
shopify_CA_8333997932633_44492163514457	Shipping Protection	
shopify_CA_8333997932633_44492163547225	Shipping Protection	
shopify_CA_8333997932633_44492163579993	Shipping Protection	
shopify_CA_8333997932633_44492163612761	Shipping Protection	
shopify_CA_8333997932633_44492163645529	Shipping Protection	
shopify_CA_8333997932633_44492163678297	Shipping Protection	
shopify_CA_8333997932633_44492163711065	Shipping Protection	
shopify_CA_8333997932633_44492163743833	Shipping Protection	
shopify_CA_8333997932633_44492163776601	Shipping Protection	
shopify_CA_8333997932633_44492163809369	Shipping Protection	
shopify_CA_8333997932633_44492163842137	Shipping Protection	
shopify_CA_8333997932633_44492163874905	Shipping Protection	
shopify_CA_8333997932633_44492163907673	Shipping Protection	
shopify_CA_8333997932633_44492163940441	Shipping Protection	
shopify_CA_8333997932633_44492163973209	Shipping Protection	
shopify_CA_8333997932633_44492164005977	Shipping Protection	
shopify_CA_8333997932633_44492164038745	Shipping Protection	
shopify_CA_8333997932633_44492164071513	Shipping Protection	
shopify_CA_8333997932633_44492164104281	Shipping Protection	
shopify_CA_8333997932633_44492164137049	Shipping Protection	
shopify_CA_8333997932633_44492164169817	Shipping Protection	
shopify_CA_8333997932633_44492164202585	Shipping Protection	
shopify_CA_8333997932633_44492164235353	Shipping Protection	
shopify_CA_8333997932633_44492164268121	Shipping Protection	
shopify_CA_8333997932633_44492164300889	Shipping Protection	
shopify_CA_8333997932633_44492164333657	Shipping Protection	
shopify_CA_8333997932633_44492164366425	Shipping Protection	
shopify_CA_8333997932633_44492164399193	Shipping Protection	
shopify_CA_8333997932633_44492166922329	Shipping Protection	
shopify_CA_8333997932633_44492166955097	Shipping Protection	
shopify_CA_8333997932633_44492166987865	Shipping Protection	
shopify_CA_8333997932633_44492167020633	Shipping Protection	
shopify_CA_8333997932633_44492167053401	Shipping Protection	
shopify_CA_8333997932633_44492167086169	Shipping Protection	
shopify_CA_8333997932633_44492167118937	Shipping Protection	
shopify_CA_8333997932633_44492167151705	Shipping Protection	
shopify_CA_8333997932633_44492167184473	Shipping Protection	
shopify_CA_8333997932633_44492167217241	Shipping Protection	
shopify_CA_8333997932633_44492167250009	Shipping Protection	
shopify_CA_8333997932633_44492167282777	Shipping Protection	
shopify_CA_8333997932633_44492167315545	Shipping Protection	
shopify_CA_8333997932633_44492167348313	Shipping Protection	
shopify_CA_8333997932633_44492167381081	Shipping Protection	
shopify_CA_8333997932633_44492167413849	Shipping Protection	
shopify_CA_8333997932633_44492167446617	Shipping Protection	
shopify_CA_8333997932633_44492167479385	Shipping Protection	
shopify_CA_8333997932633_44492167512153	Shipping Protection	
shopify_CA_8333997932633_44492167544921	Shipping Protection	
shopify_CA_8333997932633_44492167577689	Shipping Protection	
shopify_CA_8333997932633_44492167610457	Shipping Protection	
shopify_CA_8333997932633_44492167643225	Shipping Protection	
shopify_CA_8333997932633_44492167675993	Shipping Protection	
shopify_CA_8333997932633_44492167708761	Shipping Protection	
shopify_CA_8333997932633_44492167741529	Shipping Protection	
shopify_CA_8333997932633_44492167774297	Shipping Protection	
shopify_CA_8333997932633_44492167807065	Shipping Protection	
shopify_CA_8333997932633_44492167839833	Shipping Protection	
shopify_CA_8333997932633_44492167872601	Shipping Protection	
shopify_CA_8333997932633_44492167905369	Shipping Protection	
shopify_CA_8333997932633_44492167938137	Shipping Protection	
shopify_CA_8333997932633_44492167970905	Shipping Protection	
shopify_CA_8333997932633_44492168003673	Shipping Protection	
shopify_CA_8333997932633_44492168036441	Shipping Protection	
shopify_CA_8333997932633_44492168069209	Shipping Protection	
shopify_CA_8333997932633_44492168101977	Shipping Protection	
shopify_CA_8333997932633_44492168134745	Shipping Protection	
shopify_CA_8333997932633_44492168167513	Shipping Protection	
shopify_CA_8333997932633_44492168200281	Shipping Protection	
shopify_CA_8333997932633_44492168233049	Shipping Protection	
shopify_CA_8333997932633_44492168265817	Shipping Protection	
shopify_CA_8333997932633_44492168298585	Shipping Protection	
shopify_CA_8333997932633_44492168331353	Shipping Protection	
shopify_CA_8339122487385_44512281690201	Batman the Movie - Signed by Adam West - Framed Print (38" by 28")	
shopify_CA_8342064922713_44519250427993	Bobby Orr Career Jersey Signed The Goal Edition #1 of 4, Autographed, Boston Bruins, NHL, Hockey, Collectible Memorabilia	
shopify_CA_8342065053785_44519250624601	Bobby Orr Career Jersey Signed The Goal Edition #2 of 4, Autographed, Boston Bruins, NHL, Hockey, Collectible Memorabilia	
shopify_CA_8342065152089_44519250755673	Bobby Orr Career Jersey Signed The Goal Edition #3 of 4, Autographed, Boston Bruins, NHL, Hockey, Collectible Memorabilia	
shopify_CA_8342065217625_44519250853977	Bobby Orr Career Jersey Signed The Goal Edition #4 of 4, Autographed, Boston Bruins, NHL, Hockey, Collectible Memorabilia	
shopify_CA_8349627023449_44535997038681	Jean Beliveau Career Jersey #1 of 299 - Limited Edition Autographed NHL Memorabilia (Size L or XL) - Montreal Canadiens	
shopify_CA_8349627088985_44535997104217	Jean Beliveau Career Jersey #299 of 299 - Limited Edition Autographed NHL Memorabilia (Size L or XL) - Montreal Canadiens	
shopify_CA_8384542965849_44884605927513	George Chuvalo Autographed Red Everlast Boxing Glove	
shopify_CA_8390748045401_44934332252249	Darryl Sittler Autographed Replica Hockey Hall of Fame Plaque, Hand Signed	
shopify_CA_8395919720537_44955841790041	Ryan Lewis Ethereal Winter Starry Mountain Lake Painting Print, Signed Limited Edition of 77, Unframed Winter Landscape Wall Art, 22.5 x 18 Inches	
shopify_CA_8395919851609_44955841921113	Ryan Lewis Ethereal Winter Framed Wall Art, Signed Limited Edition of 77, Snowy Mountain and Starry Night Landscape Print, 29.5 x 25.5 Inches	
shopify_CA_8395919917145_44955841986649	Ryan Lewis Ethereal Winter Floating Frame Canvas Print, Starry Mountain Lake Winter Landscape Wall Art, Black Framed, 32 x 26 Inches	
shopify_CA_8395920015449_44955842084953	Ryan Lewis Photo Toronto After Dark, Night Skyline Panoramic Canvas Print, CN Tower and Waterfront Photo in Black Floating Frame, 50 x 18.5 Inches	
shopify_CA_8395920080985_44955842150489	Ryan Lewis City of Gold Toronto Night Skyline Panoramic Canvas Print, Warm Sky CN Tower and Waterfront Photo in Black Floating Frame, 50 x 18.5 Inches	
shopify_CA_9515904630873_47328784679001	Ryan Lewis Toronto After Dark Panoramic Wall Art, Toronto Night Skyline and CN Tower Photograph, Gallery Wrapped Unframed Canvas, 30 x 10 Inches	
shopify_CA_9515904696409_47328784744537	Ryan Lewis City of Gold Panoramic Wall Art, Golden Sunset Toronto Skyline and CN Tower Photograph, Gallery Wrapped Unframed Canvas, 30 x 10 Inches	
shopify_CA_9518707769433_47334878838873	Gavin McKenna Toronto Maple Leafs Fanatics Home Breakaway Jersey - Blue - Not Signed Wearable NHL Hockey Jersey	
shopify_CA_9518707769433_47334878871641	Gavin McKenna Toronto Maple Leafs Fanatics Home Breakaway Jersey - Blue - Not Signed Wearable NHL Hockey Jersey	
shopify_CA_9518707769433_47334878904409	Gavin McKenna Toronto Maple Leafs Fanatics Home Breakaway Jersey - Blue - Not Signed Wearable NHL Hockey Jersey	
shopify_CA_9518707769433_47334878937177	Gavin McKenna Toronto Maple Leafs Fanatics Home Breakaway Jersey - Blue - Not Signed Wearable NHL Hockey Jersey	
shopify_CA_9518831173721_47335324975193	Gavin McKenna Toronto Maple Leafs Fanatics Away Breakaway Jersey - White - Not Signed Wearable NHL Hockey Jersey	
shopify_CA_9518831173721_47335325007961	Gavin McKenna Toronto Maple Leafs Fanatics Away Breakaway Jersey - White - Not Signed Wearable NHL Hockey Jersey	
shopify_CA_9518831173721_47335325040729	Gavin McKenna Toronto Maple Leafs Fanatics Away Breakaway Jersey - White - Not Signed Wearable NHL Hockey Jersey	
shopify_CA_9518831173721_47335325073497	Gavin McKenna Toronto Maple Leafs Fanatics Away Breakaway Jersey - White - Not Signed Wearable NHL Hockey Jersey	
shopify_CA_9518831272025_47335325270105	Gavin McKenna Toronto Maple Leafs Fanatics Away Premium Jersey - White - Not Signed Wearable NHL Hockey Jersey	
shopify_CA_9518831272025_47335325302873	Gavin McKenna Toronto Maple Leafs Fanatics Away Premium Jersey - White - Not Signed Wearable NHL Hockey Jersey	
shopify_CA_9518831272025_47335325335641	Gavin McKenna Toronto Maple Leafs Fanatics Away Premium Jersey - White - Not Signed Wearable NHL Hockey Jersey	
shopify_CA_9518831272025_47335325368409	Gavin McKenna Toronto Maple Leafs Fanatics Away Premium Jersey - White - Not Signed Wearable NHL Hockey Jersey	
shopify_CA_9518831272025_47335325401177	Gavin McKenna Toronto Maple Leafs Fanatics Away Premium Jersey - White - Not Signed Wearable NHL Hockey Jersey	
shopify_CA_9518831370329_47335325499481	Gavin McKenna Toronto Maple Leafs Fanatics Home Premium Jersey - Blue - Not Signed Wearable NHL Hockey Jersey	
shopify_CA_9518831370329_47335325532249	Gavin McKenna Toronto Maple Leafs Fanatics Home Premium Jersey - Blue - Not Signed Wearable NHL Hockey Jersey	
shopify_CA_9518831370329_47335325565017	Gavin McKenna Toronto Maple Leafs Fanatics Home Premium Jersey - Blue - Not Signed Wearable NHL Hockey Jersey	
shopify_CA_9518831370329_47335325597785	Gavin McKenna Toronto Maple Leafs Fanatics Home Premium Jersey - Blue - Not Signed Wearable NHL Hockey Jersey	
shopify_CA_9518831370329_47335325630553	Gavin McKenna Toronto Maple Leafs Fanatics Home Premium Jersey - Blue - Not Signed Wearable NHL Hockey Jersey	
shopify_CA_9518832287833_47335329333337	Macklin Celebrini San Jose Sharks Fanatics Home Breakaway Jersey - Teal - Not Signed Wearable NHL Hockey Jersey	
shopify_CA_9518832287833_47335329366105	Macklin Celebrini San Jose Sharks Fanatics Home Breakaway Jersey - Teal - Not Signed Wearable NHL Hockey Jersey	
shopify_CA_9518832287833_47335329398873	Macklin Celebrini San Jose Sharks Fanatics Home Breakaway Jersey - Teal - Not Signed Wearable NHL Hockey Jersey	
shopify_CA_9518832287833_47335329431641	Macklin Celebrini San Jose Sharks Fanatics Home Breakaway Jersey - Teal - Not Signed Wearable NHL Hockey Jersey	
shopify_CA_9518832418905_47335329595481	Auston Matthews Toronto Maple Leafs Fanatics Home Premier Breakaway Player Jersey - Blue - Not Signed Wearable NHL Hockey Jersey	
shopify_CA_9518832418905_47335329628249	Auston Matthews Toronto Maple Leafs Fanatics Home Premier Breakaway Player Jersey - Blue - Not Signed Wearable NHL Hockey Jersey	
shopify_CA_9518832418905_47335329661017	Auston Matthews Toronto Maple Leafs Fanatics Home Premier Breakaway Player Jersey - Blue - Not Signed Wearable NHL Hockey Jersey	
shopify_CA_9518832418905_47335329693785	Auston Matthews Toronto Maple Leafs Fanatics Home Premier Breakaway Player Jersey - Blue - Not Signed Wearable NHL Hockey Jersey	
shopify_CA_9518832484441_47335329759321	Guy Lafleur Montreal Canadiens Fanatics Premier Breakaway Retired Player Jersey - Red - Not Signed Wearable NHL Hockey Jersey	
shopify_CA_9518832484441_47335329792089	Guy Lafleur Montreal Canadiens Fanatics Premier Breakaway Retired Player Jersey - Red - Not Signed Wearable NHL Hockey Jersey	
shopify_CA_9518832484441_47335329824857	Guy Lafleur Montreal Canadiens Fanatics Premier Breakaway Retired Player Jersey - Red - Not Signed Wearable NHL Hockey Jersey	
shopify_CA_9518832484441_47335329857625	Guy Lafleur Montreal Canadiens Fanatics Premier Breakaway Retired Player Jersey - Red - Not Signed Wearable NHL Hockey Jersey	
shopify_CA_9518832615513_47335329988697	Connor McDavid Edmonton Oilers Fanatics Home Breakaway Jersey - Royal - Not Signed Wearable NHL Hockey Jersey	
shopify_CA_9518832615513_47335330021465	Connor McDavid Edmonton Oilers Fanatics Home Breakaway Jersey - Royal - Not Signed Wearable NHL Hockey Jersey	
shopify_CA_9518832615513_47335330054233	Connor McDavid Edmonton Oilers Fanatics Home Breakaway Jersey - Royal - Not Signed Wearable NHL Hockey Jersey	
shopify_CA_9518832615513_47335330087001	Connor McDavid Edmonton Oilers Fanatics Home Breakaway Jersey - Royal - Not Signed Wearable NHL Hockey Jersey	
shopify_CA_9518832779353_47335330349145	William Nylander Toronto Maple Leafs Fanatics Home Breakaway Jersey - Blue - Not Signed Wearable NHL Hockey Jersey	
shopify_CA_9518832779353_47335330381913	William Nylander Toronto Maple Leafs Fanatics Home Breakaway Jersey - Blue - Not Signed Wearable NHL Hockey Jersey	
shopify_CA_9518832779353_47335330414681	William Nylander Toronto Maple Leafs Fanatics Home Breakaway Jersey - Blue - Not Signed Wearable NHL Hockey Jersey	
shopify_CA_9518832779353_47335330447449	William Nylander Toronto Maple Leafs Fanatics Home Breakaway Jersey - Blue - Not Signed Wearable NHL Hockey Jersey	
shopify_CA_9518832910425_47335330611289	Connor Bedard Chicago Blackhawks Fanatics Home Captains Patch Breakaway Jersey - Red - Not Signed Wearable NHL Hockey Jersey	
shopify_CA_9518832910425_47335330644057	Connor Bedard Chicago Blackhawks Fanatics Home Captains Patch Breakaway Jersey - Red - Not Signed Wearable NHL Hockey Jersey	
shopify_CA_9518832910425_47335330676825	Connor Bedard Chicago Blackhawks Fanatics Home Captains Patch Breakaway Jersey - Red - Not Signed Wearable NHL Hockey Jersey	
shopify_CA_9518832910425_47335330709593	Connor Bedard Chicago Blackhawks Fanatics Home Captains Patch Breakaway Jersey - Red - Not Signed Wearable NHL Hockey Jersey	
shopify_CA_9518833074265_47335330873433	Cole Caufield Montreal Canadiens Fanatics Home Premier Breakaway Player Jersey - Red - Not Signed Wearable NHL Hockey Jersey	
shopify_CA_9518833074265_47335330906201	Cole Caufield Montreal Canadiens Fanatics Home Premier Breakaway Player Jersey - Red - Not Signed Wearable NHL Hockey Jersey	
shopify_CA_9518833074265_47335330938969	Cole Caufield Montreal Canadiens Fanatics Home Premier Breakaway Player Jersey - Red - Not Signed Wearable NHL Hockey Jersey	
shopify_CA_9518833074265_47335330971737	Cole Caufield Montreal Canadiens Fanatics Home Premier Breakaway Player Jersey - Red - Not Signed Wearable NHL Hockey Jersey	
shopify_CA_9518833172569_47335331299417	Lane Hutson Montreal Canadiens Fanatics Home Breakaway Jersey - Red - Not Signed Wearable NHL Hockey Jersey	
shopify_CA_9518833172569_47335331332185	Lane Hutson Montreal Canadiens Fanatics Home Breakaway Jersey - Red - Not Signed Wearable NHL Hockey Jersey	
shopify_CA_9518833172569_47335331364953	Lane Hutson Montreal Canadiens Fanatics Home Breakaway Jersey - Red - Not Signed Wearable NHL Hockey Jersey	
shopify_CA_9518833172569_47335331397721	Lane Hutson Montreal Canadiens Fanatics Home Breakaway Jersey - Red - Not Signed Wearable NHL Hockey Jersey	
shopify_CA_9519734292569_47340310134873	Jakub Dobes Autographed Montreal Canadiens Red Jersey	
shopify_CA_9519734620249_47340310462553	Ivan Demidov Autographed Montreal Canadiens Red Jersey	
